Date,PairID,Composite_Score,Signal,SignalID,DateTimeKey,Confidence,Executed
2024-09-03,1,0.25,BUY,10000,20240903,0.25,True
2024-09-04,1,-0.15000000000000002,SELL,10001,20240904,0.15000000000000002,True
2024-09-05,1,0.25,BUY,10002,20240905,0.25,True
2024-09-06,1,0.25,BUY,10003,20240906,0.25,True
2024-09-09,1,0.25,BUY,10004,20240909,0.25,True
2024-09-10,1,-0.15000000000000002,SELL,10005,20240910,0.15000000000000002,True
2024-09-11,1,-0.15000000000000002,SELL,10006,20240911,0.15000000000000002,True
2024-09-12,1,-0.15000000000000002,SELL,10007,20240912,0.15000000000000002,True
2024-09-13,1,-0.15000000000000002,SELL,10008,20240913,0.15000000000000002,True
2024-09-16,1,-0.15000000000000002,SELL,10009,20240916,0.15000000000000002,True
2024-09-17,1,0.25,BUY,10010,20240917,0.25,True
2024-09-18,1,0.25,BUY,10011,20240918,0.25,True
2024-09-19,1,0.25,BUY,10012,20240919,0.25,True
2024-09-20,1,0.65,STRONG BUY,10013,20240920,0.65,True
2024-09-23,1,0.65,STRONG BUY,10014,20240923,0.65,True
2024-09-24,1,0.65,STRONG BUY,10015,20240924,0.65,True
2024-09-25,1,0.5,STRONG BUY,10016,20240925,0.5,True
2024-09-26,1,0.65,STRONG BUY,10017,20240926,0.65,True
2024-09-27,1,0.65,STRONG BUY,10018,20240927,0.65,True
2024-09-30,1,0.65,STRONG BUY,10019,20240930,0.65,True
2024-10-01,1,0.25,BUY,10020,20241001,0.25,True
2024-10-02,1,-0.15000000000000002,SELL,10021,20241002,0.15000000000000002,True
2024-10-03,1,-0.15000000000000002,SELL,10022,20241003,0.15000000000000002,True
2024-10-04,1,-0.15000000000000002,SELL,10023,20241004,0.15000000000000002,True
2024-10-07,1,-0.15000000000000002,SELL,10024,20241007,0.15000000000000002,True
2024-10-08,1,-0.15000000000000002,SELL,10025,20241008,0.15000000000000002,True
2024-10-09,1,-0.15000000000000002,SELL,10026,20241009,0.15000000000000002,True
2024-10-10,1,-0.45,STRONG SELL,10027,20241010,0.45,True
2024-10-11,1,-0.45,STRONG SELL,10028,20241011,0.45,True
2024-10-14,1,-0.45,STRONG SELL,10029,20241014,0.45,True
2024-10-15,1,-0.45,STRONG SELL,10030,20241015,0.45,True
2024-10-16,1,-0.45,STRONG SELL,10031,20241016,0.45,True
2024-10-17,1,-0.45,STRONG SELL,10032,20241017,0.45,True
2024-10-18,1,-0.45,STRONG SELL,10033,20241018,0.45,True
2024-10-21,1,-0.45,STRONG SELL,10034,20241021,0.45,True
2024-10-22,1,-0.45,STRONG SELL,10035,20241022,0.45,True
2024-10-23,1,-0.45,STRONG SELL,10036,20241023,0.45,True
2024-10-24,1,-0.45,STRONG SELL,10037,20241024,0.45,True
2024-10-25,1,-0.45,STRONG SELL,10038,20241025,0.45,True
2024-10-28,1,-0.45,STRONG SELL,10039,20241028,0.45,True
2024-10-29,1,-0.45,STRONG SELL,10040,20241029,0.45,True
2024-10-30,1,-0.65,STRONG SELL,10041,20241030,0.65,True
2024-10-31,1,-0.25,SELL,10042,20241031,0.25,True
2024-11-01,1,0.15000000000000002,BUY,10043,20241101,0.15000000000000002,True
2024-11-04,1,0.15000000000000002,BUY,10044,20241104,0.15000000000000002,True
2024-11-05,1,0.15000000000000002,BUY,10045,20241105,0.15000000000000002,True
2024-11-06,1,0.15000000000000002,BUY,10046,20241106,0.15000000000000002,True
2024-11-07,1,-0.1,HOLD,10047,20241107,0.1,True
2024-11-08,1,-0.25,SELL,10048,20241108,0.25,True
2024-11-11,1,-0.5,STRONG SELL,10049,20241111,0.5,True
2024-11-12,1,-0.5,STRONG SELL,10050,20241112,0.5,True
2024-11-13,1,-0.5,STRONG SELL,10051,20241113,0.5,True
2024-11-14,1,-0.5,STRONG SELL,10052,20241114,0.5,True
2024-11-15,1,-0.5,STRONG SELL,10053,20241115,0.5,True
2024-11-18,1,-0.45,STRONG SELL,10054,20241118,0.45,True
2024-11-19,1,-0.65,STRONG SELL,10055,20241119,0.65,True
2024-11-20,1,-0.65,STRONG SELL,10056,20241120,0.65,True
2024-11-21,1,-0.45,STRONG SELL,10057,20241121,0.45,True
2024-11-22,1,-0.45,STRONG SELL,10058,20241122,0.45,True
2024-11-25,1,-0.45,STRONG SELL,10059,20241125,0.45,True
2024-11-26,1,-0.45,STRONG SELL,10060,20241126,0.45,True
2024-11-27,1,-0.65,STRONG SELL,10061,20241127,0.65,True
2024-11-28,1,-0.65,STRONG SELL,10062,20241128,0.65,True
2024-11-29,1,-0.25,SELL,10063,20241129,0.25,True
2024-12-02,1,-0.25,SELL,10064,20241202,0.25,True
2024-12-03,1,-0.25,SELL,10065,20241203,0.25,True
2024-12-04,1,-0.25,SELL,10066,20241204,0.25,True
2024-12-05,1,-0.25,SELL,10067,20241205,0.25,True
2024-12-06,1,0.15000000000000002,BUY,10068,20241206,0.15000000000000002,True
2024-12-09,1,0.15000000000000002,BUY,10069,20241209,0.15000000000000002,True
2024-12-10,1,0.15000000000000002,BUY,10070,20241210,0.15000000000000002,True
2024-12-11,1,-0.25,SELL,10071,20241211,0.25,True
2024-12-12,1,-0.25,SELL,10072,20241212,0.25,True
2024-12-13,1,-0.25,SELL,10073,20241213,0.25,True
2024-12-16,1,-0.25,SELL,10074,20241216,0.25,True
2024-12-17,1,-0.25,SELL,10075,20241217,0.25,True
2024-12-18,1,-0.25,SELL,10076,20241218,0.25,True
2024-12-19,1,-0.30000000000000004,SELL,10077,20241219,0.30000000000000004,True
2024-12-20,1,-0.5,STRONG SELL,10078,20241220,0.5,True
2024-12-23,1,-0.65,STRONG SELL,10079,20241223,0.65,True
2024-12-24,1,-0.65,STRONG SELL,10080,20241224,0.65,True
2024-12-25,1,-0.65,STRONG SELL,10081,20241225,0.65,True
2024-12-26,1,-0.45,STRONG SELL,10082,20241226,0.45,True
2024-12-27,1,-0.25,SELL,10083,20241227,0.25,True
2024-12-30,1,-0.25,SELL,10084,20241230,0.25,True
2024-12-31,1,-0.25,SELL,10085,20241231,0.25,True
2025-01-02,1,-0.25,SELL,10086,20250102,0.25,True
2025-01-03,1,-0.5,STRONG SELL,10087,20250103,0.5,True
2025-01-06,1,-0.65,STRONG SELL,10088,20250106,0.65,True
2025-01-07,1,-0.65,STRONG SELL,10089,20250107,0.65,True
2025-01-08,1,-0.25,SELL,10090,20250108,0.25,True
2025-01-09,1,-0.25,SELL,10091,20250109,0.25,True
2025-01-10,1,-0.65,STRONG SELL,10092,20250110,0.65,True
2025-01-13,1,-0.65,STRONG SELL,10093,20250113,0.65,True
2025-01-14,1,-0.65,STRONG SELL,10094,20250114,0.65,True
2025-01-15,1,-0.65,STRONG SELL,10095,20250115,0.65,True
2025-01-16,1,-0.25,SELL,10096,20250116,0.25,True
2025-01-17,1,-0.25,SELL,10097,20250117,0.25,True
2025-01-20,1,-0.25,SELL,10098,20250120,0.25,True
2025-01-21,1,0.15000000000000002,BUY,10099,20250121,0.15000000000000002,True
2025-01-22,1,0.15000000000000002,BUY,10100,20250122,0.15000000000000002,True
2025-01-23,1,0.15000000000000002,BUY,10101,20250123,0.15000000000000002,True
2025-01-24,1,0.15000000000000002,BUY,10102,20250124,0.15000000000000002,True
2025-01-27,1,0.15000000000000002,BUY,10103,20250127,0.15000000000000002,True
2025-01-28,1,0.15000000000000002,BUY,10104,20250128,0.15000000000000002,True
2025-01-29,1,0.15000000000000002,BUY,10105,20250129,0.15000000000000002,True
2025-01-30,1,0.15000000000000002,BUY,10106,20250130,0.15000000000000002,True
2025-01-31,1,0.15000000000000002,BUY,10107,20250131,0.15000000000000002,True
2025-02-03,1,-0.25,SELL,10108,20250203,0.25,True
2025-02-04,1,-0.25,SELL,10109,20250204,0.25,True
2025-02-05,1,0.15000000000000002,BUY,10110,20250205,0.15000000000000002,True
2025-02-06,1,0.15000000000000002,BUY,10111,20250206,0.15000000000000002,True
2025-02-07,1,0.15000000000000002,BUY,10112,20250207,0.15000000000000002,True
2025-02-10,1,-0.65,STRONG SELL,10113,20250210,0.65,True
2025-02-11,1,-0.65,STRONG SELL,10114,20250211,0.65,True
2025-02-12,1,-0.65,STRONG SELL,10115,20250212,0.65,True
2025-02-13,1,0.15000000000000002,BUY,10116,20250213,0.15000000000000002,True
2025-02-14,1,0.15000000000000002,BUY,10117,20250214,0.15000000000000002,True
2025-02-17,1,0.15000000000000002,BUY,10118,20250217,0.15000000000000002,True
2025-02-18,1,0.65,STRONG BUY,10119,20250218,0.65,True
2025-02-19,1,0.65,STRONG BUY,10120,20250219,0.65,True
2025-02-20,1,0.65,STRONG BUY,10121,20250220,0.65,True
2025-02-21,1,0.45,STRONG BUY,10122,20250221,0.45,True
2025-02-24,1,0.65,STRONG BUY,10123,20250224,0.65,True
2025-02-25,1,0.65,STRONG BUY,10124,20250225,0.65,True
2025-02-26,1,0.65,STRONG BUY,10125,20250226,0.65,True
2025-02-27,1,0.65,STRONG BUY,10126,20250227,0.65,True
2025-02-28,1,0.25,BUY,10127,20250228,0.25,True
2025-03-03,1,-0.15000000000000002,SELL,10128,20250303,0.15000000000000002,True
2025-03-04,1,0.65,STRONG BUY,10129,20250304,0.65,True
2025-03-05,1,0.5,STRONG BUY,10130,20250305,0.5,True
2025-03-06,1,0.30000000000000004,BUY,10131,20250306,0.30000000000000004,True
2025-03-07,1,0.5,STRONG BUY,10132,20250307,0.5,True
2025-03-10,1,0.30000000000000004,BUY,10133,20250310,0.30000000000000004,True
2025-03-11,1,0.45,STRONG BUY,10134,20250311,0.45,True
2025-03-12,1,0.30000000000000004,BUY,10135,20250312,0.30000000000000004,True
2025-03-13,1,0.45,STRONG BUY,10136,20250313,0.45,True
2025-03-14,1,0.45,STRONG BUY,10137,20250314,0.45,True
2025-03-17,1,0.45,STRONG BUY,10138,20250317,0.45,True
2025-03-18,1,0.45,STRONG BUY,10139,20250318,0.45,True
2025-03-19,1,0.45,STRONG BUY,10140,20250319,0.45,True
2025-03-20,1,0.45,STRONG BUY,10141,20250320,0.45,True
2025-03-21,1,0.45,STRONG BUY,10142,20250321,0.45,True
2025-03-24,1,0.04999999999999999,HOLD,10143,20250324,0.04999999999999999,True
2025-03-25,1,0.25,BUY,10144,20250325,0.25,True
2025-03-26,1,0.25,BUY,10145,20250326,0.25,True
2025-03-27,1,-0.15000000000000002,SELL,10146,20250327,0.15000000000000002,True
2025-03-28,1,0.25,BUY,10147,20250328,0.25,True
2025-03-31,1,0.25,BUY,10148,20250331,0.25,True
2025-04-01,1,-0.15000000000000002,SELL,10149,20250401,0.15000000000000002,True
2025-04-02,1,-0.15000000000000002,SELL,10150,20250402,0.15000000000000002,True
2025-04-03,1,0.25,BUY,10151,20250403,0.25,True
2025-04-04,1,0.1,HOLD,10152,20250404,0.1,True
2025-04-07,1,0.65,STRONG BUY,10153,20250407,0.65,True
2025-04-08,1,0.25,BUY,10154,20250408,0.25,True
2025-04-09,1,0.65,STRONG BUY,10155,20250409,0.65,True
2025-04-10,1,0.25,BUY,10156,20250410,0.25,True
2025-04-11,1,0.30000000000000004,BUY,10157,20250411,0.30000000000000004,True
2025-04-14,1,0.30000000000000004,BUY,10158,20250414,0.30000000000000004,True
2025-04-15,1,0.30000000000000004,BUY,10159,20250415,0.30000000000000004,True
2025-04-16,1,0.45,STRONG BUY,10160,20250416,0.45,True
2025-04-17,1,0.45,STRONG BUY,10161,20250417,0.45,True
2025-04-22,1,0.30000000000000004,BUY,10162,20250422,0.30000000000000004,True
2025-04-23,1,0.45,STRONG BUY,10163,20250423,0.45,True
2025-04-24,1,0.45,STRONG BUY,10164,20250424,0.45,True
2025-04-25,1,0.65,STRONG BUY,10165,20250425,0.65,True
2025-04-28,1,0.65,STRONG BUY,10166,20250428,0.65,True
2025-04-29,1,0.65,STRONG BUY,10167,20250429,0.65,True
2025-04-30,1,0.45,STRONG BUY,10168,20250430,0.45,True
2025-05-01,1,0.25,BUY,10169,20250501,0.25,True
2025-05-02,1,0.25,BUY,10170,20250502,0.25,True
2025-05-05,1,0.25,BUY,10171,20250505,0.25,True
2025-05-06,1,0.25,BUY,10172,20250506,0.25,True
2025-05-07,1,0.25,BUY,10173,20250507,0.25,True
2025-05-08,1,-0.15000000000000002,SELL,10174,20250508,0.15000000000000002,True
2025-05-09,1,-0.15000000000000002,SELL,10175,20250509,0.15000000000000002,True
2025-05-12,1,0.04999999999999999,HOLD,10176,20250512,0.04999999999999999,True
2025-05-13,1,0.2,BUY,10177,20250513,0.2,True
2025-05-14,1,-0.15000000000000002,SELL,10178,20250514,0.15000000000000002,True
2025-05-15,1,-0.15000000000000002,SELL,10179,20250515,0.15000000000000002,True
2025-05-16,1,-0.15000000000000002,SELL,10180,20250516,0.15000000000000002,True
2025-05-19,1,0.04999999999999999,HOLD,10181,20250519,0.04999999999999999,True
2025-05-20,1,-0.15000000000000002,SELL,10182,20250520,0.15000000000000002,True
2025-05-21,1,0.25,BUY,10183,20250521,0.25,True
2025-05-22,1,0.25,BUY,10184,20250522,0.25,True
2025-05-23,1,0.25,BUY,10185,20250523,0.25,True
2025-05-26,1,0.25,BUY,10186,20250526,0.25,True
2025-05-27,1,0.65,STRONG BUY,10187,20250527,0.65,True
2025-05-28,1,0.65,STRONG BUY,10188,20250528,0.65,True
2025-05-29,1,-0.15000000000000002,SELL,10189,20250529,0.15000000000000002,True
2025-05-30,1,0.65,STRONG BUY,10190,20250530,0.65,True
2025-06-02,1,0.65,STRONG BUY,10191,20250602,0.65,True
2025-06-03,1,0.65,STRONG BUY,10192,20250603,0.65,True
2025-06-04,1,0.65,STRONG BUY,10193,20250604,0.65,True
2025-06-05,1,0.65,STRONG BUY,10194,20250605,0.65,True
2025-06-06,1,0.65,STRONG BUY,10195,20250606,0.65,True
2025-06-09,1,0.65,STRONG BUY,10196,20250609,0.65,True
2025-06-10,1,0.65,STRONG BUY,10197,20250610,0.65,True
2025-06-11,1,0.65,STRONG BUY,10198,20250611,0.65,True
2025-06-12,1,0.65,STRONG BUY,10199,20250612,0.65,True
2025-06-13,1,0.5,STRONG BUY,10200,20250613,0.5,True
2025-06-16,1,0.65,STRONG BUY,10201,20250616,0.65,True
2025-06-17,1,0.65,STRONG BUY,10202,20250617,0.65,True
2025-06-18,1,0.65,STRONG BUY,10203,20250618,0.65,True
2025-06-19,1,0.65,STRONG BUY,10204,20250619,0.65,True
2025-06-20,1,0.25,BUY,10205,20250620,0.25,True
2025-06-23,1,0.25,BUY,10206,20250623,0.25,True
2025-06-24,1,0.65,STRONG BUY,10207,20250624,0.65,True
2025-06-25,1,0.65,STRONG BUY,10208,20250625,0.65,True
2025-06-26,1,0.5,STRONG BUY,10209,20250626,0.5,True
2025-06-27,1,0.45,STRONG BUY,10210,20250627,0.45,True
2025-06-30,1,0.30000000000000004,BUY,10211,20250630,0.30000000000000004,True
2025-07-01,1,0.30000000000000004,BUY,10212,20250701,0.30000000000000004,True
2025-07-02,1,0.45,STRONG BUY,10213,20250702,0.45,True
2025-07-03,1,0.45,STRONG BUY,10214,20250703,0.45,True
2025-07-04,1,0.45,STRONG BUY,10215,20250704,0.45,True
2025-07-07,1,0.45,STRONG BUY,10216,20250707,0.45,True
2025-07-08,1,0.45,STRONG BUY,10217,20250708,0.45,True
2025-07-09,1,0.04999999999999999,HOLD,10218,20250709,0.04999999999999999,True
2025-07-10,1,0.04999999999999999,HOLD,10219,20250710,0.04999999999999999,True
2025-07-11,1,0.04999999999999999,HOLD,10220,20250711,0.04999999999999999,True
2025-07-14,1,0.25,BUY,10221,20250714,0.25,True
2025-07-15,1,-0.15000000000000002,SELL,10222,20250715,0.15000000000000002,True
2025-07-16,1,-0.15000000000000002,SELL,10223,20250716,0.15000000000000002,True
2025-07-17,1,-0.15000000000000002,SELL,10224,20250717,0.15000000000000002,True
2025-07-18,1,-0.15000000000000002,SELL,10225,20250718,0.15000000000000002,True
2025-07-21,1,0.04999999999999999,HOLD,10226,20250721,0.04999999999999999,True
2025-07-22,1,-0.15000000000000002,SELL,10227,20250722,0.15000000000000002,True
2025-07-23,1,0.25,BUY,10228,20250723,0.25,True
2025-07-24,1,0.25,BUY,10229,20250724,0.25,True
2025-07-25,1,0.25,BUY,10230,20250725,0.25,True
2025-07-28,1,0.25,BUY,10231,20250728,0.25,True
2025-07-29,1,-0.15000000000000002,SELL,10232,20250729,0.15000000000000002,True
2025-07-30,1,-2.7755575615628914e-17,HOLD,10233,20250730,2.7755575615628914e-17,True
2025-07-31,1,0.2,BUY,10234,20250731,0.2,True
2025-08-01,1,0.2,BUY,10235,20250801,0.2,True
2025-08-04,1,-0.15000000000000002,SELL,10236,20250804,0.15000000000000002,True
2025-08-05,1,-0.15000000000000002,SELL,10237,20250805,0.15000000000000002,True
2025-08-06,1,-0.15000000000000002,SELL,10238,20250806,0.15000000000000002,True
2025-08-07,1,-0.25,SELL,10239,20250807,0.25,True
2025-08-08,1,-0.25,SELL,10240,20250808,0.25,True
2025-08-11,1,-0.25,SELL,10241,20250811,0.25,True
2025-08-12,1,-0.65,STRONG SELL,10242,20250812,0.65,True
2025-08-13,1,0.15000000000000002,BUY,10243,20250813,0.15000000000000002,True
2025-08-14,1,0.15000000000000002,BUY,10244,20250814,0.15000000000000002,True
2025-08-15,1,0.65,STRONG BUY,10245,20250815,0.65,True
2025-08-18,1,0.65,STRONG BUY,10246,20250818,0.65,True
2025-08-19,1,0.65,STRONG BUY,10247,20250819,0.65,True
2025-08-20,1,0.65,STRONG BUY,10248,20250820,0.65,True
2025-08-21,1,0.65,STRONG BUY,10249,20250821,0.65,True
2025-08-22,1,-0.15000000000000002,SELL,10250,20250822,0.15000000000000002,True
2025-08-25,1,0.65,STRONG BUY,10251,20250825,0.65,True
2025-08-26,1,-0.15000000000000002,SELL,10252,20250826,0.15000000000000002,True
2025-08-27,1,0.25,BUY,10253,20250827,0.25,True
2025-08-28,1,-0.25,SELL,10254,20250828,0.25,True
2025-08-29,1,0.15000000000000002,BUY,10255,20250829,0.15000000000000002,True
2025-09-01,1,0.15000000000000002,BUY,10256,20250901,0.15000000000000002,True
2025-09-02,1,0.15000000000000002,BUY,10257,20250902,0.15000000000000002,True
2025-09-03,1,-0.25,SELL,10258,20250903,0.25,True
2025-09-04,1,-0.65,STRONG SELL,10259,20250904,0.65,True
2025-09-05,1,-0.65,STRONG SELL,10260,20250905,0.65,True
2025-09-08,1,0.15000000000000002,BUY,10261,20250908,0.15000000000000002,True
2025-09-09,1,0.5,STRONG BUY,10262,20250909,0.5,True
2025-09-10,1,0.65,STRONG BUY,10263,20250910,0.65,True
2025-09-11,1,0.65,STRONG BUY,10264,20250911,0.65,True
2025-09-12,1,0.65,STRONG BUY,10265,20250912,0.65,True
2025-09-15,1,0.65,STRONG BUY,10266,20250915,0.65,True
2025-09-16,1,0.65,STRONG BUY,10267,20250916,0.65,True
2025-09-17,1,0.30000000000000004,BUY,10268,20250917,0.30000000000000004,True
2025-09-18,1,0.65,STRONG BUY,10269,20250918,0.65,True
2025-09-19,1,0.65,STRONG BUY,10270,20250919,0.65,True
2025-09-22,1,0.65,STRONG BUY,10271,20250922,0.65,True
2025-09-23,1,0.65,STRONG BUY,10272,20250923,0.65,True
2025-09-24,1,0.65,STRONG BUY,10273,20250924,0.65,True
2025-09-25,1,0.65,STRONG BUY,10274,20250925,0.65,True
2025-09-26,1,-0.15000000000000002,SELL,10275,20250926,0.15000000000000002,True
2025-09-29,1,-0.15000000000000002,SELL,10276,20250929,0.15000000000000002,True
2025-09-30,1,-0.15000000000000002,SELL,10277,20250930,0.15000000000000002,True
2025-10-01,1,-0.15000000000000002,SELL,10278,20251001,0.15000000000000002,True
2025-10-02,1,-0.15000000000000002,SELL,10279,20251002,0.15000000000000002,True
2025-10-03,1,-0.15000000000000002,SELL,10280,20251003,0.15000000000000002,True
2025-10-06,1,-0.15000000000000002,SELL,10281,20251006,0.15000000000000002,True
2025-10-07,1,-0.15000000000000002,SELL,10282,20251007,0.15000000000000002,True
2025-10-08,1,-0.15000000000000002,SELL,10283,20251008,0.15000000000000002,True
2025-10-09,1,-0.15000000000000002,SELL,10284,20251009,0.15000000000000002,True
2025-10-10,1,-0.5,STRONG SELL,10285,20251010,0.5,True
2025-10-13,1,-0.45,STRONG SELL,10286,20251013,0.45,True
2025-10-14,1,-0.45,STRONG SELL,10287,20251014,0.45,True
2025-10-15,1,-0.65,STRONG SELL,10288,20251015,0.65,True
2025-10-16,1,-0.65,STRONG SELL,10289,20251016,0.65,True
2025-10-17,1,-0.25,SELL,10290,20251017,0.25,True
2025-10-20,1,-0.65,STRONG SELL,10291,20251020,0.65,True
2025-10-21,1,-0.65,STRONG SELL,10292,20251021,0.65,True
2025-10-22,1,-0.65,STRONG SELL,10293,20251022,0.65,True
2025-10-23,1,-0.65,STRONG SELL,10294,20251023,0.65,True
2025-10-24,1,-0.65,STRONG SELL,10295,20251024,0.65,True
2025-10-27,1,-0.65,STRONG SELL,10296,20251027,0.65,True
2025-10-28,1,0.15000000000000002,BUY,10297,20251028,0.15000000000000002,True
2025-10-29,1,0.15000000000000002,BUY,10298,20251029,0.15000000000000002,True
2025-10-30,1,-0.25,SELL,10299,20251030,0.25,True
2025-10-31,1,-0.65,STRONG SELL,10300,20251031,0.65,True
2025-11-03,1,-0.5,STRONG SELL,10301,20251103,0.5,True
2025-11-04,1,-0.5,STRONG SELL,10302,20251104,0.5,True
2025-11-05,1,-0.30000000000000004,SELL,10303,20251105,0.30000000000000004,True
2025-11-06,1,-0.45,STRONG SELL,10304,20251106,0.45,True
2025-11-07,1,-0.65,STRONG SELL,10305,20251107,0.65,True
2025-11-10,1,-0.65,STRONG SELL,10306,20251110,0.65,True
2025-11-11,1,-0.65,STRONG SELL,10307,20251111,0.65,True
2025-11-12,1,-0.25,SELL,10308,20251112,0.25,True
2025-11-13,1,0.15000000000000002,BUY,10309,20251113,0.15000000000000002,True
2025-11-14,1,0.15000000000000002,BUY,10310,20251114,0.15000000000000002,True
2025-11-17,1,0.15000000000000002,BUY,10311,20251117,0.15000000000000002,True
2025-11-18,1,0.15000000000000002,BUY,10312,20251118,0.15000000000000002,True
2025-11-19,1,0.15000000000000002,BUY,10313,20251119,0.15000000000000002,True
2025-11-20,1,-0.25,SELL,10314,20251120,0.25,True
2025-11-21,1,-0.25,SELL,10315,20251121,0.25,True
2025-11-24,1,-0.65,STRONG SELL,10316,20251124,0.65,True
2025-11-25,1,-0.65,STRONG SELL,10317,20251125,0.65,True
2025-11-26,1,0.15000000000000002,BUY,10318,20251126,0.15000000000000002,True
2025-11-27,1,0.15000000000000002,BUY,10319,20251127,0.15000000000000002,True
2025-11-28,1,0.15000000000000002,BUY,10320,20251128,0.15000000000000002,True
2025-12-01,1,0.15000000000000002,BUY,10321,20251201,0.15000000000000002,True
2025-12-02,1,0.15000000000000002,BUY,10322,20251202,0.15000000000000002,True
2025-12-03,1,0.15000000000000002,BUY,10323,20251203,0.15000000000000002,True
2025-12-04,1,2.7755575615628914e-17,HOLD,10324,20251204,2.7755575615628914e-17,True
2025-12-05,1,0.15000000000000002,BUY,10325,20251205,0.15000000000000002,True
2025-12-08,1,0.15000000000000002,BUY,10326,20251208,0.15000000000000002,True
2025-12-09,1,0.65,STRONG BUY,10327,20251209,0.65,True
2025-12-10,1,0.65,STRONG BUY,10328,20251210,0.65,True
2025-12-11,1,0.45,STRONG BUY,10329,20251211,0.45,True
2025-12-12,1,0.30000000000000004,BUY,10330,20251212,0.30000000000000004,True
2025-12-15,1,0.45,STRONG BUY,10331,20251215,0.45,True
2025-12-16,1,0.45,STRONG BUY,10332,20251216,0.45,True
2025-12-17,1,0.45,STRONG BUY,10333,20251217,0.45,True
2025-12-18,1,0.45,STRONG BUY,10334,20251218,0.45,True
2025-12-19,1,0.45,STRONG BUY,10335,20251219,0.45,True
2025-12-22,1,0.65,STRONG BUY,10336,20251222,0.65,True
2025-12-23,1,0.45,STRONG BUY,10337,20251223,0.45,True
2025-12-24,1,0.45,STRONG BUY,10338,20251224,0.45,True
2025-12-26,1,0.45,STRONG BUY,10339,20251226,0.45,True
2025-12-29,1,0.45,STRONG BUY,10340,20251229,0.45,True
2025-12-30,1,0.45,STRONG BUY,10341,20251230,0.45,True
2025-12-31,1,0.65,STRONG BUY,10342,20251231,0.65,True
2026-01-02,1,0.25,BUY,10343,20260102,0.25,True
2026-01-05,1,-0.15000000000000002,SELL,10344,20260105,0.15000000000000002,True
2026-01-06,1,-0.15000000000000002,SELL,10345,20260106,0.15000000000000002,True
2026-01-07,1,-0.15000000000000002,SELL,10346,20260107,0.15000000000000002,True
2026-01-08,1,-0.15000000000000002,SELL,10347,20260108,0.15000000000000002,True
2026-01-09,1,-2.7755575615628914e-17,HOLD,10348,20260109,2.7755575615628914e-17,True
2026-01-12,1,-2.7755575615628914e-17,HOLD,10349,20260112,2.7755575615628914e-17,True
2026-01-13,1,-0.15000000000000002,SELL,10350,20260113,0.15000000000000002,True
2026-01-14,1,0.04999999999999999,HOLD,10351,20260114,0.04999999999999999,True
2026-01-15,1,0.04999999999999999,HOLD,10352,20260115,0.04999999999999999,True
2026-01-16,1,0.04999999999999999,HOLD,10353,20260116,0.04999999999999999,True
2026-01-19,1,0.04999999999999999,HOLD,10354,20260119,0.04999999999999999,True
2026-01-20,1,-0.45,STRONG SELL,10355,20260120,0.45,True
2026-01-21,1,-0.25,SELL,10356,20260121,0.25,True
2026-01-22,1,-0.65,STRONG SELL,10357,20260122,0.65,True
2026-01-23,1,0.15000000000000002,BUY,10358,20260123,0.15000000000000002,True
2026-01-26,1,0.5,STRONG BUY,10359,20260126,0.5,True
2026-01-27,1,0.5,STRONG BUY,10360,20260127,0.5,True
2026-01-28,1,0.30000000000000004,BUY,10361,20260128,0.30000000000000004,True
2026-01-29,1,0.30000000000000004,BUY,10362,20260129,0.30000000000000004,True
2026-01-30,1,0.45,STRONG BUY,10363,20260130,0.45,True
2026-02-02,1,0.65,STRONG BUY,10364,20260202,0.65,True
2026-02-03,1,0.65,STRONG BUY,10365,20260203,0.65,True
2026-02-04,1,0.65,STRONG BUY,10366,20260204,0.65,True
2026-02-05,1,0.65,STRONG BUY,10367,20260205,0.65,True
2026-02-06,1,0.25,BUY,10368,20260206,0.25,True
2026-02-09,1,0.25,BUY,10369,20260209,0.25,True
2026-02-10,1,0.25,BUY,10370,20260210,0.25,True
2026-02-11,1,0.65,STRONG BUY,10371,20260211,0.65,True
2026-02-12,1,0.65,STRONG BUY,10372,20260212,0.65,True
2026-02-13,1,0.25,BUY,10373,20260213,0.25,True
2026-02-16,1,0.25,BUY,10374,20260216,0.25,True
2026-02-17,1,0.25,BUY,10375,20260217,0.25,True
2026-02-18,1,-0.15000000000000002,SELL,10376,20260218,0.15000000000000002,True
2026-02-19,1,-0.15000000000000002,SELL,10377,20260219,0.15000000000000002,True
2026-02-20,1,-0.15000000000000002,SELL,10378,20260220,0.15000000000000002,True
2026-02-23,1,-0.15000000000000002,SELL,10379,20260223,0.15000000000000002,True
2026-02-24,1,-0.15000000000000002,SELL,10380,20260224,0.15000000000000002,True
2026-02-25,1,-0.15000000000000002,SELL,10381,20260225,0.15000000000000002,True
2026-02-26,1,-0.15000000000000002,SELL,10382,20260226,0.15000000000000002,True
2026-02-27,1,-0.15000000000000002,SELL,10383,20260227,0.15000000000000002,True
2026-03-02,1,0.04999999999999999,HOLD,10384,20260302,0.04999999999999999,True
2026-03-03,1,0.2,BUY,10385,20260303,0.2,True
2026-03-04,1,-0.30000000000000004,SELL,10386,20260304,0.30000000000000004,True
2026-03-05,1,-0.30000000000000004,SELL,10387,20260305,0.30000000000000004,True
2026-03-06,1,-0.30000000000000004,SELL,10388,20260306,0.30000000000000004,True
2026-03-09,1,-0.30000000000000004,SELL,10389,20260309,0.30000000000000004,True
2026-03-10,1,-0.65,STRONG SELL,10390,20260310,0.65,True
2026-03-11,1,-0.65,STRONG SELL,10391,20260311,0.65,True
2026-03-12,1,-0.65,STRONG SELL,10392,20260312,0.65,True
2026-03-13,1,-0.45,STRONG SELL,10393,20260313,0.45,True
2026-03-16,1,-0.30000000000000004,SELL,10394,20260316,0.30000000000000004,True
2026-03-17,1,-0.65,STRONG SELL,10395,20260317,0.65,True
2026-03-18,1,-0.65,STRONG SELL,10396,20260318,0.65,True
2026-03-19,1,-0.45,STRONG SELL,10397,20260319,0.45,True
2026-03-20,1,-0.65,STRONG SELL,10398,20260320,0.65,True
2026-03-23,1,-0.65,STRONG SELL,10399,20260323,0.65,True
2026-03-24,1,-0.25,SELL,10400,20260324,0.25,True
2026-03-25,1,0.15000000000000002,BUY,10401,20260325,0.15000000000000002,True
2026-03-26,1,-0.25,SELL,10402,20260326,0.25,True
2026-03-27,1,-0.25,SELL,10403,20260327,0.25,True
2026-03-30,1,-0.25,SELL,10404,20260330,0.25,True
2026-03-31,1,-0.25,SELL,10405,20260331,0.25,True
2026-04-01,1,0.15000000000000002,BUY,10406,20260401,0.15000000000000002,True
2026-04-02,1,0.15000000000000002,BUY,10407,20260402,0.15000000000000002,True
2026-04-03,1,-0.25,SELL,10408,20260403,0.25,True
2026-04-06,1,-0.25,SELL,10409,20260406,0.25,True
2026-04-07,1,0.15000000000000002,BUY,10410,20260407,0.15000000000000002,True
2026-04-08,1,2.7755575615628914e-17,HOLD,10411,20260408,2.7755575615628914e-17,True
2026-04-09,1,0.15000000000000002,BUY,10412,20260409,0.15000000000000002,True
2026-04-10,1,0.15000000000000002,BUY,10413,20260410,0.15000000000000002,True
2026-04-13,1,0.15000000000000002,BUY,10414,20260413,0.15000000000000002,True
2026-04-14,1,2.7755575615628914e-17,HOLD,10415,20260414,2.7755575615628914e-17,True
2026-04-15,1,2.7755575615628914e-17,HOLD,10416,20260415,2.7755575615628914e-17,True
2026-04-16,1,-0.04999999999999999,HOLD,10417,20260416,0.04999999999999999,True
2026-04-17,1,0.45,STRONG BUY,10418,20260417,0.45,True
2026-04-20,1,0.45,STRONG BUY,10419,20260420,0.45,True
2026-04-21,1,0.65,STRONG BUY,10420,20260421,0.65,True
2026-04-22,1,0.65,STRONG BUY,10421,20260422,0.65,True
2026-04-23,1,0.65,STRONG BUY,10422,20260423,0.65,True
2026-04-24,1,0.65,STRONG BUY,10423,20260424,0.65,True
2026-04-27,1,0.65,STRONG BUY,10424,20260427,0.65,True
2026-04-28,1,0.25,BUY,10425,20260428,0.25,True
2026-04-29,1,0.25,BUY,10426,20260429,0.25,True
2026-04-30,1,-0.15000000000000002,SELL,10427,20260430,0.15000000000000002,True
2026-05-01,1,0.25,BUY,10428,20260501,0.25,True
2026-05-04,1,0.25,BUY,10429,20260504,0.25,True
2026-05-05,1,-0.15000000000000002,SELL,10430,20260505,0.15000000000000002,True
2026-05-06,1,-0.15000000000000002,SELL,10431,20260506,0.15000000000000002,True
2026-05-07,1,0.25,BUY,10432,20260507,0.25,True
2026-05-08,1,-0.15000000000000002,SELL,10433,20260508,0.15000000000000002,True
2026-05-11,1,0.25,BUY,10434,20260511,0.25,True
2026-05-12,1,0.65,STRONG BUY,10435,20260512,0.65,True
2026-05-13,1,0.25,BUY,10436,20260513,0.25,True
2026-05-14,1,-0.15000000000000002,SELL,10437,20260514,0.15000000000000002,True
2026-05-15,1,-0.15000000000000002,SELL,10438,20260515,0.15000000000000002,True
2026-05-18,1,-2.7755575615628914e-17,HOLD,10439,20260518,2.7755575615628914e-17,True
2026-05-19,1,-0.15000000000000002,SELL,10440,20260519,0.15000000000000002,True
2026-05-20,1,-2.7755575615628914e-17,HOLD,10441,20260520,2.7755575615628914e-17,True
2026-05-21,1,-0.15000000000000002,SELL,10442,20260521,0.15000000000000002,True
2026-05-22,1,-0.15000000000000002,SELL,10443,20260522,0.15000000000000002,True
2026-05-25,1,-0.15000000000000002,SELL,10444,20260525,0.15000000000000002,True
2026-05-26,1,-0.65,STRONG SELL,10445,20260526,0.65,True
2026-05-27,1,-0.65,STRONG SELL,10446,20260527,0.65,True
2026-05-28,1,-0.65,STRONG SELL,10447,20260528,0.65,True
2026-05-29,1,-0.65,STRONG SELL,10448,20260529,0.65,True
2026-06-01,1,-0.65,STRONG SELL,10449,20260601,0.65,True
2026-06-02,1,-0.65,STRONG SELL,10450,20260602,0.65,True
2026-06-03,1,-0.65,STRONG SELL,10451,20260603,0.65,True
2026-06-04,1,-0.65,STRONG SELL,10452,20260604,0.65,True
2026-06-05,1,-0.65,STRONG SELL,10453,20260605,0.65,True
2026-06-08,1,-0.30000000000000004,SELL,10454,20260608,0.30000000000000004,True
2026-06-09,1,-0.5,STRONG SELL,10455,20260609,0.5,True
2026-06-10,1,-0.65,STRONG SELL,10456,20260610,0.65,True
2026-06-11,1,-0.65,STRONG SELL,10457,20260611,0.65,True
2026-06-12,1,-0.65,STRONG SELL,10458,20260612,0.65,True
2026-06-15,1,-0.65,STRONG SELL,10459,20260615,0.65,True
2026-06-16,1,-0.25,SELL,10460,20260616,0.25,True
2026-06-17,1,0.15000000000000002,BUY,10461,20260617,0.15000000000000002,True
2026-06-18,1,-0.45,STRONG SELL,10462,20260618,0.45,True
2026-06-19,1,-0.30000000000000004,SELL,10463,20260619,0.30000000000000004,True
2026-06-22,1,-0.45,STRONG SELL,10464,20260622,0.45,True
2026-06-23,1,-0.30000000000000004,SELL,10465,20260623,0.30000000000000004,True
2026-06-24,1,-0.30000000000000004,SELL,10466,20260624,0.30000000000000004,True
2026-06-25,1,-0.30000000000000004,SELL,10467,20260625,0.30000000000000004,True
2026-06-26,1,-0.65,STRONG SELL,10468,20260626,0.65,True
2024-09-03,2,0.15000000000000002,BUY,20000,20240903,0.15000000000000002,True
2024-09-04,2,-0.25,SELL,20001,20240904,0.25,True
2024-09-05,2,-0.04999999999999999,HOLD,20002,20240905,0.04999999999999999,True
2024-09-06,2,-0.25,SELL,20003,20240906,0.25,True
2024-09-09,2,-0.25,SELL,20004,20240909,0.25,True
2024-09-10,2,-0.25,SELL,20005,20240910,0.25,True
2024-09-11,2,-0.25,SELL,20006,20240911,0.25,True
2024-09-12,2,-0.25,SELL,20007,20240912,0.25,True
2024-09-13,2,-0.25,SELL,20008,20240913,0.25,True
2024-09-16,2,-0.65,STRONG SELL,20009,20240916,0.65,True
2024-09-17,2,-0.65,STRONG SELL,20010,20240917,0.65,True
2024-09-18,2,-0.25,SELL,20011,20240918,0.25,True
2024-09-19,2,-0.25,SELL,20012,20240919,0.25,True
2024-09-20,2,-0.25,SELL,20013,20240920,0.25,True
2024-09-23,2,0.15000000000000002,BUY,20014,20240923,0.15000000000000002,True
2024-09-24,2,0.15000000000000002,BUY,20015,20240924,0.15000000000000002,True
2024-09-25,2,-0.25,SELL,20016,20240925,0.25,True
2024-09-26,2,0.15000000000000002,BUY,20017,20240926,0.15000000000000002,True
2024-09-27,2,0.15000000000000002,BUY,20018,20240927,0.15000000000000002,True
2024-09-30,2,-0.25,SELL,20019,20240930,0.25,True
2024-10-01,2,0.15000000000000002,BUY,20020,20241001,0.15000000000000002,True
2024-10-02,2,0.15000000000000002,BUY,20021,20241002,0.15000000000000002,True
2024-10-03,2,2.7755575615628914e-17,HOLD,20022,20241003,2.7755575615628914e-17,True
2024-10-04,2,-0.2,SELL,20023,20241004,0.2,True
2024-10-07,2,-0.2,SELL,20024,20241007,0.2,True
2024-10-08,2,0.45,STRONG BUY,20025,20241008,0.45,True
2024-10-09,2,0.45,STRONG BUY,20026,20241009,0.45,True
2024-10-10,2,0.45,STRONG BUY,20027,20241010,0.45,True
2024-10-11,2,0.65,STRONG BUY,20028,20241011,0.65,True
2024-10-14,2,0.45,STRONG BUY,20029,20241014,0.45,True
2024-10-15,2,0.45,STRONG BUY,20030,20241015,0.45,True
2024-10-16,2,0.65,STRONG BUY,20031,20241016,0.65,True
2024-10-17,2,0.65,STRONG BUY,20032,20241017,0.65,True
2024-10-18,2,0.45,STRONG BUY,20033,20241018,0.45,True
2024-10-21,2,0.45,STRONG BUY,20034,20241021,0.45,True
2024-10-22,2,0.45,STRONG BUY,20035,20241022,0.45,True
2024-10-23,2,0.45,STRONG BUY,20036,20241023,0.45,True
2024-10-24,2,0.45,STRONG BUY,20037,20241024,0.45,True
2024-10-25,2,0.65,STRONG BUY,20038,20241025,0.65,True
2024-10-28,2,0.45,STRONG BUY,20039,20241028,0.45,True
2024-10-29,2,0.45,STRONG BUY,20040,20241029,0.45,True
2024-10-30,2,0.45,STRONG BUY,20041,20241030,0.45,True
2024-10-31,2,0.45,STRONG BUY,20042,20241031,0.45,True
2024-11-01,2,0.65,STRONG BUY,20043,20241101,0.65,True
2024-11-04,2,0.65,STRONG BUY,20044,20241104,0.65,True
2024-11-05,2,0.25,BUY,20045,20241105,0.25,True
2024-11-06,2,0.25,BUY,20046,20241106,0.25,True
2024-11-07,2,0.25,BUY,20047,20241107,0.25,True
2024-11-08,2,0.25,BUY,20048,20241108,0.25,True
2024-11-11,2,0.25,BUY,20049,20241111,0.25,True
2024-11-12,2,0.25,BUY,20050,20241112,0.25,True
2024-11-13,2,0.25,BUY,20051,20241113,0.25,True
2024-11-14,2,0.65,STRONG BUY,20052,20241114,0.65,True
2024-11-15,2,0.5,STRONG BUY,20053,20241115,0.5,True
2024-11-18,2,0.65,STRONG BUY,20054,20241118,0.65,True
2024-11-19,2,0.25,BUY,20055,20241119,0.25,True
2024-11-20,2,0.25,BUY,20056,20241120,0.25,True
2024-11-21,2,0.25,BUY,20057,20241121,0.25,True
2024-11-22,2,0.25,BUY,20058,20241122,0.25,True
2024-11-25,2,0.25,BUY,20059,20241125,0.25,True
2024-11-26,2,0.25,BUY,20060,20241126,0.25,True
2024-11-27,2,-0.15000000000000002,SELL,20061,20241127,0.15000000000000002,True
2024-11-28,2,-0.15000000000000002,SELL,20062,20241128,0.15000000000000002,True
2024-11-29,2,-0.15000000000000002,SELL,20063,20241129,0.15000000000000002,True
2024-12-02,2,-2.7755575615628914e-17,HOLD,20064,20241202,2.7755575615628914e-17,True
2024-12-03,2,0.2,BUY,20065,20241203,0.2,True
2024-12-04,2,0.04999999999999999,HOLD,20066,20241204,0.04999999999999999,True
2024-12-05,2,0.04999999999999999,HOLD,20067,20241205,0.04999999999999999,True
2024-12-06,2,0.04999999999999999,HOLD,20068,20241206,0.04999999999999999,True
2024-12-09,2,-0.45,STRONG SELL,20069,20241209,0.45,True
2024-12-10,2,-0.65,STRONG SELL,20070,20241210,0.65,True
2024-12-11,2,-0.65,STRONG SELL,20071,20241211,0.65,True
2024-12-12,2,-0.65,STRONG SELL,20072,20241212,0.65,True
2024-12-13,2,-0.25,SELL,20073,20241213,0.25,True
2024-12-16,2,0.15000000000000002,BUY,20074,20241216,0.15000000000000002,True
2024-12-17,2,0.15000000000000002,BUY,20075,20241217,0.15000000000000002,True
2024-12-18,2,0.15000000000000002,BUY,20076,20241218,0.15000000000000002,True
2024-12-19,2,0.65,STRONG BUY,20077,20241219,0.65,True
2024-12-20,2,0.30000000000000004,BUY,20078,20241220,0.30000000000000004,True
2024-12-23,2,0.45,STRONG BUY,20079,20241223,0.45,True
2024-12-24,2,0.45,STRONG BUY,20080,20241224,0.45,True
2024-12-25,2,0.45,STRONG BUY,20081,20241225,0.45,True
2024-12-26,2,0.45,STRONG BUY,20082,20241226,0.45,True
2024-12-27,2,0.45,STRONG BUY,20083,20241227,0.45,True
2024-12-30,2,0.45,STRONG BUY,20084,20241230,0.45,True
2024-12-31,2,0.45,STRONG BUY,20085,20241231,0.45,True
2025-01-02,2,0.45,STRONG BUY,20086,20250102,0.45,True
2025-01-03,2,0.45,STRONG BUY,20087,20250103,0.45,True
2025-01-06,2,0.45,STRONG BUY,20088,20250106,0.45,True
2025-01-07,2,0.65,STRONG BUY,20089,20250107,0.65,True
2025-01-08,2,0.45,STRONG BUY,20090,20250108,0.45,True
2025-01-09,2,0.45,STRONG BUY,20091,20250109,0.45,True
2025-01-10,2,0.65,STRONG BUY,20092,20250110,0.65,True
2025-01-13,2,0.25,BUY,20093,20250113,0.25,True
2025-01-14,2,0.25,BUY,20094,20250114,0.25,True
2025-01-15,2,0.25,BUY,20095,20250115,0.25,True
2025-01-16,2,-0.15000000000000002,SELL,20096,20250116,0.15000000000000002,True
2025-01-17,2,-2.7755575615628914e-17,HOLD,20097,20250117,2.7755575615628914e-17,True
2025-01-20,2,-0.15000000000000002,SELL,20098,20250120,0.15000000000000002,True
2025-01-21,2,-2.7755575615628914e-17,HOLD,20099,20250121,2.7755575615628914e-17,True
2025-01-22,2,-0.15000000000000002,SELL,20100,20250122,0.15000000000000002,True
2025-01-23,2,-0.15000000000000002,SELL,20101,20250123,0.15000000000000002,True
2025-01-24,2,-0.15000000000000002,SELL,20102,20250124,0.15000000000000002,True
2025-01-27,2,-0.15000000000000002,SELL,20103,20250127,0.15000000000000002,True
2025-01-28,2,-0.15000000000000002,SELL,20104,20250128,0.15000000000000002,True
2025-01-29,2,-0.15000000000000002,SELL,20105,20250129,0.15000000000000002,True
2025-01-30,2,-0.15000000000000002,SELL,20106,20250130,0.15000000000000002,True
2025-01-31,2,-0.15000000000000002,SELL,20107,20250131,0.15000000000000002,True
2025-02-03,2,-0.15000000000000002,SELL,20108,20250203,0.15000000000000002,True
2025-02-04,2,-0.15000000000000002,SELL,20109,20250204,0.15000000000000002,True
2025-02-05,2,-0.15000000000000002,SELL,20110,20250205,0.15000000000000002,True
2025-02-06,2,-0.5,STRONG SELL,20111,20250206,0.5,True
2025-02-07,2,-0.30000000000000004,SELL,20112,20250207,0.30000000000000004,True
2025-02-10,2,-0.65,STRONG SELL,20113,20250210,0.65,True
2025-02-11,2,-0.65,STRONG SELL,20114,20250211,0.65,True
2025-02-12,2,-0.65,STRONG SELL,20115,20250212,0.65,True
2025-02-13,2,-0.65,STRONG SELL,20116,20250213,0.65,True
2025-02-14,2,-0.65,STRONG SELL,20117,20250214,0.65,True
2025-02-17,2,-0.65,STRONG SELL,20118,20250217,0.65,True
2025-02-18,2,-0.65,STRONG SELL,20119,20250218,0.65,True
2025-02-19,2,-0.65,STRONG SELL,20120,20250219,0.65,True
2025-02-20,2,-0.65,STRONG SELL,20121,20250220,0.65,True
2025-02-21,2,-0.30000000000000004,SELL,20122,20250221,0.30000000000000004,True
2025-02-24,2,-0.45,STRONG SELL,20123,20250224,0.45,True
2025-02-25,2,-0.65,STRONG SELL,20124,20250225,0.65,True
2025-02-26,2,-0.65,STRONG SELL,20125,20250226,0.65,True
2025-02-27,2,-0.65,STRONG SELL,20126,20250227,0.65,True
2025-02-28,2,-0.65,STRONG SELL,20127,20250228,0.65,True
2025-03-03,2,-0.65,STRONG SELL,20128,20250303,0.65,True
2025-03-04,2,-0.65,STRONG SELL,20129,20250304,0.65,True
2025-03-05,2,-0.25,SELL,20130,20250305,0.25,True
2025-03-06,2,-0.65,STRONG SELL,20131,20250306,0.65,True
2025-03-07,2,-0.65,STRONG SELL,20132,20250307,0.65,True
2025-03-10,2,-0.65,STRONG SELL,20133,20250310,0.65,True
2025-03-11,2,-0.45,STRONG SELL,20134,20250311,0.45,True
2025-03-12,2,-0.65,STRONG SELL,20135,20250312,0.65,True
2025-03-13,2,-0.65,STRONG SELL,20136,20250313,0.65,True
2025-03-14,2,-0.25,SELL,20137,20250314,0.25,True
2025-03-17,2,-0.25,SELL,20138,20250317,0.25,True
2025-03-18,2,0.15000000000000002,BUY,20139,20250318,0.15000000000000002,True
2025-03-19,2,0.15000000000000002,BUY,20140,20250319,0.15000000000000002,True
2025-03-20,2,-0.25,SELL,20141,20250320,0.25,True
2025-03-21,2,-0.25,SELL,20142,20250321,0.25,True
2025-03-24,2,0.15000000000000002,BUY,20143,20250324,0.15000000000000002,True
2025-03-25,2,0.15000000000000002,BUY,20144,20250325,0.15000000000000002,True
2025-03-26,2,0.15000000000000002,BUY,20145,20250326,0.15000000000000002,True
2025-03-27,2,0.15000000000000002,BUY,20146,20250327,0.15000000000000002,True
2025-03-28,2,0.15000000000000002,BUY,20147,20250328,0.15000000000000002,True
2025-03-31,2,0.15000000000000002,BUY,20148,20250331,0.15000000000000002,True
2025-04-01,2,0.15000000000000002,BUY,20149,20250401,0.15000000000000002,True
2025-04-02,2,0.15000000000000002,BUY,20150,20250402,0.15000000000000002,True
2025-04-03,2,-0.25,SELL,20151,20250403,0.25,True
2025-04-04,2,-0.5,STRONG SELL,20152,20250404,0.5,True
2025-04-07,2,-0.5,STRONG SELL,20153,20250407,0.5,True
2025-04-08,2,-0.65,STRONG SELL,20154,20250408,0.65,True
2025-04-09,2,-0.65,STRONG SELL,20155,20250409,0.65,True
2025-04-10,2,-0.65,STRONG SELL,20156,20250410,0.65,True
2025-04-11,2,-0.5,STRONG SELL,20157,20250411,0.5,True
2025-04-14,2,-0.30000000000000004,SELL,20158,20250414,0.30000000000000004,True
2025-04-15,2,-0.65,STRONG SELL,20159,20250415,0.65,True
2025-04-16,2,-0.45,STRONG SELL,20160,20250416,0.45,True
2025-04-17,2,-0.45,STRONG SELL,20161,20250417,0.45,True
2025-04-22,2,-0.45,STRONG SELL,20162,20250422,0.45,True
2025-04-23,2,-0.65,STRONG SELL,20163,20250423,0.65,True
2025-04-24,2,-0.65,STRONG SELL,20164,20250424,0.65,True
2025-04-25,2,-0.65,STRONG SELL,20165,20250425,0.65,True
2025-04-28,2,-0.65,STRONG SELL,20166,20250428,0.65,True
2025-04-29,2,-0.65,STRONG SELL,20167,20250429,0.65,True
2025-04-30,2,-0.65,STRONG SELL,20168,20250430,0.65,True
2025-05-01,2,-0.25,SELL,20169,20250501,0.25,True
2025-05-02,2,0.15000000000000002,BUY,20170,20250502,0.15000000000000002,True
2025-05-05,2,0.15000000000000002,BUY,20171,20250505,0.15000000000000002,True
2025-05-06,2,-0.25,SELL,20172,20250506,0.25,True
2025-05-07,2,-0.25,SELL,20173,20250507,0.25,True
2025-05-08,2,0.15000000000000002,BUY,20174,20250508,0.15000000000000002,True
2025-05-09,2,0.15000000000000002,BUY,20175,20250509,0.15000000000000002,True
2025-05-12,2,0.15000000000000002,BUY,20176,20250512,0.15000000000000002,True
2025-05-13,2,2.7755575615628914e-17,HOLD,20177,20250513,2.7755575615628914e-17,True
2025-05-14,2,0.15000000000000002,BUY,20178,20250514,0.15000000000000002,True
2025-05-15,2,0.15000000000000002,BUY,20179,20250515,0.15000000000000002,True
2025-05-16,2,0.15000000000000002,BUY,20180,20250516,0.15000000000000002,True
2025-05-19,2,0.15000000000000002,BUY,20181,20250519,0.15000000000000002,True
2025-05-20,2,0.15000000000000002,BUY,20182,20250520,0.15000000000000002,True
2025-05-21,2,-0.25,SELL,20183,20250521,0.25,True
2025-05-22,2,-0.25,SELL,20184,20250522,0.25,True
2025-05-23,2,-0.65,STRONG SELL,20185,20250523,0.65,True
2025-05-26,2,-0.65,STRONG SELL,20186,20250526,0.65,True
2025-05-27,2,-0.65,STRONG SELL,20187,20250527,0.65,True
2025-05-28,2,-0.65,STRONG SELL,20188,20250528,0.65,True
2025-05-29,2,0.15000000000000002,BUY,20189,20250529,0.15000000000000002,True
2025-05-30,2,-0.65,STRONG SELL,20190,20250530,0.65,True
2025-06-02,2,-0.45,STRONG SELL,20191,20250602,0.45,True
2025-06-03,2,-0.45,STRONG SELL,20192,20250603,0.45,True
2025-06-04,2,-0.65,STRONG SELL,20193,20250604,0.65,True
2025-06-05,2,-0.65,STRONG SELL,20194,20250605,0.65,True
2025-06-06,2,-0.65,STRONG SELL,20195,20250606,0.65,True
2025-06-09,2,0.15000000000000002,BUY,20196,20250609,0.15000000000000002,True
2025-06-10,2,0.15000000000000002,BUY,20197,20250610,0.15000000000000002,True
2025-06-11,2,0.15000000000000002,BUY,20198,20250611,0.15000000000000002,True
2025-06-12,2,0.15000000000000002,BUY,20199,20250612,0.15000000000000002,True
2025-06-13,2,-0.25,SELL,20200,20250613,0.25,True
2025-06-16,2,0.15000000000000002,BUY,20201,20250616,0.15000000000000002,True
2025-06-17,2,0.15000000000000002,BUY,20202,20250617,0.15000000000000002,True
2025-06-18,2,0.15000000000000002,BUY,20203,20250618,0.15000000000000002,True
2025-06-19,2,0.65,STRONG BUY,20204,20250619,0.65,True
2025-06-20,2,0.65,STRONG BUY,20205,20250620,0.65,True
2025-06-23,2,0.65,STRONG BUY,20206,20250623,0.65,True
2025-06-24,2,0.65,STRONG BUY,20207,20250624,0.65,True
2025-06-25,2,0.65,STRONG BUY,20208,20250625,0.65,True
2025-06-26,2,0.65,STRONG BUY,20209,20250626,0.65,True
2025-06-27,2,0.65,STRONG BUY,20210,20250627,0.65,True
2025-06-30,2,0.65,STRONG BUY,20211,20250630,0.65,True
2025-07-01,2,-0.15000000000000002,SELL,20212,20250701,0.15000000000000002,True
2025-07-02,2,-0.15000000000000002,SELL,20213,20250702,0.15000000000000002,True
2025-07-03,2,-0.15000000000000002,SELL,20214,20250703,0.15000000000000002,True
2025-07-04,2,0.25,BUY,20215,20250704,0.25,True
2025-07-07,2,-0.15000000000000002,SELL,20216,20250707,0.15000000000000002,True
2025-07-08,2,0.15000000000000002,BUY,20217,20250708,0.15000000000000002,True
2025-07-09,2,0.5,STRONG BUY,20218,20250709,0.5,True
2025-07-10,2,0.65,STRONG BUY,20219,20250710,0.65,True
2025-07-11,2,0.65,STRONG BUY,20220,20250711,0.65,True
2025-07-14,2,0.65,STRONG BUY,20221,20250714,0.65,True
2025-07-15,2,0.5,STRONG BUY,20222,20250715,0.5,True
2025-07-16,2,0.30000000000000004,BUY,20223,20250716,0.30000000000000004,True
2025-07-17,2,0.65,STRONG BUY,20224,20250717,0.65,True
2025-07-18,2,0.45,STRONG BUY,20225,20250718,0.45,True
2025-07-21,2,0.45,STRONG BUY,20226,20250721,0.45,True
2025-07-22,2,0.45,STRONG BUY,20227,20250722,0.45,True
2025-07-23,2,0.65,STRONG BUY,20228,20250723,0.65,True
2025-07-24,2,0.25,BUY,20229,20250724,0.25,True
2025-07-25,2,0.25,BUY,20230,20250725,0.25,True
2025-07-28,2,0.25,BUY,20231,20250728,0.25,True
2025-07-29,2,0.65,STRONG BUY,20232,20250729,0.65,True
2025-07-30,2,0.65,STRONG BUY,20233,20250730,0.65,True
2025-07-31,2,0.65,STRONG BUY,20234,20250731,0.65,True
2025-08-01,2,0.5,STRONG BUY,20235,20250801,0.5,True
2025-08-04,2,0.25,BUY,20236,20250804,0.25,True
2025-08-05,2,-0.15000000000000002,SELL,20237,20250805,0.15000000000000002,True
2025-08-06,2,-0.15000000000000002,SELL,20238,20250806,0.15000000000000002,True
2025-08-07,2,-0.15000000000000002,SELL,20239,20250807,0.15000000000000002,True
2025-08-08,2,-0.15000000000000002,SELL,20240,20250808,0.15000000000000002,True
2025-08-11,2,-0.15000000000000002,SELL,20241,20250811,0.15000000000000002,True
2025-08-12,2,0.25,BUY,20242,20250812,0.25,True
2025-08-13,2,-0.15000000000000002,SELL,20243,20250813,0.15000000000000002,True
2025-08-14,2,-0.15000000000000002,SELL,20244,20250814,0.15000000000000002,True
2025-08-15,2,-0.15000000000000002,SELL,20245,20250815,0.15000000000000002,True
2025-08-18,2,-0.15000000000000002,SELL,20246,20250818,0.15000000000000002,True
2025-08-19,2,0.25,BUY,20247,20250819,0.25,True
2025-08-20,2,-0.15000000000000002,SELL,20248,20250820,0.15000000000000002,True
2025-08-21,2,-0.15000000000000002,SELL,20249,20250821,0.15000000000000002,True
2025-08-22,2,0.25,BUY,20250,20250822,0.25,True
2025-08-25,2,-0.15000000000000002,SELL,20251,20250825,0.15000000000000002,True
2025-08-26,2,0.25,BUY,20252,20250826,0.25,True
2025-08-27,2,-0.15000000000000002,SELL,20253,20250827,0.15000000000000002,True
2025-08-28,2,-0.15000000000000002,SELL,20254,20250828,0.15000000000000002,True
2025-08-29,2,-0.15000000000000002,SELL,20255,20250829,0.15000000000000002,True
2025-09-01,2,-0.15000000000000002,SELL,20256,20250901,0.15000000000000002,True
2025-09-02,2,-0.15000000000000002,SELL,20257,20250902,0.15000000000000002,True
2025-09-03,2,0.1,HOLD,20258,20250903,0.1,True
2025-09-04,2,0.65,STRONG BUY,20259,20250904,0.65,True
2025-09-05,2,0.65,STRONG BUY,20260,20250905,0.65,True
2025-09-08,2,0.65,STRONG BUY,20261,20250908,0.65,True
2025-09-09,2,0.25,BUY,20262,20250909,0.25,True
2025-09-10,2,-0.15000000000000002,SELL,20263,20250910,0.15000000000000002,True
2025-09-11,2,-0.15000000000000002,SELL,20264,20250911,0.15000000000000002,True
2025-09-12,2,-0.15000000000000002,SELL,20265,20250912,0.15000000000000002,True
2025-09-15,2,0.25,BUY,20266,20250915,0.25,True
2025-09-16,2,-0.15000000000000002,SELL,20267,20250916,0.15000000000000002,True
2025-09-17,2,-0.65,STRONG SELL,20268,20250917,0.65,True
2025-09-18,2,-0.65,STRONG SELL,20269,20250918,0.65,True
2025-09-19,2,-0.25,SELL,20270,20250919,0.25,True
2025-09-22,2,0.15000000000000002,BUY,20271,20250922,0.15000000000000002,True
2025-09-23,2,0.15000000000000002,BUY,20272,20250923,0.15000000000000002,True
2025-09-24,2,0.15000000000000002,BUY,20273,20250924,0.15000000000000002,True
2025-09-25,2,0.15000000000000002,BUY,20274,20250925,0.15000000000000002,True
2025-09-26,2,0.5,STRONG BUY,20275,20250926,0.5,True
2025-09-29,2,0.65,STRONG BUY,20276,20250929,0.65,True
2025-09-30,2,0.65,STRONG BUY,20277,20250930,0.65,True
2025-10-01,2,0.65,STRONG BUY,20278,20251001,0.65,True
2025-10-02,2,-0.15000000000000002,SELL,20279,20251002,0.15000000000000002,True
2025-10-03,2,-0.15000000000000002,SELL,20280,20251003,0.15000000000000002,True
2025-10-06,2,0.65,STRONG BUY,20281,20251006,0.65,True
2025-10-07,2,0.5,STRONG BUY,20282,20251007,0.5,True
2025-10-08,2,0.30000000000000004,BUY,20283,20251008,0.30000000000000004,True
2025-10-09,2,0.30000000000000004,BUY,20284,20251009,0.30000000000000004,True
2025-10-10,2,0.30000000000000004,BUY,20285,20251010,0.30000000000000004,True
2025-10-13,2,0.65,STRONG BUY,20286,20251013,0.65,True
2025-10-14,2,0.65,STRONG BUY,20287,20251014,0.65,True
2025-10-15,2,0.65,STRONG BUY,20288,20251015,0.65,True
2025-10-16,2,0.65,STRONG BUY,20289,20251016,0.65,True
2025-10-17,2,0.65,STRONG BUY,20290,20251017,0.65,True
2025-10-20,2,0.25,BUY,20291,20251020,0.25,True
2025-10-21,2,0.25,BUY,20292,20251021,0.25,True
2025-10-22,2,0.04999999999999999,HOLD,20293,20251022,0.04999999999999999,True
2025-10-23,2,0.04999999999999999,HOLD,20294,20251023,0.04999999999999999,True
2025-10-24,2,0.65,STRONG BUY,20295,20251024,0.65,True
2025-10-27,2,0.65,STRONG BUY,20296,20251027,0.65,True
2025-10-28,2,0.65,STRONG BUY,20297,20251028,0.65,True
2025-10-29,2,0.25,BUY,20298,20251029,0.25,True
2025-10-30,2,0.25,BUY,20299,20251030,0.25,True
2025-10-31,2,0.65,STRONG BUY,20300,20251031,0.65,True
2025-11-03,2,0.65,STRONG BUY,20301,20251103,0.65,True
2025-11-04,2,0.65,STRONG BUY,20302,20251104,0.65,True
2025-11-05,2,0.65,STRONG BUY,20303,20251105,0.65,True
2025-11-06,2,0.45,STRONG BUY,20304,20251106,0.45,True
2025-11-07,2,0.25,BUY,20305,20251107,0.25,True
2025-11-10,2,0.25,BUY,20306,20251110,0.25,True
2025-11-11,2,0.25,BUY,20307,20251111,0.25,True
2025-11-12,2,0.25,BUY,20308,20251112,0.25,True
2025-11-13,2,0.25,BUY,20309,20251113,0.25,True
2025-11-14,2,0.25,BUY,20310,20251114,0.25,True
2025-11-17,2,0.25,BUY,20311,20251117,0.25,True
2025-11-18,2,0.45,STRONG BUY,20312,20251118,0.45,True
2025-11-19,2,0.45,STRONG BUY,20313,20251119,0.45,True
2025-11-20,2,0.30000000000000004,BUY,20314,20251120,0.30000000000000004,True
2025-11-21,2,0.30000000000000004,BUY,20315,20251121,0.30000000000000004,True
2025-11-24,2,0.65,STRONG BUY,20316,20251124,0.65,True
2025-11-25,2,0.45,STRONG BUY,20317,20251125,0.45,True
2025-11-26,2,0.65,STRONG BUY,20318,20251126,0.65,True
2025-11-27,2,0.45,STRONG BUY,20319,20251127,0.45,True
2025-11-28,2,0.04999999999999999,HOLD,20320,20251128,0.04999999999999999,True
2025-12-01,2,0.25,BUY,20321,20251201,0.25,True
2025-12-02,2,0.25,BUY,20322,20251202,0.25,True
2025-12-03,2,0.25,BUY,20323,20251203,0.25,True
2025-12-04,2,-0.15000000000000002,SELL,20324,20251204,0.15000000000000002,True
2025-12-05,2,-0.15000000000000002,SELL,20325,20251205,0.15000000000000002,True
2025-12-08,2,-0.15000000000000002,SELL,20326,20251208,0.15000000000000002,True
2025-12-09,2,0.25,BUY,20327,20251209,0.25,True
2025-12-10,2,0.25,BUY,20328,20251210,0.25,True
2025-12-11,2,-0.15000000000000002,SELL,20329,20251211,0.15000000000000002,True
2025-12-12,2,-0.15000000000000002,SELL,20330,20251212,0.15000000000000002,True
2025-12-15,2,-0.15000000000000002,SELL,20331,20251215,0.15000000000000002,True
2025-12-16,2,-0.15000000000000002,SELL,20332,20251216,0.15000000000000002,True
2025-12-17,2,-0.15000000000000002,SELL,20333,20251217,0.15000000000000002,True
2025-12-18,2,-0.15000000000000002,SELL,20334,20251218,0.15000000000000002,True
2025-12-19,2,-0.15000000000000002,SELL,20335,20251219,0.15000000000000002,True
2025-12-22,2,0.1,HOLD,20336,20251222,0.1,True
2025-12-23,2,0.65,STRONG BUY,20337,20251223,0.65,True
2025-12-24,2,0.25,BUY,20338,20251224,0.25,True
2025-12-26,2,0.25,BUY,20339,20251226,0.25,True
2025-12-29,2,0.25,BUY,20340,20251229,0.25,True
2025-12-30,2,0.25,BUY,20341,20251230,0.25,True
2025-12-31,2,0.25,BUY,20342,20251231,0.25,True
2026-01-02,2,0.25,BUY,20343,20260102,0.25,True
2026-01-05,2,0.65,STRONG BUY,20344,20260105,0.65,True
2026-01-06,2,0.25,BUY,20345,20260106,0.25,True
2026-01-07,2,0.25,BUY,20346,20260107,0.25,True
2026-01-08,2,0.25,BUY,20347,20260108,0.25,True
2026-01-09,2,0.25,BUY,20348,20260109,0.25,True
2026-01-12,2,0.5,STRONG BUY,20349,20260112,0.5,True
2026-01-13,2,0.65,STRONG BUY,20350,20260113,0.65,True
2026-01-14,2,0.5,STRONG BUY,20351,20260114,0.5,True
2026-01-15,2,0.65,STRONG BUY,20352,20260115,0.65,True
2026-01-16,2,0.45,STRONG BUY,20353,20260116,0.45,True
2026-01-19,2,0.65,STRONG BUY,20354,20260119,0.65,True
2026-01-20,2,0.65,STRONG BUY,20355,20260120,0.65,True
2026-01-21,2,0.65,STRONG BUY,20356,20260121,0.65,True
2026-01-22,2,0.65,STRONG BUY,20357,20260122,0.65,True
2026-01-23,2,0.65,STRONG BUY,20358,20260123,0.65,True
2026-01-26,2,-2.7755575615628914e-17,HOLD,20359,20260126,2.7755575615628914e-17,True
2026-01-27,2,-2.7755575615628914e-17,HOLD,20360,20260127,2.7755575615628914e-17,True
2026-01-28,2,-2.7755575615628914e-17,HOLD,20361,20260128,2.7755575615628914e-17,True
2026-01-29,2,-2.7755575615628914e-17,HOLD,20362,20260129,2.7755575615628914e-17,True
2026-01-30,2,-0.45,STRONG SELL,20363,20260130,0.45,True
2026-02-02,2,-0.65,STRONG SELL,20364,20260202,0.65,True
2026-02-03,2,-0.65,STRONG SELL,20365,20260203,0.65,True
2026-02-04,2,-0.65,STRONG SELL,20366,20260204,0.65,True
2026-02-05,2,-0.25,SELL,20367,20260205,0.25,True
2026-02-06,2,0.15000000000000002,BUY,20368,20260206,0.15000000000000002,True
2026-02-09,2,0.15000000000000002,BUY,20369,20260209,0.15000000000000002,True
2026-02-10,2,-0.25,SELL,20370,20260210,0.25,True
2026-02-11,2,-0.65,STRONG SELL,20371,20260211,0.65,True
2026-02-12,2,-0.65,STRONG SELL,20372,20260212,0.65,True
2026-02-13,2,-0.65,STRONG SELL,20373,20260213,0.65,True
2026-02-16,2,-0.65,STRONG SELL,20374,20260216,0.65,True
2026-02-17,2,-0.65,STRONG SELL,20375,20260217,0.65,True
2026-02-18,2,-0.65,STRONG SELL,20376,20260218,0.65,True
2026-02-19,2,-0.65,STRONG SELL,20377,20260219,0.65,True
2026-02-20,2,-0.25,SELL,20378,20260220,0.25,True
2026-02-23,2,-0.25,SELL,20379,20260223,0.25,True
2026-02-24,2,0.15000000000000002,BUY,20380,20260224,0.15000000000000002,True
2026-02-25,2,0.15000000000000002,BUY,20381,20260225,0.15000000000000002,True
2026-02-26,2,0.15000000000000002,BUY,20382,20260226,0.15000000000000002,True
2026-02-27,2,0.15000000000000002,BUY,20383,20260227,0.15000000000000002,True
2026-03-02,2,0.15000000000000002,BUY,20384,20260302,0.15000000000000002,True
2026-03-03,2,0.15000000000000002,BUY,20385,20260303,0.15000000000000002,True
2026-03-04,2,-0.04999999999999999,HOLD,20386,20260304,0.04999999999999999,True
2026-03-05,2,0.45,STRONG BUY,20387,20260305,0.45,True
2026-03-06,2,0.45,STRONG BUY,20388,20260306,0.45,True
2026-03-09,2,0.45,STRONG BUY,20389,20260309,0.45,True
2026-03-10,2,0.45,STRONG BUY,20390,20260310,0.45,True
2026-03-11,2,0.45,STRONG BUY,20391,20260311,0.45,True
2026-03-12,2,0.45,STRONG BUY,20392,20260312,0.45,True
2026-03-13,2,0.45,STRONG BUY,20393,20260313,0.45,True
2026-03-16,2,0.45,STRONG BUY,20394,20260316,0.45,True
2026-03-17,2,0.45,STRONG BUY,20395,20260317,0.45,True
2026-03-18,2,0.65,STRONG BUY,20396,20260318,0.65,True
2026-03-19,2,0.45,STRONG BUY,20397,20260319,0.45,True
2026-03-20,2,0.65,STRONG BUY,20398,20260320,0.65,True
2026-03-23,2,0.65,STRONG BUY,20399,20260323,0.65,True
2026-03-24,2,0.25,BUY,20400,20260324,0.25,True
2026-03-25,2,0.25,BUY,20401,20260325,0.25,True
2026-03-26,2,0.25,BUY,20402,20260326,0.25,True
2026-03-27,2,0.25,BUY,20403,20260327,0.25,True
2026-03-30,2,0.65,STRONG BUY,20404,20260330,0.65,True
2026-03-31,2,0.65,STRONG BUY,20405,20260331,0.65,True
2026-04-01,2,-0.15000000000000002,SELL,20406,20260401,0.15000000000000002,True
2026-04-02,2,-0.15000000000000002,SELL,20407,20260402,0.15000000000000002,True
2026-04-03,2,0.25,BUY,20408,20260403,0.25,True
2026-04-06,2,0.25,BUY,20409,20260406,0.25,True
2026-04-07,2,0.25,BUY,20410,20260407,0.25,True
2026-04-08,2,-0.15000000000000002,SELL,20411,20260408,0.15000000000000002,True
2026-04-09,2,-0.15000000000000002,SELL,20412,20260409,0.15000000000000002,True
2026-04-10,2,-0.15000000000000002,SELL,20413,20260410,0.15000000000000002,True
2026-04-13,2,0.25,BUY,20414,20260413,0.25,True
2026-04-14,2,0.25,BUY,20415,20260414,0.25,True
2026-04-15,2,-0.15000000000000002,SELL,20416,20260415,0.15000000000000002,True
2026-04-16,2,-0.15000000000000002,SELL,20417,20260416,0.15000000000000002,True
2026-04-17,2,-0.15000000000000002,SELL,20418,20260417,0.15000000000000002,True
2026-04-20,2,-0.15000000000000002,SELL,20419,20260420,0.15000000000000002,True
2026-04-21,2,-0.15000000000000002,SELL,20420,20260421,0.15000000000000002,True
2026-04-22,2,0.25,BUY,20421,20260422,0.25,True
2026-04-23,2,0.25,BUY,20422,20260423,0.25,True
2026-04-24,2,0.25,BUY,20423,20260424,0.25,True
2026-04-27,2,0.25,BUY,20424,20260427,0.25,True
2026-04-28,2,0.25,BUY,20425,20260428,0.25,True
2026-04-29,2,0.25,BUY,20426,20260429,0.25,True
2026-04-30,2,0.5,STRONG BUY,20427,20260430,0.5,True
2026-05-01,2,-2.7755575615628914e-17,HOLD,20428,20260501,2.7755575615628914e-17,True
2026-05-04,2,-2.7755575615628914e-17,HOLD,20429,20260504,2.7755575615628914e-17,True
2026-05-05,2,-0.15000000000000002,SELL,20430,20260505,0.15000000000000002,True
2026-05-06,2,-0.65,STRONG SELL,20431,20260506,0.65,True
2026-05-07,2,-0.5,STRONG SELL,20432,20260507,0.5,True
2026-05-08,2,-0.65,STRONG SELL,20433,20260508,0.65,True
2026-05-11,2,-0.65,STRONG SELL,20434,20260511,0.65,True
2026-05-12,2,-0.65,STRONG SELL,20435,20260512,0.65,True
2026-05-13,2,-0.65,STRONG SELL,20436,20260513,0.65,True
2026-05-14,2,-0.65,STRONG SELL,20437,20260514,0.65,True
2026-05-15,2,-0.25,SELL,20438,20260515,0.25,True
2026-05-18,2,0.15000000000000002,BUY,20439,20260518,0.15000000000000002,True
2026-05-19,2,0.15000000000000002,BUY,20440,20260519,0.15000000000000002,True
2026-05-20,2,0.15000000000000002,BUY,20441,20260520,0.15000000000000002,True
2026-05-21,2,0.15000000000000002,BUY,20442,20260521,0.15000000000000002,True
2026-05-22,2,-0.04999999999999999,HOLD,20443,20260522,0.04999999999999999,True
2026-05-25,2,0.15000000000000002,BUY,20444,20260525,0.15000000000000002,True
2026-05-26,2,0.15000000000000002,BUY,20445,20260526,0.15000000000000002,True
2026-05-27,2,0.45,STRONG BUY,20446,20260527,0.45,True
2026-05-28,2,0.45,STRONG BUY,20447,20260528,0.45,True
2026-05-29,2,0.45,STRONG BUY,20448,20260529,0.45,True
2026-06-01,2,0.45,STRONG BUY,20449,20260601,0.45,True
2026-06-02,2,0.45,STRONG BUY,20450,20260602,0.45,True
2026-06-03,2,0.45,STRONG BUY,20451,20260603,0.45,True
2026-06-04,2,0.45,STRONG BUY,20452,20260604,0.45,True
2026-06-05,2,0.45,STRONG BUY,20453,20260605,0.45,True
2026-06-08,2,0.45,STRONG BUY,20454,20260608,0.45,True
2026-06-09,2,0.45,STRONG BUY,20455,20260609,0.45,True
2026-06-10,2,0.45,STRONG BUY,20456,20260610,0.45,True
2026-06-11,2,0.45,STRONG BUY,20457,20260611,0.45,True
2026-06-12,2,0.45,STRONG BUY,20458,20260612,0.45,True
2026-06-15,2,0.65,STRONG BUY,20459,20260615,0.65,True
2026-06-16,2,0.65,STRONG BUY,20460,20260616,0.65,True
2026-06-17,2,0.65,STRONG BUY,20461,20260617,0.65,True
2026-06-18,2,0.45,STRONG BUY,20462,20260618,0.45,True
2026-06-19,2,0.30000000000000004,BUY,20463,20260619,0.30000000000000004,True
2026-06-22,2,0.30000000000000004,BUY,20464,20260622,0.30000000000000004,True
2026-06-23,2,0.30000000000000004,BUY,20465,20260623,0.30000000000000004,True
2026-06-24,2,0.45,STRONG BUY,20466,20260624,0.45,True
2026-06-25,2,0.45,STRONG BUY,20467,20260625,0.45,True
2026-06-26,2,0.45,STRONG BUY,20468,20260626,0.45,True
2024-09-03,3,0.45,STRONG BUY,30000,20240903,0.45,True
2024-09-04,3,0.45,STRONG BUY,30001,20240904,0.45,True
2024-09-05,3,0.45,STRONG BUY,30002,20240905,0.45,True
2024-09-06,3,0.65,STRONG BUY,30003,20240906,0.65,True
2024-09-09,3,0.25,BUY,30004,20240909,0.25,True
2024-09-10,3,-0.15000000000000002,SELL,30005,20240910,0.15000000000000002,True
2024-09-11,3,-0.15000000000000002,SELL,30006,20240911,0.15000000000000002,True
2024-09-12,3,-0.15000000000000002,SELL,30007,20240912,0.15000000000000002,True
2024-09-13,3,0.25,BUY,30008,20240913,0.25,True
2024-09-16,3,0.25,BUY,30009,20240916,0.25,True
2024-09-17,3,0.25,BUY,30010,20240917,0.25,True
2024-09-18,3,0.25,BUY,30011,20240918,0.25,True
2024-09-19,3,0.25,BUY,30012,20240919,0.25,True
2024-09-20,3,0.5,STRONG BUY,30013,20240920,0.5,True
2024-09-23,3,0.5,STRONG BUY,30014,20240923,0.5,True
2024-09-24,3,0.5,STRONG BUY,30015,20240924,0.5,True
2024-09-25,3,0.30000000000000004,BUY,30016,20240925,0.30000000000000004,True
2024-09-26,3,0.65,STRONG BUY,30017,20240926,0.65,True
2024-09-27,3,0.65,STRONG BUY,30018,20240927,0.65,True
2024-09-30,3,0.45,STRONG BUY,30019,20240930,0.45,True
2024-10-01,3,0.65,STRONG BUY,30020,20241001,0.65,True
2024-10-02,3,0.65,STRONG BUY,30021,20241002,0.65,True
2024-10-03,3,0.25,BUY,30022,20241003,0.25,True
2024-10-04,3,-0.15000000000000002,SELL,30023,20241004,0.15000000000000002,True
2024-10-07,3,-0.15000000000000002,SELL,30024,20241007,0.15000000000000002,True
2024-10-08,3,-0.15000000000000002,SELL,30025,20241008,0.15000000000000002,True
2024-10-09,3,-0.15000000000000002,SELL,30026,20241009,0.15000000000000002,True
2024-10-10,3,-0.15000000000000002,SELL,30027,20241010,0.15000000000000002,True
2024-10-11,3,-0.15000000000000002,SELL,30028,20241011,0.15000000000000002,True
2024-10-14,3,0.04999999999999999,HOLD,30029,20241014,0.04999999999999999,True
2024-10-15,3,0.04999999999999999,HOLD,30030,20241015,0.04999999999999999,True
2024-10-16,3,-0.45,STRONG SELL,30031,20241016,0.45,True
2024-10-17,3,-0.45,STRONG SELL,30032,20241017,0.45,True
2024-10-18,3,-0.45,STRONG SELL,30033,20241018,0.45,True
2024-10-21,3,-0.45,STRONG SELL,30034,20241021,0.45,True
2024-10-22,3,-0.45,STRONG SELL,30035,20241022,0.45,True
2024-10-23,3,-0.45,STRONG SELL,30036,20241023,0.45,True
2024-10-24,3,-0.45,STRONG SELL,30037,20241024,0.45,True
2024-10-25,3,-0.65,STRONG SELL,30038,20241025,0.65,True
2024-10-28,3,-0.65,STRONG SELL,30039,20241028,0.65,True
2024-10-29,3,-0.65,STRONG SELL,30040,20241029,0.65,True
2024-10-30,3,-0.65,STRONG SELL,30041,20241030,0.65,True
2024-10-31,3,-0.65,STRONG SELL,30042,20241031,0.65,True
2024-11-01,3,-0.65,STRONG SELL,30043,20241101,0.65,True
2024-11-04,3,-0.65,STRONG SELL,30044,20241104,0.65,True
2024-11-05,3,-0.65,STRONG SELL,30045,20241105,0.65,True
2024-11-06,3,0.15000000000000002,BUY,30046,20241106,0.15000000000000002,True
2024-11-07,3,-0.25,SELL,30047,20241107,0.25,True
2024-11-08,3,-0.25,SELL,30048,20241108,0.25,True
2024-11-11,3,-0.25,SELL,30049,20241111,0.25,True
2024-11-12,3,-0.65,STRONG SELL,30050,20241112,0.65,True
2024-11-13,3,-0.5,STRONG SELL,30051,20241113,0.5,True
2024-11-14,3,-0.5,STRONG SELL,30052,20241114,0.5,True
2024-11-15,3,-0.5,STRONG SELL,30053,20241115,0.5,True
2024-11-18,3,-0.5,STRONG SELL,30054,20241118,0.5,True
2024-11-19,3,-0.65,STRONG SELL,30055,20241119,0.65,True
2024-11-20,3,-0.65,STRONG SELL,30056,20241120,0.65,True
2024-11-21,3,-0.65,STRONG SELL,30057,20241121,0.65,True
2024-11-22,3,-0.45,STRONG SELL,30058,20241122,0.45,True
2024-11-25,3,-0.65,STRONG SELL,30059,20241125,0.65,True
2024-11-26,3,-0.45,STRONG SELL,30060,20241126,0.45,True
2024-11-27,3,-0.45,STRONG SELL,30061,20241127,0.45,True
2024-11-28,3,-0.65,STRONG SELL,30062,20241128,0.65,True
2024-11-29,3,-0.25,SELL,30063,20241129,0.25,True
2024-12-02,3,-0.25,SELL,30064,20241202,0.25,True
2024-12-03,3,-0.25,SELL,30065,20241203,0.25,True
2024-12-04,3,-0.25,SELL,30066,20241204,0.25,True
2024-12-05,3,0.15000000000000002,BUY,30067,20241205,0.15000000000000002,True
2024-12-06,3,0.15000000000000002,BUY,30068,20241206,0.15000000000000002,True
2024-12-09,3,0.15000000000000002,BUY,30069,20241209,0.15000000000000002,True
2024-12-10,3,0.15000000000000002,BUY,30070,20241210,0.15000000000000002,True
2024-12-11,3,0.15000000000000002,BUY,30071,20241211,0.15000000000000002,True
2024-12-12,3,-0.04999999999999999,HOLD,30072,20241212,0.04999999999999999,True
2024-12-13,3,0.15000000000000002,BUY,30073,20241213,0.15000000000000002,True
2024-12-16,3,-0.25,SELL,30074,20241216,0.25,True
2024-12-17,3,0.15000000000000002,BUY,30075,20241217,0.15000000000000002,True
2024-12-18,3,0.15000000000000002,BUY,30076,20241218,0.15000000000000002,True
2024-12-19,3,-0.25,SELL,30077,20241219,0.25,True
2024-12-20,3,-0.5,STRONG SELL,30078,20241220,0.5,True
2024-12-23,3,-0.65,STRONG SELL,30079,20241223,0.65,True
2024-12-24,3,-0.65,STRONG SELL,30080,20241224,0.65,True
2024-12-25,3,-0.65,STRONG SELL,30081,20241225,0.65,True
2024-12-26,3,-0.65,STRONG SELL,30082,20241226,0.65,True
2024-12-27,3,-0.65,STRONG SELL,30083,20241227,0.65,True
2024-12-30,3,-0.65,STRONG SELL,30084,20241230,0.65,True
2024-12-31,3,-0.65,STRONG SELL,30085,20241231,0.65,True
2025-01-02,3,-0.65,STRONG SELL,30086,20250102,0.65,True
2025-01-03,3,-0.30000000000000004,SELL,30087,20250103,0.30000000000000004,True
2025-01-06,3,-0.65,STRONG SELL,30088,20250106,0.65,True
2025-01-07,3,-0.65,STRONG SELL,30089,20250107,0.65,True
2025-01-08,3,-0.65,STRONG SELL,30090,20250108,0.65,True
2025-01-09,3,-0.65,STRONG SELL,30091,20250109,0.65,True
2025-01-10,3,-0.5,STRONG SELL,30092,20250110,0.5,True
2025-01-13,3,-0.30000000000000004,SELL,30093,20250113,0.30000000000000004,True
2025-01-14,3,-0.45,STRONG SELL,30094,20250114,0.45,True
2025-01-15,3,-0.45,STRONG SELL,30095,20250115,0.45,True
2025-01-16,3,-0.65,STRONG SELL,30096,20250116,0.65,True
2025-01-17,3,-0.65,STRONG SELL,30097,20250117,0.65,True
2025-01-20,3,-0.45,STRONG SELL,30098,20250120,0.45,True
2025-01-21,3,-0.65,STRONG SELL,30099,20250121,0.65,True
2025-01-22,3,-0.25,SELL,30100,20250122,0.25,True
2025-01-23,3,-0.25,SELL,30101,20250123,0.25,True
2025-01-24,3,-0.25,SELL,30102,20250124,0.25,True
2025-01-27,3,0.15000000000000002,BUY,30103,20250127,0.15000000000000002,True
2025-01-28,3,0.15000000000000002,BUY,30104,20250128,0.15000000000000002,True
2025-01-29,3,0.15000000000000002,BUY,30105,20250129,0.15000000000000002,True
2025-01-30,3,0.15000000000000002,BUY,30106,20250130,0.15000000000000002,True
2025-01-31,3,-0.04999999999999999,HOLD,30107,20250131,0.04999999999999999,True
2025-02-03,3,-0.25,SELL,30108,20250203,0.25,True
2025-02-04,3,0.15000000000000002,BUY,30109,20250204,0.15000000000000002,True
2025-02-05,3,0.15000000000000002,BUY,30110,20250205,0.15000000000000002,True
2025-02-06,3,0.15000000000000002,BUY,30111,20250206,0.15000000000000002,True
2025-02-07,3,0.15000000000000002,BUY,30112,20250207,0.15000000000000002,True
2025-02-10,3,0.15000000000000002,BUY,30113,20250210,0.15000000000000002,True
2025-02-11,3,-0.25,SELL,30114,20250211,0.25,True
2025-02-12,3,0.15000000000000002,BUY,30115,20250212,0.15000000000000002,True
2025-02-13,3,0.15000000000000002,BUY,30116,20250213,0.15000000000000002,True
2025-02-14,3,0.15000000000000002,BUY,30117,20250214,0.15000000000000002,True
2025-02-17,3,2.7755575615628914e-17,HOLD,30118,20250217,2.7755575615628914e-17,True
2025-02-18,3,0.5,STRONG BUY,30119,20250218,0.5,True
2025-02-19,3,0.65,STRONG BUY,30120,20250219,0.65,True
2025-02-20,3,0.65,STRONG BUY,30121,20250220,0.65,True
2025-02-21,3,0.45,STRONG BUY,30122,20250221,0.45,True
2025-02-24,3,0.65,STRONG BUY,30123,20250224,0.65,True
2025-02-25,3,0.65,STRONG BUY,30124,20250225,0.65,True
2025-02-26,3,0.65,STRONG BUY,30125,20250226,0.65,True
2025-02-27,3,0.45,STRONG BUY,30126,20250227,0.45,True
2025-02-28,3,0.65,STRONG BUY,30127,20250228,0.65,True
2025-03-03,3,0.45,STRONG BUY,30128,20250303,0.45,True
2025-03-04,3,0.45,STRONG BUY,30129,20250304,0.45,True
2025-03-05,3,0.45,STRONG BUY,30130,20250305,0.45,True
2025-03-06,3,0.30000000000000004,BUY,30131,20250306,0.30000000000000004,True
2025-03-07,3,0.45,STRONG BUY,30132,20250307,0.45,True
2025-03-10,3,0.45,STRONG BUY,30133,20250310,0.45,True
2025-03-11,3,0.65,STRONG BUY,30134,20250311,0.65,True
2025-03-12,3,0.45,STRONG BUY,30135,20250312,0.45,True
2025-03-13,3,0.45,STRONG BUY,30136,20250313,0.45,True
2025-03-14,3,0.45,STRONG BUY,30137,20250314,0.45,True
2025-03-17,3,0.45,STRONG BUY,30138,20250317,0.45,True
2025-03-18,3,0.45,STRONG BUY,30139,20250318,0.45,True
2025-03-19,3,0.45,STRONG BUY,30140,20250319,0.45,True
2025-03-20,3,0.45,STRONG BUY,30141,20250320,0.45,True
2025-03-21,3,0.45,STRONG BUY,30142,20250321,0.45,True
2025-03-24,3,0.25,BUY,30143,20250324,0.25,True
2025-03-25,3,0.25,BUY,30144,20250325,0.25,True
2025-03-26,3,0.25,BUY,30145,20250326,0.25,True
2025-03-27,3,-0.15000000000000002,SELL,30146,20250327,0.15000000000000002,True
2025-03-28,3,0.25,BUY,30147,20250328,0.25,True
2025-03-31,3,0.25,BUY,30148,20250331,0.25,True
2025-04-01,3,-0.15000000000000002,SELL,30149,20250401,0.15000000000000002,True
2025-04-02,3,-0.15000000000000002,SELL,30150,20250402,0.15000000000000002,True
2025-04-03,3,0.1,HOLD,30151,20250403,0.1,True
2025-04-04,3,0.1,HOLD,30152,20250404,0.1,True
2025-04-07,3,-0.15000000000000002,SELL,30153,20250407,0.15000000000000002,True
2025-04-08,3,-2.7755575615628914e-17,HOLD,30154,20250408,2.7755575615628914e-17,True
2025-04-09,3,-0.15000000000000002,SELL,30155,20250409,0.15000000000000002,True
2025-04-10,3,-0.15000000000000002,SELL,30156,20250410,0.15000000000000002,True
2025-04-11,3,0.25,BUY,30157,20250411,0.25,True
2025-04-14,3,0.25,BUY,30158,20250414,0.25,True
2025-04-15,3,0.5,STRONG BUY,30159,20250415,0.5,True
2025-04-16,3,0.5,STRONG BUY,30160,20250416,0.5,True
2025-04-17,3,0.65,STRONG BUY,30161,20250417,0.65,True
2025-04-22,3,0.5,STRONG BUY,30162,20250422,0.5,True
2025-04-23,3,0.65,STRONG BUY,30163,20250423,0.65,True
2025-04-24,3,0.65,STRONG BUY,30164,20250424,0.65,True
2025-04-25,3,0.65,STRONG BUY,30165,20250425,0.65,True
2025-04-28,3,0.65,STRONG BUY,30166,20250428,0.65,True
2025-04-29,3,0.45,STRONG BUY,30167,20250429,0.45,True
2025-04-30,3,0.45,STRONG BUY,30168,20250430,0.45,True
2025-05-01,3,0.45,STRONG BUY,30169,20250501,0.45,True
2025-05-02,3,0.45,STRONG BUY,30170,20250502,0.45,True
2025-05-05,3,0.25,BUY,30171,20250505,0.25,True
2025-05-06,3,0.25,BUY,30172,20250506,0.25,True
2025-05-07,3,0.25,BUY,30173,20250507,0.25,True
2025-05-08,3,0.25,BUY,30174,20250508,0.25,True
2025-05-09,3,-0.15000000000000002,SELL,30175,20250509,0.15000000000000002,True
2025-05-12,3,0.25,BUY,30176,20250512,0.25,True
2025-05-13,3,-0.15000000000000002,SELL,30177,20250513,0.15000000000000002,True
2025-05-14,3,0.25,BUY,30178,20250514,0.25,True
2025-05-15,3,-0.15000000000000002,SELL,30179,20250515,0.15000000000000002,True
2025-05-16,3,0.25,BUY,30180,20250516,0.25,True
2025-05-19,3,0.25,BUY,30181,20250519,0.25,True
2025-05-20,3,0.25,BUY,30182,20250520,0.25,True
2025-05-21,3,0.25,BUY,30183,20250521,0.25,True
2025-05-22,3,0.25,BUY,30184,20250522,0.25,True
2025-05-23,3,0.65,STRONG BUY,30185,20250523,0.65,True
2025-05-26,3,0.5,STRONG BUY,30186,20250526,0.5,True
2025-05-27,3,0.5,STRONG BUY,30187,20250527,0.5,True
2025-05-28,3,0.65,STRONG BUY,30188,20250528,0.65,True
2025-05-29,3,0.65,STRONG BUY,30189,20250529,0.65,True
2025-05-30,3,0.65,STRONG BUY,30190,20250530,0.65,True
2025-06-02,3,0.45,STRONG BUY,30191,20250602,0.45,True
2025-06-03,3,0.65,STRONG BUY,30192,20250603,0.65,True
2025-06-04,3,0.45,STRONG BUY,30193,20250604,0.45,True
2025-06-05,3,0.65,STRONG BUY,30194,20250605,0.65,True
2025-06-06,3,0.45,STRONG BUY,30195,20250606,0.45,True
2025-06-09,3,0.65,STRONG BUY,30196,20250609,0.65,True
2025-06-10,3,0.25,BUY,30197,20250610,0.25,True
2025-06-11,3,0.25,BUY,30198,20250611,0.25,True
2025-06-12,3,0.25,BUY,30199,20250612,0.25,True
2025-06-13,3,0.25,BUY,30200,20250613,0.25,True
2025-06-16,3,0.25,BUY,30201,20250616,0.25,True
2025-06-17,3,0.25,BUY,30202,20250617,0.25,True
2025-06-18,3,-0.15000000000000002,SELL,30203,20250618,0.15000000000000002,True
2025-06-19,3,-0.15000000000000002,SELL,30204,20250619,0.15000000000000002,True
2025-06-20,3,-0.15000000000000002,SELL,30205,20250620,0.15000000000000002,True
2025-06-23,3,-0.15000000000000002,SELL,30206,20250623,0.15000000000000002,True
2025-06-24,3,0.25,BUY,30207,20250624,0.25,True
2025-06-25,3,0.25,BUY,30208,20250625,0.25,True
2025-06-26,3,0.5,STRONG BUY,30209,20250626,0.5,True
2025-06-27,3,0.5,STRONG BUY,30210,20250627,0.5,True
2025-06-30,3,0.65,STRONG BUY,30211,20250630,0.65,True
2025-07-01,3,0.65,STRONG BUY,30212,20250701,0.65,True
2025-07-02,3,0.65,STRONG BUY,30213,20250702,0.65,True
2025-07-03,3,0.65,STRONG BUY,30214,20250703,0.65,True
2025-07-04,3,0.65,STRONG BUY,30215,20250704,0.65,True
2025-07-07,3,0.65,STRONG BUY,30216,20250707,0.65,True
2025-07-08,3,0.25,BUY,30217,20250708,0.25,True
2025-07-09,3,-0.15000000000000002,SELL,30218,20250709,0.15000000000000002,True
2025-07-10,3,-0.15000000000000002,SELL,30219,20250710,0.15000000000000002,True
2025-07-11,3,-0.15000000000000002,SELL,30220,20250711,0.15000000000000002,True
2025-07-14,3,-0.15000000000000002,SELL,30221,20250714,0.15000000000000002,True
2025-07-15,3,-0.15000000000000002,SELL,30222,20250715,0.15000000000000002,True
2025-07-16,3,0.04999999999999999,HOLD,30223,20250716,0.04999999999999999,True
2025-07-17,3,0.04999999999999999,HOLD,30224,20250717,0.04999999999999999,True
2025-07-18,3,0.04999999999999999,HOLD,30225,20250718,0.04999999999999999,True
2025-07-21,3,-0.45,STRONG SELL,30226,20250721,0.45,True
2025-07-22,3,-0.45,STRONG SELL,30227,20250722,0.45,True
2025-07-23,3,-0.65,STRONG SELL,30228,20250723,0.65,True
2025-07-24,3,-0.25,SELL,30229,20250724,0.25,True
2025-07-25,3,-0.65,STRONG SELL,30230,20250725,0.65,True
2025-07-28,3,-0.65,STRONG SELL,30231,20250728,0.65,True
2025-07-29,3,-0.65,STRONG SELL,30232,20250729,0.65,True
2025-07-30,3,-0.65,STRONG SELL,30233,20250730,0.65,True
2025-07-31,3,-0.30000000000000004,SELL,30234,20250731,0.30000000000000004,True
2025-08-01,3,-0.30000000000000004,SELL,30235,20250801,0.30000000000000004,True
2025-08-04,3,-0.65,STRONG SELL,30236,20250804,0.65,True
2025-08-05,3,-0.65,STRONG SELL,30237,20250805,0.65,True
2025-08-06,3,-0.65,STRONG SELL,30238,20250806,0.65,True
2025-08-07,3,-0.65,STRONG SELL,30239,20250807,0.65,True
2025-08-08,3,0.15000000000000002,BUY,30240,20250808,0.15000000000000002,True
2025-08-11,3,0.15000000000000002,BUY,30241,20250811,0.15000000000000002,True
2025-08-12,3,0.15000000000000002,BUY,30242,20250812,0.15000000000000002,True
2025-08-13,3,0.15000000000000002,BUY,30243,20250813,0.15000000000000002,True
2025-08-14,3,0.15000000000000002,BUY,30244,20250814,0.15000000000000002,True
2025-08-15,3,0.15000000000000002,BUY,30245,20250815,0.15000000000000002,True
2025-08-18,3,0.15000000000000002,BUY,30246,20250818,0.15000000000000002,True
2025-08-19,3,0.15000000000000002,BUY,30247,20250819,0.15000000000000002,True
2025-08-20,3,0.15000000000000002,BUY,30248,20250820,0.15000000000000002,True
2025-08-21,3,-0.04999999999999999,HOLD,30249,20250821,0.04999999999999999,True
2025-08-22,3,0.15000000000000002,BUY,30250,20250822,0.15000000000000002,True
2025-08-25,3,0.65,STRONG BUY,30251,20250825,0.65,True
2025-08-26,3,0.65,STRONG BUY,30252,20250826,0.65,True
2025-08-27,3,0.65,STRONG BUY,30253,20250827,0.65,True
2025-08-28,3,0.15000000000000002,BUY,30254,20250828,0.15000000000000002,True
2025-08-29,3,0.15000000000000002,BUY,30255,20250829,0.15000000000000002,True
2025-09-01,3,0.15000000000000002,BUY,30256,20250901,0.15000000000000002,True
2025-09-02,3,0.15000000000000002,BUY,30257,20250902,0.15000000000000002,True
2025-09-03,3,-0.65,STRONG SELL,30258,20250903,0.65,True
2025-09-04,3,-0.65,STRONG SELL,30259,20250904,0.65,True
2025-09-05,3,-0.65,STRONG SELL,30260,20250905,0.65,True
2025-09-08,3,-0.25,SELL,30261,20250908,0.25,True
2025-09-09,3,0.65,STRONG BUY,30262,20250909,0.65,True
2025-09-10,3,0.65,STRONG BUY,30263,20250910,0.65,True
2025-09-11,3,0.65,STRONG BUY,30264,20250911,0.65,True
2025-09-12,3,0.65,STRONG BUY,30265,20250912,0.65,True
2025-09-15,3,0.65,STRONG BUY,30266,20250915,0.65,True
2025-09-16,3,0.65,STRONG BUY,30267,20250916,0.65,True
2025-09-17,3,0.5,STRONG BUY,30268,20250917,0.5,True
2025-09-18,3,0.65,STRONG BUY,30269,20250918,0.65,True
2025-09-19,3,0.65,STRONG BUY,30270,20250919,0.65,True
2025-09-22,3,-0.15000000000000002,SELL,30271,20250922,0.15000000000000002,True
2025-09-23,3,-0.15000000000000002,SELL,30272,20250923,0.15000000000000002,True
2025-09-24,3,-0.15000000000000002,SELL,30273,20250924,0.15000000000000002,True
2025-09-25,3,-0.15000000000000002,SELL,30274,20250925,0.15000000000000002,True
2025-09-26,3,-2.7755575615628914e-17,HOLD,30275,20250926,2.7755575615628914e-17,True
2025-09-29,3,-0.15000000000000002,SELL,30276,20250929,0.15000000000000002,True
2025-09-30,3,-0.15000000000000002,SELL,30277,20250930,0.15000000000000002,True
2025-10-01,3,-0.15000000000000002,SELL,30278,20251001,0.15000000000000002,True
2025-10-02,3,-0.65,STRONG SELL,30279,20251002,0.65,True
2025-10-03,3,-0.65,STRONG SELL,30280,20251003,0.65,True
2025-10-06,3,-0.65,STRONG SELL,30281,20251006,0.65,True
2025-10-07,3,-0.65,STRONG SELL,30282,20251007,0.65,True
2025-10-08,3,-0.65,STRONG SELL,30283,20251008,0.65,True
2025-10-09,3,-0.65,STRONG SELL,30284,20251009,0.65,True
2025-10-10,3,-0.65,STRONG SELL,30285,20251010,0.65,True
2025-10-13,3,-0.65,STRONG SELL,30286,20251013,0.65,True
2025-10-14,3,-0.65,STRONG SELL,30287,20251014,0.65,True
2025-10-15,3,-0.65,STRONG SELL,30288,20251015,0.65,True
2025-10-16,3,-0.65,STRONG SELL,30289,20251016,0.65,True
2025-10-17,3,-0.25,SELL,30290,20251017,0.25,True
2025-10-20,3,0.15000000000000002,BUY,30291,20251020,0.15000000000000002,True
2025-10-21,3,-0.25,SELL,30292,20251021,0.25,True
2025-10-22,3,-0.25,SELL,30293,20251022,0.25,True
2025-10-23,3,-0.25,SELL,30294,20251023,0.25,True
2025-10-24,3,-0.65,STRONG SELL,30295,20251024,0.65,True
2025-10-27,3,-0.65,STRONG SELL,30296,20251027,0.65,True
2025-10-28,3,-0.65,STRONG SELL,30297,20251028,0.65,True
2025-10-29,3,-0.65,STRONG SELL,30298,20251029,0.65,True
2025-10-30,3,-0.5,STRONG SELL,30299,20251030,0.5,True
2025-10-31,3,-0.5,STRONG SELL,30300,20251031,0.5,True
2025-11-03,3,-0.30000000000000004,SELL,30301,20251103,0.30000000000000004,True
2025-11-04,3,-0.65,STRONG SELL,30302,20251104,0.65,True
2025-11-05,3,-0.30000000000000004,SELL,30303,20251105,0.30000000000000004,True
2025-11-06,3,-0.45,STRONG SELL,30304,20251106,0.45,True
2025-11-07,3,-0.45,STRONG SELL,30305,20251107,0.45,True
2025-11-10,3,-0.45,STRONG SELL,30306,20251110,0.45,True
2025-11-11,3,-0.65,STRONG SELL,30307,20251111,0.65,True
2025-11-12,3,-0.65,STRONG SELL,30308,20251112,0.65,True
2025-11-13,3,-0.25,SELL,30309,20251113,0.25,True
2025-11-14,3,-0.25,SELL,30310,20251114,0.25,True
2025-11-17,3,-0.25,SELL,30311,20251117,0.25,True
2025-11-18,3,-0.25,SELL,30312,20251118,0.25,True
2025-11-19,3,-0.25,SELL,30313,20251119,0.25,True
2025-11-20,3,-0.25,SELL,30314,20251120,0.25,True
2025-11-21,3,-0.25,SELL,30315,20251121,0.25,True
2025-11-24,3,-0.25,SELL,30316,20251124,0.25,True
2025-11-25,3,-0.25,SELL,30317,20251125,0.25,True
2025-11-26,3,0.15000000000000002,BUY,30318,20251126,0.15000000000000002,True
2025-11-27,3,2.7755575615628914e-17,HOLD,30319,20251127,2.7755575615628914e-17,True
2025-11-28,3,0.15000000000000002,BUY,30320,20251128,0.15000000000000002,True
2025-12-01,3,0.15000000000000002,BUY,30321,20251201,0.15000000000000002,True
2025-12-02,3,0.15000000000000002,BUY,30322,20251202,0.15000000000000002,True
2025-12-03,3,0.15000000000000002,BUY,30323,20251203,0.15000000000000002,True
2025-12-04,3,-0.2,SELL,30324,20251204,0.2,True
2025-12-05,3,0.15000000000000002,BUY,30325,20251205,0.15000000000000002,True
2025-12-08,3,0.15000000000000002,BUY,30326,20251208,0.15000000000000002,True
2025-12-09,3,0.65,STRONG BUY,30327,20251209,0.65,True
2025-12-10,3,0.45,STRONG BUY,30328,20251210,0.45,True
2025-12-11,3,0.45,STRONG BUY,30329,20251211,0.45,True
2025-12-12,3,0.45,STRONG BUY,30330,20251212,0.45,True
2025-12-15,3,0.45,STRONG BUY,30331,20251215,0.45,True
2025-12-16,3,0.45,STRONG BUY,30332,20251216,0.45,True
2025-12-17,3,0.45,STRONG BUY,30333,20251217,0.45,True
2025-12-18,3,0.65,STRONG BUY,30334,20251218,0.65,True
2025-12-19,3,0.65,STRONG BUY,30335,20251219,0.65,True
2025-12-22,3,0.65,STRONG BUY,30336,20251222,0.65,True
2025-12-23,3,0.45,STRONG BUY,30337,20251223,0.45,True
2025-12-24,3,0.5,STRONG BUY,30338,20251224,0.5,True
2025-12-26,3,0.45,STRONG BUY,30339,20251226,0.45,True
2025-12-29,3,0.45,STRONG BUY,30340,20251229,0.45,True
2025-12-30,3,0.45,STRONG BUY,30341,20251230,0.45,True
2025-12-31,3,0.65,STRONG BUY,30342,20251231,0.65,True
2026-01-02,3,0.65,STRONG BUY,30343,20260102,0.65,True
2026-01-05,3,0.25,BUY,30344,20260105,0.25,True
2026-01-06,3,0.65,STRONG BUY,30345,20260106,0.65,True
2026-01-07,3,0.65,STRONG BUY,30346,20260107,0.65,True
2026-01-08,3,0.25,BUY,30347,20260108,0.25,True
2026-01-09,3,-0.15000000000000002,SELL,30348,20260109,0.15000000000000002,True
2026-01-12,3,-0.15000000000000002,SELL,30349,20260112,0.15000000000000002,True
2026-01-13,3,0.25,BUY,30350,20260113,0.25,True
2026-01-14,3,-0.15000000000000002,SELL,30351,20260114,0.15000000000000002,True
2026-01-15,3,-0.15000000000000002,SELL,30352,20260115,0.15000000000000002,True
2026-01-16,3,-0.15000000000000002,SELL,30353,20260116,0.15000000000000002,True
2026-01-19,3,-0.15000000000000002,SELL,30354,20260119,0.15000000000000002,True
2026-01-20,3,-0.15000000000000002,SELL,30355,20260120,0.15000000000000002,True
2026-01-21,3,-0.15000000000000002,SELL,30356,20260121,0.15000000000000002,True
2026-01-22,3,-0.15000000000000002,SELL,30357,20260122,0.15000000000000002,True
2026-01-23,3,0.25,BUY,30358,20260123,0.25,True
2026-01-26,3,0.5,STRONG BUY,30359,20260126,0.5,True
2026-01-27,3,0.5,STRONG BUY,30360,20260127,0.5,True
2026-01-28,3,0.30000000000000004,BUY,30361,20260128,0.30000000000000004,True
2026-01-29,3,0.30000000000000004,BUY,30362,20260129,0.30000000000000004,True
2026-01-30,3,0.45,STRONG BUY,30363,20260130,0.45,True
2026-02-02,3,0.65,STRONG BUY,30364,20260202,0.65,True
2026-02-03,3,0.65,STRONG BUY,30365,20260203,0.65,True
2026-02-04,3,0.65,STRONG BUY,30366,20260204,0.65,True
2026-02-05,3,0.65,STRONG BUY,30367,20260205,0.65,True
2026-02-06,3,-0.15000000000000002,SELL,30368,20260206,0.15000000000000002,True
2026-02-09,3,0.25,BUY,30369,20260209,0.25,True
2026-02-10,3,0.25,BUY,30370,20260210,0.25,True
2026-02-11,3,0.25,BUY,30371,20260211,0.25,True
2026-02-12,3,0.25,BUY,30372,20260212,0.25,True
2026-02-13,3,0.25,BUY,30373,20260213,0.25,True
2026-02-16,3,0.25,BUY,30374,20260216,0.25,True
2026-02-17,3,-0.15000000000000002,SELL,30375,20260217,0.15000000000000002,True
2026-02-18,3,-0.15000000000000002,SELL,30376,20260218,0.15000000000000002,True
2026-02-19,3,0.04999999999999999,HOLD,30377,20260219,0.04999999999999999,True
2026-02-20,3,-0.15000000000000002,SELL,30378,20260220,0.15000000000000002,True
2026-02-23,3,-0.15000000000000002,SELL,30379,20260223,0.15000000000000002,True
2026-02-24,3,-0.15000000000000002,SELL,30380,20260224,0.15000000000000002,True
2026-02-25,3,-0.15000000000000002,SELL,30381,20260225,0.15000000000000002,True
2026-02-26,3,-0.15000000000000002,SELL,30382,20260226,0.15000000000000002,True
2026-02-27,3,-0.15000000000000002,SELL,30383,20260227,0.15000000000000002,True
2026-03-02,3,-0.30000000000000004,SELL,30384,20260302,0.30000000000000004,True
2026-03-03,3,-0.45,STRONG SELL,30385,20260303,0.45,True
2026-03-04,3,-0.30000000000000004,SELL,30386,20260304,0.30000000000000004,True
2026-03-05,3,-0.45,STRONG SELL,30387,20260305,0.45,True
2026-03-06,3,-0.45,STRONG SELL,30388,20260306,0.45,True
2026-03-09,3,-0.45,STRONG SELL,30389,20260309,0.45,True
2026-03-10,3,-0.65,STRONG SELL,30390,20260310,0.65,True
2026-03-11,3,-0.65,STRONG SELL,30391,20260311,0.65,True
2026-03-12,3,-0.65,STRONG SELL,30392,20260312,0.65,True
2026-03-13,3,-0.65,STRONG SELL,30393,20260313,0.65,True
2026-03-16,3,-0.65,STRONG SELL,30394,20260316,0.65,True
2026-03-17,3,-0.65,STRONG SELL,30395,20260317,0.65,True
2026-03-18,3,-0.65,STRONG SELL,30396,20260318,0.65,True
2026-03-19,3,-0.65,STRONG SELL,30397,20260319,0.65,True
2026-03-20,3,0.15000000000000002,BUY,30398,20260320,0.15000000000000002,True
2026-03-23,3,-0.25,SELL,30399,20260323,0.25,True
2026-03-24,3,0.15000000000000002,BUY,30400,20260324,0.15000000000000002,True
2026-03-25,3,0.15000000000000002,BUY,30401,20260325,0.15000000000000002,True
2026-03-26,3,-0.25,SELL,30402,20260326,0.25,True
2026-03-27,3,-0.25,SELL,30403,20260327,0.25,True
2026-03-30,3,-0.25,SELL,30404,20260330,0.25,True
2026-03-31,3,-0.5,STRONG SELL,30405,20260331,0.5,True
2026-04-01,3,-0.65,STRONG SELL,30406,20260401,0.65,True
2026-04-02,3,-0.65,STRONG SELL,30407,20260402,0.65,True
2026-04-03,3,-0.65,STRONG SELL,30408,20260403,0.65,True
2026-04-06,3,-0.65,STRONG SELL,30409,20260406,0.65,True
2026-04-07,3,-0.65,STRONG SELL,30410,20260407,0.65,True
2026-04-08,3,0.15000000000000002,BUY,30411,20260408,0.15000000000000002,True
2026-04-09,3,0.15000000000000002,BUY,30412,20260409,0.15000000000000002,True
2026-04-10,3,0.15000000000000002,BUY,30413,20260410,0.15000000000000002,True
2026-04-13,3,0.15000000000000002,BUY,30414,20260413,0.15000000000000002,True
2026-04-14,3,0.15000000000000002,BUY,30415,20260414,0.15000000000000002,True
2026-04-15,3,2.7755575615628914e-17,HOLD,30416,20260415,2.7755575615628914e-17,True
2026-04-16,3,0.15000000000000002,BUY,30417,20260416,0.15000000000000002,True
2026-04-17,3,0.15000000000000002,BUY,30418,20260417,0.15000000000000002,True
2026-04-20,3,0.65,STRONG BUY,30419,20260420,0.65,True
2026-04-21,3,0.65,STRONG BUY,30420,20260421,0.65,True
2026-04-22,3,0.65,STRONG BUY,30421,20260422,0.65,True
2026-04-23,3,0.65,STRONG BUY,30422,20260423,0.65,True
2026-04-24,3,0.45,STRONG BUY,30423,20260424,0.45,True
2026-04-27,3,0.45,STRONG BUY,30424,20260427,0.45,True
2026-04-28,3,0.65,STRONG BUY,30425,20260428,0.65,True
2026-04-29,3,0.65,STRONG BUY,30426,20260429,0.65,True
2026-04-30,3,0.65,STRONG BUY,30427,20260430,0.65,True
2026-05-01,3,0.65,STRONG BUY,30428,20260501,0.65,True
2026-05-04,3,0.65,STRONG BUY,30429,20260504,0.65,True
2026-05-05,3,0.65,STRONG BUY,30430,20260505,0.65,True
2026-05-06,3,0.65,STRONG BUY,30431,20260506,0.65,True
2026-05-07,3,0.65,STRONG BUY,30432,20260507,0.65,True
2026-05-08,3,0.65,STRONG BUY,30433,20260508,0.65,True
2026-05-11,3,0.65,STRONG BUY,30434,20260511,0.65,True
2026-05-12,3,0.65,STRONG BUY,30435,20260512,0.65,True
2026-05-13,3,-0.15000000000000002,SELL,30436,20260513,0.15000000000000002,True
2026-05-14,3,-0.15000000000000002,SELL,30437,20260514,0.15000000000000002,True
2026-05-15,3,-2.7755575615628914e-17,HOLD,30438,20260515,2.7755575615628914e-17,True
2026-05-18,3,-2.7755575615628914e-17,HOLD,30439,20260518,2.7755575615628914e-17,True
2026-05-19,3,-0.15000000000000002,SELL,30440,20260519,0.15000000000000002,True
2026-05-20,3,-0.15000000000000002,SELL,30441,20260520,0.15000000000000002,True
2026-05-21,3,-0.15000000000000002,SELL,30442,20260521,0.15000000000000002,True
2026-05-22,3,-0.15000000000000002,SELL,30443,20260522,0.15000000000000002,True
2026-05-25,3,-0.15000000000000002,SELL,30444,20260525,0.15000000000000002,True
2026-05-26,3,-0.15000000000000002,SELL,30445,20260526,0.15000000000000002,True
2026-05-27,3,-0.65,STRONG SELL,30446,20260527,0.65,True
2026-05-28,3,-0.65,STRONG SELL,30447,20260528,0.65,True
2026-05-29,3,-0.65,STRONG SELL,30448,20260529,0.65,True
2026-06-01,3,-0.65,STRONG SELL,30449,20260601,0.65,True
2026-06-02,3,-0.65,STRONG SELL,30450,20260602,0.65,True
2026-06-03,3,-0.15000000000000002,SELL,30451,20260603,0.15000000000000002,True
2026-06-04,3,-0.15000000000000002,SELL,30452,20260604,0.15000000000000002,True
2026-06-05,3,-0.65,STRONG SELL,30453,20260605,0.65,True
2026-06-08,3,-0.65,STRONG SELL,30454,20260608,0.65,True
2026-06-09,3,-0.65,STRONG SELL,30455,20260609,0.65,True
2026-06-10,3,-0.65,STRONG SELL,30456,20260610,0.65,True
2026-06-11,3,-0.65,STRONG SELL,30457,20260611,0.65,True
2026-06-12,3,-0.65,STRONG SELL,30458,20260612,0.65,True
2026-06-15,3,0.15000000000000002,BUY,30459,20260615,0.15000000000000002,True
2026-06-16,3,-0.25,SELL,30460,20260616,0.25,True
2026-06-17,3,0.15000000000000002,BUY,30461,20260617,0.15000000000000002,True
2026-06-18,3,-0.5,STRONG SELL,30462,20260618,0.5,True
2026-06-19,3,-0.30000000000000004,SELL,30463,20260619,0.30000000000000004,True
2026-06-22,3,-0.30000000000000004,SELL,30464,20260622,0.30000000000000004,True
2026-06-23,3,-0.65,STRONG SELL,30465,20260623,0.65,True
2026-06-24,3,-0.65,STRONG SELL,30466,20260624,0.65,True
2026-06-25,3,-0.45,STRONG SELL,30467,20260625,0.45,True
2026-06-26,3,-0.65,STRONG SELL,30468,20260626,0.65,True
2024-09-03,4,0.65,STRONG BUY,40000,20240903,0.65,True
2024-09-04,4,0.65,STRONG BUY,40001,20240904,0.65,True
2024-09-05,4,0.25,BUY,40002,20240905,0.25,True
2024-09-06,4,0.25,BUY,40003,20240906,0.25,True
2024-09-09,4,-0.15000000000000002,SELL,40004,20240909,0.15000000000000002,True
2024-09-10,4,-0.15000000000000002,SELL,40005,20240910,0.15000000000000002,True
2024-09-11,4,-0.15000000000000002,SELL,40006,20240911,0.15000000000000002,True
2024-09-12,4,-0.15000000000000002,SELL,40007,20240912,0.15000000000000002,True
2024-09-13,4,-0.15000000000000002,SELL,40008,20240913,0.15000000000000002,True
2024-09-16,4,-0.15000000000000002,SELL,40009,20240916,0.15000000000000002,True
2024-09-17,4,0.25,BUY,40010,20240917,0.25,True
2024-09-18,4,0.25,BUY,40011,20240918,0.25,True
2024-09-19,4,0.65,STRONG BUY,40012,20240919,0.65,True
2024-09-20,4,0.65,STRONG BUY,40013,20240920,0.65,True
2024-09-23,4,0.65,STRONG BUY,40014,20240923,0.65,True
2024-09-24,4,0.65,STRONG BUY,40015,20240924,0.65,True
2024-09-25,4,0.30000000000000004,BUY,40016,20240925,0.30000000000000004,True
2024-09-26,4,0.65,STRONG BUY,40017,20240926,0.65,True
2024-09-27,4,0.45,STRONG BUY,40018,20240927,0.45,True
2024-09-30,4,0.45,STRONG BUY,40019,20240930,0.45,True
2024-10-01,4,0.45,STRONG BUY,40020,20241001,0.45,True
2024-10-02,4,0.45,STRONG BUY,40021,20241002,0.45,True
2024-10-03,4,0.65,STRONG BUY,40022,20241003,0.65,True
2024-10-04,4,0.65,STRONG BUY,40023,20241004,0.65,True
2024-10-07,4,-0.15000000000000002,SELL,40024,20241007,0.15000000000000002,True
2024-10-08,4,-0.15000000000000002,SELL,40025,20241008,0.15000000000000002,True
2024-10-09,4,-0.15000000000000002,SELL,40026,20241009,0.15000000000000002,True
2024-10-10,4,-0.15000000000000002,SELL,40027,20241010,0.15000000000000002,True
2024-10-11,4,-0.15000000000000002,SELL,40028,20241011,0.15000000000000002,True
2024-10-14,4,-0.15000000000000002,SELL,40029,20241014,0.15000000000000002,True
2024-10-15,4,0.04999999999999999,HOLD,40030,20241015,0.04999999999999999,True
2024-10-16,4,-0.15000000000000002,SELL,40031,20241016,0.15000000000000002,True
2024-10-17,4,-0.45,STRONG SELL,40032,20241017,0.45,True
2024-10-18,4,-0.45,STRONG SELL,40033,20241018,0.45,True
2024-10-21,4,-0.45,STRONG SELL,40034,20241021,0.45,True
2024-10-22,4,-0.45,STRONG SELL,40035,20241022,0.45,True
2024-10-23,4,-0.45,STRONG SELL,40036,20241023,0.45,True
2024-10-24,4,-0.45,STRONG SELL,40037,20241024,0.45,True
2024-10-25,4,-0.45,STRONG SELL,40038,20241025,0.45,True
2024-10-28,4,-0.45,STRONG SELL,40039,20241028,0.45,True
2024-10-29,4,-0.45,STRONG SELL,40040,20241029,0.45,True
2024-10-30,4,-0.45,STRONG SELL,40041,20241030,0.45,True
2024-10-31,4,-0.45,STRONG SELL,40042,20241031,0.45,True
2024-11-01,4,-0.45,STRONG SELL,40043,20241101,0.45,True
2024-11-04,4,-0.65,STRONG SELL,40044,20241104,0.65,True
2024-11-05,4,-0.65,STRONG SELL,40045,20241105,0.65,True
2024-11-06,4,-0.65,STRONG SELL,40046,20241106,0.65,True
2024-11-07,4,-0.65,STRONG SELL,40047,20241107,0.65,True
2024-11-08,4,0.15000000000000002,BUY,40048,20241108,0.15000000000000002,True
2024-11-11,4,-0.25,SELL,40049,20241111,0.25,True
2024-11-12,4,-0.25,SELL,40050,20241112,0.25,True
2024-11-13,4,-0.65,STRONG SELL,40051,20241113,0.65,True
2024-11-14,4,-0.65,STRONG SELL,40052,20241114,0.65,True
2024-11-15,4,-0.5,STRONG SELL,40053,20241115,0.5,True
2024-11-18,4,-0.65,STRONG SELL,40054,20241118,0.65,True
2024-11-19,4,-0.65,STRONG SELL,40055,20241119,0.65,True
2024-11-20,4,-0.65,STRONG SELL,40056,20241120,0.65,True
2024-11-21,4,-0.65,STRONG SELL,40057,20241121,0.65,True
2024-11-22,4,-0.25,SELL,40058,20241122,0.25,True
2024-11-25,4,-0.25,SELL,40059,20241125,0.25,True
2024-11-26,4,-0.25,SELL,40060,20241126,0.25,True
2024-11-27,4,-0.25,SELL,40061,20241127,0.25,True
2024-11-28,4,-0.25,SELL,40062,20241128,0.25,True
2024-11-29,4,-0.25,SELL,40063,20241129,0.25,True
2024-12-02,4,-0.25,SELL,40064,20241202,0.25,True
2024-12-03,4,-0.25,SELL,40065,20241203,0.25,True
2024-12-04,4,-0.25,SELL,40066,20241204,0.25,True
2024-12-05,4,-0.25,SELL,40067,20241205,0.25,True
2024-12-06,4,-0.25,SELL,40068,20241206,0.25,True
2024-12-09,4,-0.5,STRONG SELL,40069,20241209,0.5,True
2024-12-10,4,-0.65,STRONG SELL,40070,20241210,0.65,True
2024-12-11,4,-0.5,STRONG SELL,40071,20241211,0.5,True
2024-12-12,4,-0.65,STRONG SELL,40072,20241212,0.65,True
2024-12-13,4,-0.45,STRONG SELL,40073,20241213,0.45,True
2024-12-16,4,-0.65,STRONG SELL,40074,20241216,0.65,True
2024-12-17,4,-0.65,STRONG SELL,40075,20241217,0.65,True
2024-12-18,4,-0.45,STRONG SELL,40076,20241218,0.45,True
2024-12-19,4,-0.30000000000000004,SELL,40077,20241219,0.30000000000000004,True
2024-12-20,4,-0.30000000000000004,SELL,40078,20241220,0.30000000000000004,True
2024-12-23,4,-0.45,STRONG SELL,40079,20241223,0.45,True
2024-12-24,4,-0.45,STRONG SELL,40080,20241224,0.45,True
2024-12-25,4,-0.45,STRONG SELL,40081,20241225,0.45,True
2024-12-26,4,-0.45,STRONG SELL,40082,20241226,0.45,True
2024-12-27,4,-0.45,STRONG SELL,40083,20241227,0.45,True
2024-12-30,4,-0.45,STRONG SELL,40084,20241230,0.45,True
2024-12-31,4,-0.45,STRONG SELL,40085,20241231,0.45,True
2025-01-02,4,-0.45,STRONG SELL,40086,20250102,0.45,True
2025-01-03,4,-0.45,STRONG SELL,40087,20250103,0.45,True
2025-01-06,4,-0.04999999999999999,HOLD,40088,20250106,0.04999999999999999,True
2025-01-07,4,-0.04999999999999999,HOLD,40089,20250107,0.04999999999999999,True
2025-01-08,4,-0.25,SELL,40090,20250108,0.25,True
2025-01-09,4,-0.25,SELL,40091,20250109,0.25,True
2025-01-10,4,-0.25,SELL,40092,20250110,0.25,True
2025-01-13,4,-0.04999999999999999,HOLD,40093,20250113,0.04999999999999999,True
2025-01-14,4,-0.25,SELL,40094,20250114,0.25,True
2025-01-15,4,-0.25,SELL,40095,20250115,0.25,True
2025-01-16,4,0.15000000000000002,BUY,40096,20250116,0.15000000000000002,True
2025-01-17,4,-0.25,SELL,40097,20250117,0.25,True
2025-01-20,4,-0.25,SELL,40098,20250120,0.25,True
2025-01-21,4,2.7755575615628914e-17,HOLD,40099,20250121,2.7755575615628914e-17,True
2025-01-22,4,0.15000000000000002,BUY,40100,20250122,0.15000000000000002,True
2025-01-23,4,0.15000000000000002,BUY,40101,20250123,0.15000000000000002,True
2025-01-24,4,0.15000000000000002,BUY,40102,20250124,0.15000000000000002,True
2025-01-27,4,0.15000000000000002,BUY,40103,20250127,0.15000000000000002,True
2025-01-28,4,0.15000000000000002,BUY,40104,20250128,0.15000000000000002,True
2025-01-29,4,0.15000000000000002,BUY,40105,20250129,0.15000000000000002,True
2025-01-30,4,0.15000000000000002,BUY,40106,20250130,0.15000000000000002,True
2025-01-31,4,-0.25,SELL,40107,20250131,0.25,True
2025-02-03,4,-0.25,SELL,40108,20250203,0.25,True
2025-02-04,4,-0.25,SELL,40109,20250204,0.25,True
2025-02-05,4,0.15000000000000002,BUY,40110,20250205,0.15000000000000002,True
2025-02-06,4,0.15000000000000002,BUY,40111,20250206,0.15000000000000002,True
2025-02-07,4,0.15000000000000002,BUY,40112,20250207,0.15000000000000002,True
2025-02-10,4,0.15000000000000002,BUY,40113,20250210,0.15000000000000002,True
2025-02-11,4,0.15000000000000002,BUY,40114,20250211,0.15000000000000002,True
2025-02-12,4,0.15000000000000002,BUY,40115,20250212,0.15000000000000002,True
2025-02-13,4,0.15000000000000002,BUY,40116,20250213,0.15000000000000002,True
2025-02-14,4,0.15000000000000002,BUY,40117,20250214,0.15000000000000002,True
2025-02-17,4,0.5,STRONG BUY,40118,20250217,0.5,True
2025-02-18,4,0.65,STRONG BUY,40119,20250218,0.65,True
2025-02-19,4,0.65,STRONG BUY,40120,20250219,0.65,True
2025-02-20,4,0.65,STRONG BUY,40121,20250220,0.65,True
2025-02-21,4,0.30000000000000004,BUY,40122,20250221,0.30000000000000004,True
2025-02-24,4,0.45,STRONG BUY,40123,20250224,0.45,True
2025-02-25,4,0.65,STRONG BUY,40124,20250225,0.65,True
2025-02-26,4,0.65,STRONG BUY,40125,20250226,0.65,True
2025-02-27,4,0.65,STRONG BUY,40126,20250227,0.65,True
2025-02-28,4,-0.15000000000000002,SELL,40127,20250228,0.15000000000000002,True
2025-03-03,4,-0.15000000000000002,SELL,40128,20250303,0.15000000000000002,True
2025-03-04,4,-0.15000000000000002,SELL,40129,20250304,0.15000000000000002,True
2025-03-05,4,-0.15000000000000002,SELL,40130,20250305,0.15000000000000002,True
2025-03-06,4,0.25,BUY,40131,20250306,0.25,True
2025-03-07,4,0.25,BUY,40132,20250307,0.25,True
2025-03-10,4,-0.15000000000000002,SELL,40133,20250310,0.15000000000000002,True
2025-03-11,4,-0.15000000000000002,SELL,40134,20250311,0.15000000000000002,True
2025-03-12,4,-0.15000000000000002,SELL,40135,20250312,0.15000000000000002,True
2025-03-13,4,0.25,BUY,40136,20250313,0.25,True
2025-03-14,4,-0.15000000000000002,SELL,40137,20250314,0.15000000000000002,True
2025-03-17,4,0.65,STRONG BUY,40138,20250317,0.65,True
2025-03-18,4,0.65,STRONG BUY,40139,20250318,0.65,True
2025-03-19,4,0.65,STRONG BUY,40140,20250319,0.65,True
2025-03-20,4,0.65,STRONG BUY,40141,20250320,0.65,True
2025-03-21,4,0.25,BUY,40142,20250321,0.25,True
2025-03-24,4,-0.15000000000000002,SELL,40143,20250324,0.15000000000000002,True
2025-03-25,4,-0.15000000000000002,SELL,40144,20250325,0.15000000000000002,True
2025-03-26,4,0.25,BUY,40145,20250326,0.25,True
2025-03-27,4,-0.15000000000000002,SELL,40146,20250327,0.15000000000000002,True
2025-03-28,4,-0.15000000000000002,SELL,40147,20250328,0.15000000000000002,True
2025-03-31,4,-0.15000000000000002,SELL,40148,20250331,0.15000000000000002,True
2025-04-01,4,-0.15000000000000002,SELL,40149,20250401,0.15000000000000002,True
2025-04-02,4,-0.15000000000000002,SELL,40150,20250402,0.15000000000000002,True
2025-04-03,4,-0.65,STRONG SELL,40151,20250403,0.65,True
2025-04-04,4,-0.25,SELL,40152,20250404,0.25,True
2025-04-07,4,-0.30000000000000004,SELL,40153,20250407,0.30000000000000004,True
2025-04-08,4,-0.30000000000000004,SELL,40154,20250408,0.30000000000000004,True
2025-04-09,4,-0.30000000000000004,SELL,40155,20250409,0.30000000000000004,True
2025-04-10,4,-0.65,STRONG SELL,40156,20250410,0.65,True
2025-04-11,4,-0.65,STRONG SELL,40157,20250411,0.65,True
2025-04-14,4,-0.25,SELL,40158,20250414,0.25,True
2025-04-15,4,0.15000000000000002,BUY,40159,20250415,0.15000000000000002,True
2025-04-16,4,0.15000000000000002,BUY,40160,20250416,0.15000000000000002,True
2025-04-17,4,0.15000000000000002,BUY,40161,20250417,0.15000000000000002,True
2025-04-22,4,0.15000000000000002,BUY,40162,20250422,0.15000000000000002,True
2025-04-23,4,0.15000000000000002,BUY,40163,20250423,0.15000000000000002,True
2025-04-24,4,0.15000000000000002,BUY,40164,20250424,0.15000000000000002,True
2025-04-25,4,0.65,STRONG BUY,40165,20250425,0.65,True
2025-04-28,4,0.65,STRONG BUY,40166,20250428,0.65,True
2025-04-29,4,0.45,STRONG BUY,40167,20250429,0.45,True
2025-04-30,4,0.45,STRONG BUY,40168,20250430,0.45,True
2025-05-01,4,0.45,STRONG BUY,40169,20250501,0.45,True
2025-05-02,4,0.45,STRONG BUY,40170,20250502,0.45,True
2025-05-05,4,0.45,STRONG BUY,40171,20250505,0.45,True
2025-05-06,4,0.65,STRONG BUY,40172,20250506,0.65,True
2025-05-07,4,0.65,STRONG BUY,40173,20250507,0.65,True
2025-05-08,4,0.65,STRONG BUY,40174,20250508,0.65,True
2025-05-09,4,0.65,STRONG BUY,40175,20250509,0.65,True
2025-05-12,4,0.65,STRONG BUY,40176,20250512,0.65,True
2025-05-13,4,-0.15000000000000002,SELL,40177,20250513,0.15000000000000002,True
2025-05-14,4,0.25,BUY,40178,20250514,0.25,True
2025-05-15,4,0.25,BUY,40179,20250515,0.25,True
2025-05-16,4,-0.15000000000000002,SELL,40180,20250516,0.15000000000000002,True
2025-05-19,4,-0.15000000000000002,SELL,40181,20250519,0.15000000000000002,True
2025-05-20,4,0.25,BUY,40182,20250520,0.25,True
2025-05-21,4,0.25,BUY,40183,20250521,0.25,True
2025-05-22,4,0.25,BUY,40184,20250522,0.25,True
2025-05-23,4,-0.15000000000000002,SELL,40185,20250523,0.15000000000000002,True
2025-05-26,4,0.25,BUY,40186,20250526,0.25,True
2025-05-27,4,0.25,BUY,40187,20250527,0.25,True
2025-05-28,4,0.25,BUY,40188,20250528,0.25,True
2025-05-29,4,-0.15000000000000002,SELL,40189,20250529,0.15000000000000002,True
2025-05-30,4,0.25,BUY,40190,20250530,0.25,True
2025-06-02,4,0.25,BUY,40191,20250602,0.25,True
2025-06-03,4,0.25,BUY,40192,20250603,0.25,True
2025-06-04,4,0.25,BUY,40193,20250604,0.25,True
2025-06-05,4,0.25,BUY,40194,20250605,0.25,True
2025-06-06,4,0.65,STRONG BUY,40195,20250606,0.65,True
2025-06-09,4,0.65,STRONG BUY,40196,20250609,0.65,True
2025-06-10,4,0.65,STRONG BUY,40197,20250610,0.65,True
2025-06-11,4,0.65,STRONG BUY,40198,20250611,0.65,True
2025-06-12,4,0.65,STRONG BUY,40199,20250612,0.65,True
2025-06-13,4,0.65,STRONG BUY,40200,20250613,0.65,True
2025-06-16,4,0.65,STRONG BUY,40201,20250616,0.65,True
2025-06-17,4,0.25,BUY,40202,20250617,0.25,True
2025-06-18,4,-0.15000000000000002,SELL,40203,20250618,0.15000000000000002,True
2025-06-19,4,0.25,BUY,40204,20250619,0.25,True
2025-06-20,4,-0.15000000000000002,SELL,40205,20250620,0.15000000000000002,True
2025-06-23,4,-0.15000000000000002,SELL,40206,20250623,0.15000000000000002,True
2025-06-24,4,-0.15000000000000002,SELL,40207,20250624,0.15000000000000002,True
2025-06-25,4,0.25,BUY,40208,20250625,0.25,True
2025-06-26,4,0.25,BUY,40209,20250626,0.25,True
2025-06-27,4,0.25,BUY,40210,20250627,0.25,True
2025-06-30,4,0.65,STRONG BUY,40211,20250630,0.65,True
2025-07-01,4,0.5,STRONG BUY,40212,20250701,0.5,True
2025-07-02,4,0.5,STRONG BUY,40213,20250702,0.5,True
2025-07-03,4,0.65,STRONG BUY,40214,20250703,0.65,True
2025-07-04,4,0.65,STRONG BUY,40215,20250704,0.65,True
2025-07-07,4,0.65,STRONG BUY,40216,20250707,0.65,True
2025-07-08,4,-0.15000000000000002,SELL,40217,20250708,0.15000000000000002,True
2025-07-09,4,0.25,BUY,40218,20250709,0.25,True
2025-07-10,4,0.25,BUY,40219,20250710,0.25,True
2025-07-11,4,0.04999999999999999,HOLD,40220,20250711,0.04999999999999999,True
2025-07-14,4,0.65,STRONG BUY,40221,20250714,0.65,True
2025-07-15,4,0.25,BUY,40222,20250715,0.25,True
2025-07-16,4,-0.15000000000000002,SELL,40223,20250716,0.15000000000000002,True
2025-07-17,4,-0.15000000000000002,SELL,40224,20250717,0.15000000000000002,True
2025-07-18,4,-0.15000000000000002,SELL,40225,20250718,0.15000000000000002,True
2025-07-21,4,-0.15000000000000002,SELL,40226,20250721,0.15000000000000002,True
2025-07-22,4,-0.15000000000000002,SELL,40227,20250722,0.15000000000000002,True
2025-07-23,4,0.25,BUY,40228,20250723,0.25,True
2025-07-24,4,0.25,BUY,40229,20250724,0.25,True
2025-07-25,4,0.65,STRONG BUY,40230,20250725,0.65,True
2025-07-28,4,0.65,STRONG BUY,40231,20250728,0.65,True
2025-07-29,4,-0.15000000000000002,SELL,40232,20250729,0.15000000000000002,True
2025-07-30,4,-0.15000000000000002,SELL,40233,20250730,0.15000000000000002,True
2025-07-31,4,-2.7755575615628914e-17,HOLD,40234,20250731,2.7755575615628914e-17,True
2025-08-01,4,-2.7755575615628914e-17,HOLD,40235,20250801,2.7755575615628914e-17,True
2025-08-04,4,-0.15000000000000002,SELL,40236,20250804,0.15000000000000002,True
2025-08-05,4,-0.15000000000000002,SELL,40237,20250805,0.15000000000000002,True
2025-08-06,4,-0.65,STRONG SELL,40238,20250806,0.65,True
2025-08-07,4,-0.65,STRONG SELL,40239,20250807,0.65,True
2025-08-08,4,-0.25,SELL,40240,20250808,0.25,True
2025-08-11,4,-0.25,SELL,40241,20250811,0.25,True
2025-08-12,4,-0.65,STRONG SELL,40242,20250812,0.65,True
2025-08-13,4,0.15000000000000002,BUY,40243,20250813,0.15000000000000002,True
2025-08-14,4,0.15000000000000002,BUY,40244,20250814,0.15000000000000002,True
2025-08-15,4,-0.25,SELL,40245,20250815,0.25,True
2025-08-18,4,-0.25,SELL,40246,20250818,0.25,True
2025-08-19,4,-0.25,SELL,40247,20250819,0.25,True
2025-08-20,4,-0.65,STRONG SELL,40248,20250820,0.65,True
2025-08-21,4,-0.65,STRONG SELL,40249,20250821,0.65,True
2025-08-22,4,-0.65,STRONG SELL,40250,20250822,0.65,True
2025-08-25,4,-0.65,STRONG SELL,40251,20250825,0.65,True
2025-08-26,4,-0.65,STRONG SELL,40252,20250826,0.65,True
2025-08-27,4,-0.25,SELL,40253,20250827,0.25,True
2025-08-28,4,0.15000000000000002,BUY,40254,20250828,0.15000000000000002,True
2025-08-29,4,0.15000000000000002,BUY,40255,20250829,0.15000000000000002,True
2025-09-01,4,0.15000000000000002,BUY,40256,20250901,0.15000000000000002,True
2025-09-02,4,0.15000000000000002,BUY,40257,20250902,0.15000000000000002,True
2025-09-03,4,0.15000000000000002,BUY,40258,20250903,0.15000000000000002,True
2025-09-04,4,0.15000000000000002,BUY,40259,20250904,0.15000000000000002,True
2025-09-05,4,0.15000000000000002,BUY,40260,20250905,0.15000000000000002,True
2025-09-08,4,0.65,STRONG BUY,40261,20250908,0.65,True
2025-09-09,4,0.30000000000000004,BUY,40262,20250909,0.30000000000000004,True
2025-09-10,4,0.45,STRONG BUY,40263,20250910,0.45,True
2025-09-11,4,0.45,STRONG BUY,40264,20250911,0.45,True
2025-09-12,4,0.30000000000000004,BUY,40265,20250912,0.30000000000000004,True
2025-09-15,4,0.45,STRONG BUY,40266,20250915,0.45,True
2025-09-16,4,0.45,STRONG BUY,40267,20250916,0.45,True
2025-09-17,4,0.45,STRONG BUY,40268,20250917,0.45,True
2025-09-18,4,0.65,STRONG BUY,40269,20250918,0.65,True
2025-09-19,4,0.65,STRONG BUY,40270,20250919,0.65,True
2025-09-22,4,0.65,STRONG BUY,40271,20250922,0.65,True
2025-09-23,4,0.25,BUY,40272,20250923,0.25,True
2025-09-24,4,0.25,BUY,40273,20250924,0.25,True
2025-09-25,4,-0.15000000000000002,SELL,40274,20250925,0.15000000000000002,True
2025-09-26,4,-0.15000000000000002,SELL,40275,20250926,0.15000000000000002,True
2025-09-29,4,-0.15000000000000002,SELL,40276,20250929,0.15000000000000002,True
2025-09-30,4,-0.15000000000000002,SELL,40277,20250930,0.15000000000000002,True
2025-10-01,4,0.25,BUY,40278,20251001,0.25,True
2025-10-02,4,0.25,BUY,40279,20251002,0.25,True
2025-10-03,4,-0.15000000000000002,SELL,40280,20251003,0.15000000000000002,True
2025-10-06,4,-0.15000000000000002,SELL,40281,20251006,0.15000000000000002,True
2025-10-07,4,0.25,BUY,40282,20251007,0.25,True
2025-10-08,4,-0.15000000000000002,SELL,40283,20251008,0.15000000000000002,True
2025-10-09,4,-0.15000000000000002,SELL,40284,20251009,0.15000000000000002,True
2025-10-10,4,-0.15000000000000002,SELL,40285,20251010,0.15000000000000002,True
2025-10-13,4,-2.7755575615628914e-17,HOLD,40286,20251013,2.7755575615628914e-17,True
2025-10-14,4,-0.15000000000000002,SELL,40287,20251014,0.15000000000000002,True
2025-10-15,4,-2.7755575615628914e-17,HOLD,40288,20251015,2.7755575615628914e-17,True
2025-10-16,4,-0.65,STRONG SELL,40289,20251016,0.65,True
2025-10-17,4,-0.65,STRONG SELL,40290,20251017,0.65,True
2025-10-20,4,-0.65,STRONG SELL,40291,20251020,0.65,True
2025-10-21,4,-0.65,STRONG SELL,40292,20251021,0.65,True
2025-10-22,4,-0.45,STRONG SELL,40293,20251022,0.45,True
2025-10-23,4,-0.65,STRONG SELL,40294,20251023,0.65,True
2025-10-24,4,-0.65,STRONG SELL,40295,20251024,0.65,True
2025-10-27,4,-0.65,STRONG SELL,40296,20251027,0.65,True
2025-10-28,4,0.15000000000000002,BUY,40297,20251028,0.15000000000000002,True
2025-10-29,4,0.15000000000000002,BUY,40298,20251029,0.15000000000000002,True
2025-10-30,4,0.15000000000000002,BUY,40299,20251030,0.15000000000000002,True
2025-10-31,4,0.15000000000000002,BUY,40300,20251031,0.15000000000000002,True
2025-11-03,4,0.15000000000000002,BUY,40301,20251103,0.15000000000000002,True
2025-11-04,4,0.15000000000000002,BUY,40302,20251104,0.15000000000000002,True
2025-11-05,4,-0.25,SELL,40303,20251105,0.25,True
2025-11-06,4,-0.65,STRONG SELL,40304,20251106,0.65,True
2025-11-07,4,-0.65,STRONG SELL,40305,20251107,0.65,True
2025-11-10,4,-0.65,STRONG SELL,40306,20251110,0.65,True
2025-11-11,4,-0.25,SELL,40307,20251111,0.25,True
2025-11-12,4,0.15000000000000002,BUY,40308,20251112,0.15000000000000002,True
2025-11-13,4,0.15000000000000002,BUY,40309,20251113,0.15000000000000002,True
2025-11-14,4,0.15000000000000002,BUY,40310,20251114,0.15000000000000002,True
2025-11-17,4,0.15000000000000002,BUY,40311,20251117,0.15000000000000002,True
2025-11-18,4,-0.25,SELL,40312,20251118,0.25,True
2025-11-19,4,-0.65,STRONG SELL,40313,20251119,0.65,True
2025-11-20,4,-0.65,STRONG SELL,40314,20251120,0.65,True
2025-11-21,4,-0.5,STRONG SELL,40315,20251121,0.5,True
2025-11-24,4,-0.65,STRONG SELL,40316,20251124,0.65,True
2025-11-25,4,-0.65,STRONG SELL,40317,20251125,0.65,True
2025-11-26,4,-0.65,STRONG SELL,40318,20251126,0.65,True
2025-11-27,4,-0.25,SELL,40319,20251127,0.25,True
2025-11-28,4,0.15000000000000002,BUY,40320,20251128,0.15000000000000002,True
2025-12-01,4,0.15000000000000002,BUY,40321,20251201,0.15000000000000002,True
2025-12-02,4,0.15000000000000002,BUY,40322,20251202,0.15000000000000002,True
2025-12-03,4,0.15000000000000002,BUY,40323,20251203,0.15000000000000002,True
2025-12-04,4,2.7755575615628914e-17,HOLD,40324,20251204,2.7755575615628914e-17,True
2025-12-05,4,0.15000000000000002,BUY,40325,20251205,0.15000000000000002,True
2025-12-08,4,0.30000000000000004,BUY,40326,20251208,0.30000000000000004,True
2025-12-09,4,0.45,STRONG BUY,40327,20251209,0.45,True
2025-12-10,4,0.45,STRONG BUY,40328,20251210,0.45,True
2025-12-11,4,0.45,STRONG BUY,40329,20251211,0.45,True
2025-12-12,4,0.45,STRONG BUY,40330,20251212,0.45,True
2025-12-15,4,0.45,STRONG BUY,40331,20251215,0.45,True
2025-12-16,4,0.45,STRONG BUY,40332,20251216,0.45,True
2025-12-17,4,0.45,STRONG BUY,40333,20251217,0.45,True
2025-12-18,4,0.65,STRONG BUY,40334,20251218,0.65,True
2025-12-19,4,0.65,STRONG BUY,40335,20251219,0.65,True
2025-12-22,4,0.25,BUY,40336,20251222,0.25,True
2025-12-23,4,0.25,BUY,40337,20251223,0.25,True
2025-12-24,4,0.65,STRONG BUY,40338,20251224,0.65,True
2025-12-26,4,0.65,STRONG BUY,40339,20251226,0.65,True
2025-12-29,4,0.65,STRONG BUY,40340,20251229,0.65,True
2025-12-30,4,0.65,STRONG BUY,40341,20251230,0.65,True
2025-12-31,4,0.65,STRONG BUY,40342,20251231,0.65,True
2026-01-02,4,0.65,STRONG BUY,40343,20260102,0.65,True
2026-01-05,4,0.65,STRONG BUY,40344,20260105,0.65,True
2026-01-06,4,0.65,STRONG BUY,40345,20260106,0.65,True
2026-01-07,4,0.65,STRONG BUY,40346,20260107,0.65,True
2026-01-08,4,0.65,STRONG BUY,40347,20260108,0.65,True
2026-01-09,4,0.25,BUY,40348,20260109,0.25,True
2026-01-12,4,0.25,BUY,40349,20260112,0.25,True
2026-01-13,4,0.25,BUY,40350,20260113,0.25,True
2026-01-14,4,0.25,BUY,40351,20260114,0.25,True
2026-01-15,4,0.25,BUY,40352,20260115,0.25,True
2026-01-16,4,0.25,BUY,40353,20260116,0.25,True
2026-01-19,4,-0.15000000000000002,SELL,40354,20260119,0.15000000000000002,True
2026-01-20,4,0.25,BUY,40355,20260120,0.25,True
2026-01-21,4,0.25,BUY,40356,20260121,0.25,True
2026-01-22,4,0.1,HOLD,40357,20260122,0.1,True
2026-01-23,4,0.30000000000000004,BUY,40358,20260123,0.30000000000000004,True
2026-01-26,4,0.30000000000000004,BUY,40359,20260126,0.30000000000000004,True
2026-01-27,4,0.30000000000000004,BUY,40360,20260127,0.30000000000000004,True
2026-01-28,4,0.30000000000000004,BUY,40361,20260128,0.30000000000000004,True
2026-01-29,4,0.30000000000000004,BUY,40362,20260129,0.30000000000000004,True
2026-01-30,4,0.30000000000000004,BUY,40363,20260130,0.30000000000000004,True
2026-02-02,4,0.45,STRONG BUY,40364,20260202,0.45,True
2026-02-03,4,0.45,STRONG BUY,40365,20260203,0.45,True
2026-02-04,4,0.45,STRONG BUY,40366,20260204,0.45,True
2026-02-05,4,0.45,STRONG BUY,40367,20260205,0.45,True
2026-02-06,4,0.65,STRONG BUY,40368,20260206,0.65,True
2026-02-09,4,0.45,STRONG BUY,40369,20260209,0.45,True
2026-02-10,4,0.45,STRONG BUY,40370,20260210,0.45,True
2026-02-11,4,0.45,STRONG BUY,40371,20260211,0.45,True
2026-02-12,4,0.65,STRONG BUY,40372,20260212,0.65,True
2026-02-13,4,0.65,STRONG BUY,40373,20260213,0.65,True
2026-02-16,4,0.65,STRONG BUY,40374,20260216,0.65,True
2026-02-17,4,0.65,STRONG BUY,40375,20260217,0.65,True
2026-02-18,4,0.25,BUY,40376,20260218,0.25,True
2026-02-19,4,0.25,BUY,40377,20260219,0.25,True
2026-02-20,4,0.25,BUY,40378,20260220,0.25,True
2026-02-23,4,0.25,BUY,40379,20260223,0.25,True
2026-02-24,4,0.25,BUY,40380,20260224,0.25,True
2026-02-25,4,0.25,BUY,40381,20260225,0.25,True
2026-02-26,4,0.25,BUY,40382,20260226,0.25,True
2026-02-27,4,0.25,BUY,40383,20260227,0.25,True
2026-03-02,4,0.25,BUY,40384,20260302,0.25,True
2026-03-03,4,0.25,BUY,40385,20260303,0.25,True
2026-03-04,4,-0.15000000000000002,SELL,40386,20260304,0.15000000000000002,True
2026-03-05,4,0.25,BUY,40387,20260305,0.25,True
2026-03-06,4,-2.7755575615628914e-17,HOLD,40388,20260306,2.7755575615628914e-17,True
2026-03-09,4,-2.7755575615628914e-17,HOLD,40389,20260309,2.7755575615628914e-17,True
2026-03-10,4,-0.15000000000000002,SELL,40390,20260310,0.15000000000000002,True
2026-03-11,4,0.25,BUY,40391,20260311,0.25,True
2026-03-12,4,0.25,BUY,40392,20260312,0.25,True
2026-03-13,4,0.25,BUY,40393,20260313,0.25,True
2026-03-16,4,-0.15000000000000002,SELL,40394,20260316,0.15000000000000002,True
2026-03-17,4,0.25,BUY,40395,20260317,0.25,True
2026-03-18,4,0.25,BUY,40396,20260318,0.25,True
2026-03-19,4,-0.15000000000000002,SELL,40397,20260319,0.15000000000000002,True
2026-03-20,4,0.25,BUY,40398,20260320,0.25,True
2026-03-23,4,-0.15000000000000002,SELL,40399,20260323,0.15000000000000002,True
2026-03-24,4,-0.15000000000000002,SELL,40400,20260324,0.15000000000000002,True
2026-03-25,4,-0.15000000000000002,SELL,40401,20260325,0.15000000000000002,True
2026-03-26,4,-2.7755575615628914e-17,HOLD,40402,20260326,2.7755575615628914e-17,True
2026-03-27,4,-2.7755575615628914e-17,HOLD,40403,20260327,2.7755575615628914e-17,True
2026-03-30,4,-0.5,STRONG SELL,40404,20260330,0.5,True
2026-03-31,4,-0.30000000000000004,SELL,40405,20260331,0.30000000000000004,True
2026-04-01,4,-0.65,STRONG SELL,40406,20260401,0.65,True
2026-04-02,4,-0.65,STRONG SELL,40407,20260402,0.65,True
2026-04-03,4,-0.65,STRONG SELL,40408,20260403,0.65,True
2026-04-06,4,-0.65,STRONG SELL,40409,20260406,0.65,True
2026-04-07,4,-0.65,STRONG SELL,40410,20260407,0.65,True
2026-04-08,4,0.15000000000000002,BUY,40411,20260408,0.15000000000000002,True
2026-04-09,4,0.15000000000000002,BUY,40412,20260409,0.15000000000000002,True
2026-04-10,4,0.15000000000000002,BUY,40413,20260410,0.15000000000000002,True
2026-04-13,4,0.15000000000000002,BUY,40414,20260413,0.15000000000000002,True
2026-04-14,4,0.15000000000000002,BUY,40415,20260414,0.15000000000000002,True
2026-04-15,4,0.15000000000000002,BUY,40416,20260415,0.15000000000000002,True
2026-04-16,4,-0.04999999999999999,HOLD,40417,20260416,0.04999999999999999,True
2026-04-17,4,0.45,STRONG BUY,40418,20260417,0.45,True
2026-04-20,4,0.45,STRONG BUY,40419,20260420,0.45,True
2026-04-21,4,0.45,STRONG BUY,40420,20260421,0.45,True
2026-04-22,4,0.65,STRONG BUY,40421,20260422,0.65,True
2026-04-23,4,0.45,STRONG BUY,40422,20260423,0.45,True
2026-04-24,4,0.45,STRONG BUY,40423,20260424,0.45,True
2026-04-27,4,0.65,STRONG BUY,40424,20260427,0.65,True
2026-04-28,4,0.65,STRONG BUY,40425,20260428,0.65,True
2026-04-29,4,0.65,STRONG BUY,40426,20260429,0.65,True
2026-04-30,4,0.65,STRONG BUY,40427,20260430,0.65,True
2026-05-01,4,0.65,STRONG BUY,40428,20260501,0.65,True
2026-05-04,4,0.65,STRONG BUY,40429,20260504,0.65,True
2026-05-05,4,0.65,STRONG BUY,40430,20260505,0.65,True
2026-05-06,4,0.65,STRONG BUY,40431,20260506,0.65,True
2026-05-07,4,0.65,STRONG BUY,40432,20260507,0.65,True
2026-05-08,4,0.65,STRONG BUY,40433,20260508,0.65,True
2026-05-11,4,0.65,STRONG BUY,40434,20260511,0.65,True
2026-05-12,4,0.65,STRONG BUY,40435,20260512,0.65,True
2026-05-13,4,0.65,STRONG BUY,40436,20260513,0.65,True
2026-05-14,4,0.65,STRONG BUY,40437,20260514,0.65,True
2026-05-15,4,0.25,BUY,40438,20260515,0.25,True
2026-05-18,4,-0.15000000000000002,SELL,40439,20260518,0.15000000000000002,True
2026-05-19,4,-0.15000000000000002,SELL,40440,20260519,0.15000000000000002,True
2026-05-20,4,-0.15000000000000002,SELL,40441,20260520,0.15000000000000002,True
2026-05-21,4,-0.15000000000000002,SELL,40442,20260521,0.15000000000000002,True
2026-05-22,4,-0.15000000000000002,SELL,40443,20260522,0.15000000000000002,True
2026-05-25,4,-0.15000000000000002,SELL,40444,20260525,0.15000000000000002,True
2026-05-26,4,-0.15000000000000002,SELL,40445,20260526,0.15000000000000002,True
2026-05-27,4,-0.15000000000000002,SELL,40446,20260527,0.15000000000000002,True
2026-05-28,4,-0.15000000000000002,SELL,40447,20260528,0.15000000000000002,True
2026-05-29,4,-0.15000000000000002,SELL,40448,20260529,0.15000000000000002,True
2026-06-01,4,-0.15000000000000002,SELL,40449,20260601,0.15000000000000002,True
2026-06-02,4,-0.15000000000000002,SELL,40450,20260602,0.15000000000000002,True
2026-06-03,4,-0.15000000000000002,SELL,40451,20260603,0.15000000000000002,True
2026-06-04,4,-0.15000000000000002,SELL,40452,20260604,0.15000000000000002,True
2026-06-05,4,-0.15000000000000002,SELL,40453,20260605,0.15000000000000002,True
2026-06-08,4,-2.7755575615628914e-17,HOLD,40454,20260608,2.7755575615628914e-17,True
2026-06-09,4,-2.7755575615628914e-17,HOLD,40455,20260609,2.7755575615628914e-17,True
2026-06-10,4,-0.30000000000000004,SELL,40456,20260610,0.30000000000000004,True
2026-06-11,4,-0.30000000000000004,SELL,40457,20260611,0.30000000000000004,True
2026-06-12,4,-0.65,STRONG SELL,40458,20260612,0.65,True
2026-06-15,4,-0.65,STRONG SELL,40459,20260615,0.65,True
2026-06-16,4,-0.65,STRONG SELL,40460,20260616,0.65,True
2026-06-17,4,-0.65,STRONG SELL,40461,20260617,0.65,True
2026-06-18,4,-0.45,STRONG SELL,40462,20260618,0.45,True
2026-06-19,4,-0.45,STRONG SELL,40463,20260619,0.45,True
2026-06-22,4,-0.45,STRONG SELL,40464,20260622,0.45,True
2026-06-23,4,-0.45,STRONG SELL,40465,20260623,0.45,True
2026-06-24,4,-0.30000000000000004,SELL,40466,20260624,0.30000000000000004,True
2026-06-25,4,-0.45,STRONG SELL,40467,20260625,0.45,True
2026-06-26,4,-0.45,STRONG SELL,40468,20260626,0.45,True
2024-09-03,5,0.25,BUY,50000,20240903,0.25,True
2024-09-04,5,0.25,BUY,50001,20240904,0.25,True
2024-09-05,5,0.25,BUY,50002,20240905,0.25,True
2024-09-06,5,0.25,BUY,50003,20240906,0.25,True
2024-09-09,5,0.25,BUY,50004,20240909,0.25,True
2024-09-10,5,0.25,BUY,50005,20240910,0.25,True
2024-09-11,5,0.25,BUY,50006,20240911,0.25,True
2024-09-12,5,0.25,BUY,50007,20240912,0.25,True
2024-09-13,5,0.25,BUY,50008,20240913,0.25,True
2024-09-16,5,-0.15000000000000002,SELL,50009,20240916,0.15000000000000002,True
2024-09-17,5,-0.15000000000000002,SELL,50010,20240917,0.15000000000000002,True
2024-09-18,5,-2.7755575615628914e-17,HOLD,50011,20240918,2.7755575615628914e-17,True
2024-09-19,5,0.2,BUY,50012,20240919,0.2,True
2024-09-20,5,0.2,BUY,50013,20240920,0.2,True
2024-09-23,5,-0.30000000000000004,SELL,50014,20240923,0.30000000000000004,True
2024-09-24,5,-0.45,STRONG SELL,50015,20240924,0.45,True
2024-09-25,5,-0.45,STRONG SELL,50016,20240925,0.45,True
2024-09-26,5,-0.45,STRONG SELL,50017,20240926,0.45,True
2024-09-27,5,-0.45,STRONG SELL,50018,20240927,0.45,True
2024-09-30,5,-0.65,STRONG SELL,50019,20240930,0.65,True
2024-10-01,5,-0.25,SELL,50020,20241001,0.25,True
2024-10-02,5,0.15000000000000002,BUY,50021,20241002,0.15000000000000002,True
2024-10-03,5,0.15000000000000002,BUY,50022,20241003,0.15000000000000002,True
2024-10-04,5,0.15000000000000002,BUY,50023,20241004,0.15000000000000002,True
2024-10-07,5,0.15000000000000002,BUY,50024,20241007,0.15000000000000002,True
2024-10-08,5,0.15000000000000002,BUY,50025,20241008,0.15000000000000002,True
2024-10-09,5,0.15000000000000002,BUY,50026,20241009,0.15000000000000002,True
2024-10-10,5,0.65,STRONG BUY,50027,20241010,0.65,True
2024-10-11,5,0.45,STRONG BUY,50028,20241011,0.45,True
2024-10-14,5,0.45,STRONG BUY,50029,20241014,0.45,True
2024-10-15,5,0.45,STRONG BUY,50030,20241015,0.45,True
2024-10-16,5,0.45,STRONG BUY,50031,20241016,0.45,True
2024-10-17,5,0.45,STRONG BUY,50032,20241017,0.45,True
2024-10-18,5,0.45,STRONG BUY,50033,20241018,0.45,True
2024-10-21,5,0.65,STRONG BUY,50034,20241021,0.65,True
2024-10-22,5,0.65,STRONG BUY,50035,20241022,0.65,True
2024-10-23,5,0.65,STRONG BUY,50036,20241023,0.65,True
2024-10-24,5,0.65,STRONG BUY,50037,20241024,0.65,True
2024-10-25,5,0.65,STRONG BUY,50038,20241025,0.65,True
2024-10-28,5,0.65,STRONG BUY,50039,20241028,0.65,True
2024-10-29,5,0.65,STRONG BUY,50040,20241029,0.65,True
2024-10-30,5,0.65,STRONG BUY,50041,20241030,0.65,True
2024-10-31,5,0.25,BUY,50042,20241031,0.25,True
2024-11-01,5,0.25,BUY,50043,20241101,0.25,True
2024-11-04,5,0.04999999999999999,HOLD,50044,20241104,0.04999999999999999,True
2024-11-05,5,0.04999999999999999,HOLD,50045,20241105,0.04999999999999999,True
2024-11-06,5,0.25,BUY,50046,20241106,0.25,True
2024-11-07,5,0.30000000000000004,BUY,50047,20241107,0.30000000000000004,True
2024-11-08,5,0.30000000000000004,BUY,50048,20241108,0.30000000000000004,True
2024-11-11,5,0.30000000000000004,BUY,50049,20241111,0.30000000000000004,True
2024-11-12,5,0.30000000000000004,BUY,50050,20241112,0.30000000000000004,True
2024-11-13,5,0.30000000000000004,BUY,50051,20241113,0.30000000000000004,True
2024-11-14,5,0.45,STRONG BUY,50052,20241114,0.45,True
2024-11-15,5,0.45,STRONG BUY,50053,20241115,0.45,True
2024-11-18,5,0.45,STRONG BUY,50054,20241118,0.45,True
2024-11-19,5,0.45,STRONG BUY,50055,20241119,0.45,True
2024-11-20,5,0.45,STRONG BUY,50056,20241120,0.45,True
2024-11-21,5,0.45,STRONG BUY,50057,20241121,0.45,True
2024-11-22,5,0.45,STRONG BUY,50058,20241122,0.45,True
2024-11-25,5,0.45,STRONG BUY,50059,20241125,0.45,True
2024-11-26,5,0.25,BUY,50060,20241126,0.25,True
2024-11-27,5,0.25,BUY,50061,20241127,0.25,True
2024-11-28,5,0.25,BUY,50062,20241128,0.25,True
2024-11-29,5,0.25,BUY,50063,20241129,0.25,True
2024-12-02,5,0.25,BUY,50064,20241202,0.25,True
2024-12-03,5,0.30000000000000004,BUY,50065,20241203,0.30000000000000004,True
2024-12-04,5,0.5,STRONG BUY,50066,20241204,0.5,True
2024-12-05,5,0.5,STRONG BUY,50067,20241205,0.5,True
2024-12-06,5,0.65,STRONG BUY,50068,20241206,0.65,True
2024-12-09,5,0.65,STRONG BUY,50069,20241209,0.65,True
2024-12-10,5,0.30000000000000004,BUY,50070,20241210,0.30000000000000004,True
2024-12-11,5,0.30000000000000004,BUY,50071,20241211,0.30000000000000004,True
2024-12-12,5,0.45,STRONG BUY,50072,20241212,0.45,True
2024-12-13,5,0.45,STRONG BUY,50073,20241213,0.45,True
2024-12-16,5,0.45,STRONG BUY,50074,20241216,0.45,True
2024-12-17,5,0.45,STRONG BUY,50075,20241217,0.45,True
2024-12-18,5,0.45,STRONG BUY,50076,20241218,0.45,True
2024-12-19,5,0.30000000000000004,BUY,50077,20241219,0.30000000000000004,True
2024-12-20,5,0.30000000000000004,BUY,50078,20241220,0.30000000000000004,True
2024-12-23,5,0.65,STRONG BUY,50079,20241223,0.65,True
2024-12-24,5,0.65,STRONG BUY,50080,20241224,0.65,True
2024-12-25,5,0.65,STRONG BUY,50081,20241225,0.65,True
2024-12-26,5,0.30000000000000004,BUY,50082,20241226,0.30000000000000004,True
2024-12-27,5,0.65,STRONG BUY,50083,20241227,0.65,True
2024-12-30,5,0.65,STRONG BUY,50084,20241230,0.65,True
2024-12-31,5,0.30000000000000004,BUY,50085,20241231,0.30000000000000004,True
2025-01-02,5,0.30000000000000004,BUY,50086,20250102,0.30000000000000004,True
2025-01-03,5,0.45,STRONG BUY,50087,20250103,0.45,True
2025-01-06,5,0.45,STRONG BUY,50088,20250106,0.45,True
2025-01-07,5,0.65,STRONG BUY,50089,20250107,0.65,True
2025-01-08,5,0.45,STRONG BUY,50090,20250108,0.45,True
2025-01-09,5,0.65,STRONG BUY,50091,20250109,0.65,True
2025-01-10,5,0.65,STRONG BUY,50092,20250110,0.65,True
2025-01-13,5,0.45,STRONG BUY,50093,20250113,0.45,True
2025-01-14,5,0.30000000000000004,BUY,50094,20250114,0.30000000000000004,True
2025-01-15,5,0.45,STRONG BUY,50095,20250115,0.45,True
2025-01-16,5,0.45,STRONG BUY,50096,20250116,0.45,True
2025-01-17,5,0.45,STRONG BUY,50097,20250117,0.45,True
2025-01-20,5,0.45,STRONG BUY,50098,20250120,0.45,True
2025-01-21,5,0.65,STRONG BUY,50099,20250121,0.65,True
2025-01-22,5,0.65,STRONG BUY,50100,20250122,0.65,True
2025-01-23,5,0.25,BUY,50101,20250123,0.25,True
2025-01-24,5,0.25,BUY,50102,20250124,0.25,True
2025-01-27,5,0.25,BUY,50103,20250127,0.25,True
2025-01-28,5,0.25,BUY,50104,20250128,0.25,True
2025-01-29,5,0.25,BUY,50105,20250129,0.25,True
2025-01-30,5,0.25,BUY,50106,20250130,0.25,True
2025-01-31,5,0.25,BUY,50107,20250131,0.25,True
2025-02-03,5,0.25,BUY,50108,20250203,0.25,True
2025-02-04,5,0.25,BUY,50109,20250204,0.25,True
2025-02-05,5,0.5,STRONG BUY,50110,20250205,0.5,True
2025-02-06,5,0.5,STRONG BUY,50111,20250206,0.5,True
2025-02-07,5,0.30000000000000004,BUY,50112,20250207,0.30000000000000004,True
2025-02-10,5,0.30000000000000004,BUY,50113,20250210,0.30000000000000004,True
2025-02-11,5,0.45,STRONG BUY,50114,20250211,0.45,True
2025-02-12,5,0.65,STRONG BUY,50115,20250212,0.65,True
2025-02-13,5,0.25,BUY,50116,20250213,0.25,True
2025-02-14,5,-0.15000000000000002,SELL,50117,20250214,0.15000000000000002,True
2025-02-17,5,-0.15000000000000002,SELL,50118,20250217,0.15000000000000002,True
2025-02-18,5,0.25,BUY,50119,20250218,0.25,True
2025-02-19,5,0.25,BUY,50120,20250219,0.25,True
2025-02-20,5,0.25,BUY,50121,20250220,0.25,True
2025-02-21,5,-0.15000000000000002,SELL,50122,20250221,0.15000000000000002,True
2025-02-24,5,-0.15000000000000002,SELL,50123,20250224,0.15000000000000002,True
2025-02-25,5,-0.15000000000000002,SELL,50124,20250225,0.15000000000000002,True
2025-02-26,5,0.25,BUY,50125,20250226,0.25,True
2025-02-27,5,0.25,BUY,50126,20250227,0.25,True
2025-02-28,5,0.25,BUY,50127,20250228,0.25,True
2025-03-03,5,0.65,STRONG BUY,50128,20250303,0.65,True
2025-03-04,5,0.65,STRONG BUY,50129,20250304,0.65,True
2025-03-05,5,0.65,STRONG BUY,50130,20250305,0.65,True
2025-03-06,5,-0.15000000000000002,SELL,50131,20250306,0.15000000000000002,True
2025-03-07,5,0.25,BUY,50132,20250307,0.25,True
2025-03-10,5,0.25,BUY,50133,20250310,0.25,True
2025-03-11,5,0.25,BUY,50134,20250311,0.25,True
2025-03-12,5,0.25,BUY,50135,20250312,0.25,True
2025-03-13,5,0.25,BUY,50136,20250313,0.25,True
2025-03-14,5,-0.15000000000000002,SELL,50137,20250314,0.15000000000000002,True
2025-03-17,5,-0.15000000000000002,SELL,50138,20250317,0.15000000000000002,True
2025-03-18,5,-0.15000000000000002,SELL,50139,20250318,0.15000000000000002,True
2025-03-19,5,-0.15000000000000002,SELL,50140,20250319,0.15000000000000002,True
2025-03-20,5,-0.15000000000000002,SELL,50141,20250320,0.15000000000000002,True
2025-03-21,5,0.04999999999999999,HOLD,50142,20250321,0.04999999999999999,True
2025-03-24,5,-0.30000000000000004,SELL,50143,20250324,0.30000000000000004,True
2025-03-25,5,-0.30000000000000004,SELL,50144,20250325,0.30000000000000004,True
2025-03-26,5,-0.30000000000000004,SELL,50145,20250326,0.30000000000000004,True
2025-03-27,5,-0.65,STRONG SELL,50146,20250327,0.65,True
2025-03-28,5,-0.45,STRONG SELL,50147,20250328,0.45,True
2025-03-31,5,-0.45,STRONG SELL,50148,20250331,0.45,True
2025-04-01,5,-0.45,STRONG SELL,50149,20250401,0.45,True
2025-04-02,5,-0.45,STRONG SELL,50150,20250402,0.45,True
2025-04-03,5,-0.45,STRONG SELL,50151,20250403,0.45,True
2025-04-04,5,-0.45,STRONG SELL,50152,20250404,0.45,True
2025-04-07,5,-0.45,STRONG SELL,50153,20250407,0.45,True
2025-04-08,5,-0.65,STRONG SELL,50154,20250408,0.65,True
2025-04-09,5,0.15000000000000002,BUY,50155,20250409,0.15000000000000002,True
2025-04-10,5,0.15000000000000002,BUY,50156,20250410,0.15000000000000002,True
2025-04-11,5,0.15000000000000002,BUY,50157,20250411,0.15000000000000002,True
2025-04-14,5,0.15000000000000002,BUY,50158,20250414,0.15000000000000002,True
2025-04-15,5,0.15000000000000002,BUY,50159,20250415,0.15000000000000002,True
2025-04-16,5,-0.25,SELL,50160,20250416,0.25,True
2025-04-17,5,-0.25,SELL,50161,20250417,0.25,True
2025-04-22,5,-0.65,STRONG SELL,50162,20250422,0.65,True
2025-04-23,5,-0.65,STRONG SELL,50163,20250423,0.65,True
2025-04-24,5,-0.65,STRONG SELL,50164,20250424,0.65,True
2025-04-25,5,-0.65,STRONG SELL,50165,20250425,0.65,True
2025-04-28,5,-0.65,STRONG SELL,50166,20250428,0.65,True
2025-04-29,5,-0.65,STRONG SELL,50167,20250429,0.65,True
2025-04-30,5,-0.65,STRONG SELL,50168,20250430,0.65,True
2025-05-01,5,-0.30000000000000004,SELL,50169,20250501,0.30000000000000004,True
2025-05-02,5,-0.45,STRONG SELL,50170,20250502,0.45,True
2025-05-05,5,-0.45,STRONG SELL,50171,20250505,0.45,True
2025-05-06,5,-0.45,STRONG SELL,50172,20250506,0.45,True
2025-05-07,5,-0.65,STRONG SELL,50173,20250507,0.65,True
2025-05-08,5,-0.65,STRONG SELL,50174,20250508,0.65,True
2025-05-09,5,0.15000000000000002,BUY,50175,20250509,0.15000000000000002,True
2025-05-12,5,0.15000000000000002,BUY,50176,20250512,0.15000000000000002,True
2025-05-13,5,-0.25,SELL,50177,20250513,0.25,True
2025-05-14,5,-0.25,SELL,50178,20250514,0.25,True
2025-05-15,5,0.15000000000000002,BUY,50179,20250515,0.15000000000000002,True
2025-05-16,5,0.15000000000000002,BUY,50180,20250516,0.15000000000000002,True
2025-05-19,5,0.15000000000000002,BUY,50181,20250519,0.15000000000000002,True
2025-05-20,5,0.15000000000000002,BUY,50182,20250520,0.15000000000000002,True
2025-05-21,5,0.15000000000000002,BUY,50183,20250521,0.15000000000000002,True
2025-05-22,5,0.15000000000000002,BUY,50184,20250522,0.15000000000000002,True
2025-05-23,5,0.15000000000000002,BUY,50185,20250523,0.15000000000000002,True
2025-05-26,5,0.15000000000000002,BUY,50186,20250526,0.15000000000000002,True
2025-05-27,5,-0.25,SELL,50187,20250527,0.25,True
2025-05-28,5,0.15000000000000002,BUY,50188,20250528,0.15000000000000002,True
2025-05-29,5,0.15000000000000002,BUY,50189,20250529,0.15000000000000002,True
2025-05-30,5,0.15000000000000002,BUY,50190,20250530,0.15000000000000002,True
2025-06-02,5,0.15000000000000002,BUY,50191,20250602,0.15000000000000002,True
2025-06-03,5,-0.25,SELL,50192,20250603,0.25,True
2025-06-04,5,0.65,STRONG BUY,50193,20250604,0.65,True
2025-06-05,5,0.65,STRONG BUY,50194,20250605,0.65,True
2025-06-06,5,0.65,STRONG BUY,50195,20250606,0.65,True
2025-06-09,5,0.65,STRONG BUY,50196,20250609,0.65,True
2025-06-10,5,0.65,STRONG BUY,50197,20250610,0.65,True
2025-06-11,5,0.65,STRONG BUY,50198,20250611,0.65,True
2025-06-12,5,0.25,BUY,50199,20250612,0.25,True
2025-06-13,5,0.65,STRONG BUY,50200,20250613,0.65,True
2025-06-16,5,0.30000000000000004,BUY,50201,20250616,0.30000000000000004,True
2025-06-17,5,0.65,STRONG BUY,50202,20250617,0.65,True
2025-06-18,5,0.5,STRONG BUY,50203,20250618,0.5,True
2025-06-19,5,0.30000000000000004,BUY,50204,20250619,0.30000000000000004,True
2025-06-20,5,0.45,STRONG BUY,50205,20250620,0.45,True
2025-06-23,5,0.45,STRONG BUY,50206,20250623,0.45,True
2025-06-24,5,0.65,STRONG BUY,50207,20250624,0.65,True
2025-06-25,5,0.25,BUY,50208,20250625,0.25,True
2025-06-26,5,0.25,BUY,50209,20250626,0.25,True
2025-06-27,5,-0.15000000000000002,SELL,50210,20250627,0.15000000000000002,True
2025-06-30,5,-0.15000000000000002,SELL,50211,20250630,0.15000000000000002,True
2025-07-01,5,-0.15000000000000002,SELL,50212,20250701,0.15000000000000002,True
2025-07-02,5,-0.15000000000000002,SELL,50213,20250702,0.15000000000000002,True
2025-07-03,5,-0.15000000000000002,SELL,50214,20250703,0.15000000000000002,True
2025-07-04,5,-0.15000000000000002,SELL,50215,20250704,0.15000000000000002,True
2025-07-07,5,-0.15000000000000002,SELL,50216,20250707,0.15000000000000002,True
2025-07-08,5,-0.15000000000000002,SELL,50217,20250708,0.15000000000000002,True
2025-07-09,5,-0.15000000000000002,SELL,50218,20250709,0.15000000000000002,True
2025-07-10,5,-0.15000000000000002,SELL,50219,20250710,0.15000000000000002,True
2025-07-11,5,-0.15000000000000002,SELL,50220,20250711,0.15000000000000002,True
2025-07-14,5,-0.15000000000000002,SELL,50221,20250714,0.15000000000000002,True
2025-07-15,5,0.25,BUY,50222,20250715,0.25,True
2025-07-16,5,0.65,STRONG BUY,50223,20250716,0.65,True
2025-07-17,5,0.65,STRONG BUY,50224,20250717,0.65,True
2025-07-18,5,0.65,STRONG BUY,50225,20250718,0.65,True
2025-07-21,5,0.65,STRONG BUY,50226,20250721,0.65,True
2025-07-22,5,0.65,STRONG BUY,50227,20250722,0.65,True
2025-07-23,5,0.5,STRONG BUY,50228,20250723,0.5,True
2025-07-24,5,0.45,STRONG BUY,50229,20250724,0.45,True
2025-07-25,5,0.45,STRONG BUY,50230,20250725,0.45,True
2025-07-28,5,0.45,STRONG BUY,50231,20250728,0.45,True
2025-07-29,5,0.30000000000000004,BUY,50232,20250729,0.30000000000000004,True
2025-07-30,5,0.30000000000000004,BUY,50233,20250730,0.30000000000000004,True
2025-07-31,5,0.30000000000000004,BUY,50234,20250731,0.30000000000000004,True
2025-08-01,5,0.30000000000000004,BUY,50235,20250801,0.30000000000000004,True
2025-08-04,5,0.45,STRONG BUY,50236,20250804,0.45,True
2025-08-05,5,0.30000000000000004,BUY,50237,20250805,0.30000000000000004,True
2025-08-06,5,0.45,STRONG BUY,50238,20250806,0.45,True
2025-08-07,5,0.45,STRONG BUY,50239,20250807,0.45,True
2025-08-08,5,0.65,STRONG BUY,50240,20250808,0.65,True
2025-08-11,5,0.45,STRONG BUY,50241,20250811,0.45,True
2025-08-12,5,0.45,STRONG BUY,50242,20250812,0.45,True
2025-08-13,5,0.65,STRONG BUY,50243,20250813,0.65,True
2025-08-14,5,0.25,BUY,50244,20250814,0.25,True
2025-08-15,5,0.25,BUY,50245,20250815,0.25,True
2025-08-18,5,0.25,BUY,50246,20250818,0.25,True
2025-08-19,5,0.25,BUY,50247,20250819,0.25,True
2025-08-20,5,-0.15000000000000002,SELL,50248,20250820,0.15000000000000002,True
2025-08-21,5,-0.15000000000000002,SELL,50249,20250821,0.15000000000000002,True
2025-08-22,5,-0.15000000000000002,SELL,50250,20250822,0.15000000000000002,True
2025-08-25,5,-0.15000000000000002,SELL,50251,20250825,0.15000000000000002,True
2025-08-26,5,0.25,BUY,50252,20250826,0.25,True
2025-08-27,5,0.25,BUY,50253,20250827,0.25,True
2025-08-28,5,0.25,BUY,50254,20250828,0.25,True
2025-08-29,5,0.25,BUY,50255,20250829,0.25,True
2025-09-01,5,0.5,STRONG BUY,50256,20250901,0.5,True
2025-09-02,5,0.65,STRONG BUY,50257,20250902,0.65,True
2025-09-03,5,0.65,STRONG BUY,50258,20250903,0.65,True
2025-09-04,5,0.65,STRONG BUY,50259,20250904,0.65,True
2025-09-05,5,0.65,STRONG BUY,50260,20250905,0.65,True
2025-09-08,5,0.45,STRONG BUY,50261,20250908,0.45,True
2025-09-09,5,0.45,STRONG BUY,50262,20250909,0.45,True
2025-09-10,5,0.45,STRONG BUY,50263,20250910,0.45,True
2025-09-11,5,0.25,BUY,50264,20250911,0.25,True
2025-09-12,5,0.45,STRONG BUY,50265,20250912,0.45,True
2025-09-15,5,0.65,STRONG BUY,50266,20250915,0.65,True
2025-09-16,5,0.25,BUY,50267,20250916,0.25,True
2025-09-17,5,0.25,BUY,50268,20250917,0.25,True
2025-09-18,5,-0.15000000000000002,SELL,50269,20250918,0.15000000000000002,True
2025-09-19,5,0.25,BUY,50270,20250919,0.25,True
2025-09-22,5,0.25,BUY,50271,20250922,0.25,True
2025-09-23,5,0.25,BUY,50272,20250923,0.25,True
2025-09-24,5,0.5,STRONG BUY,50273,20250924,0.5,True
2025-09-25,5,0.5,STRONG BUY,50274,20250925,0.5,True
2025-09-26,5,0.5,STRONG BUY,50275,20250926,0.5,True
2025-09-29,5,0.65,STRONG BUY,50276,20250929,0.65,True
2025-09-30,5,0.65,STRONG BUY,50277,20250930,0.65,True
2025-10-01,5,0.65,STRONG BUY,50278,20251001,0.65,True
2025-10-02,5,0.65,STRONG BUY,50279,20251002,0.65,True
2025-10-03,5,0.65,STRONG BUY,50280,20251003,0.65,True
2025-10-06,5,0.25,BUY,50281,20251006,0.25,True
2025-10-07,5,0.04999999999999999,HOLD,50282,20251007,0.04999999999999999,True
2025-10-08,5,0.04999999999999999,HOLD,50283,20251008,0.04999999999999999,True
2025-10-09,5,0.04999999999999999,HOLD,50284,20251009,0.04999999999999999,True
2025-10-10,5,0.04999999999999999,HOLD,50285,20251010,0.04999999999999999,True
2025-10-13,5,0.25,BUY,50286,20251013,0.25,True
2025-10-14,5,0.25,BUY,50287,20251014,0.25,True
2025-10-15,5,0.25,BUY,50288,20251015,0.25,True
2025-10-16,5,0.2,BUY,50289,20251016,0.2,True
2025-10-17,5,-2.7755575615628914e-17,HOLD,50290,20251017,2.7755575615628914e-17,True
2025-10-20,5,-0.15000000000000002,SELL,50291,20251020,0.15000000000000002,True
2025-10-21,5,0.2,BUY,50292,20251021,0.2,True
2025-10-22,5,-0.15000000000000002,SELL,50293,20251022,0.15000000000000002,True
2025-10-23,5,0.04999999999999999,HOLD,50294,20251023,0.04999999999999999,True
2025-10-24,5,-0.45,STRONG SELL,50295,20251024,0.45,True
2025-10-27,5,-0.45,STRONG SELL,50296,20251027,0.45,True
2025-10-28,5,-0.65,STRONG SELL,50297,20251028,0.65,True
2025-10-29,5,-0.65,STRONG SELL,50298,20251029,0.65,True
2025-10-30,5,-0.25,SELL,50299,20251030,0.25,True
2025-10-31,5,0.15000000000000002,BUY,50300,20251031,0.15000000000000002,True
2025-11-03,5,0.15000000000000002,BUY,50301,20251103,0.15000000000000002,True
2025-11-04,5,0.15000000000000002,BUY,50302,20251104,0.15000000000000002,True
2025-11-05,5,-0.04999999999999999,HOLD,50303,20251105,0.04999999999999999,True
2025-11-06,5,0.65,STRONG BUY,50304,20251106,0.65,True
2025-11-07,5,0.65,STRONG BUY,50305,20251107,0.65,True
2025-11-10,5,0.45,STRONG BUY,50306,20251110,0.45,True
2025-11-11,5,0.45,STRONG BUY,50307,20251111,0.45,True
2025-11-12,5,0.45,STRONG BUY,50308,20251112,0.45,True
2025-11-13,5,0.45,STRONG BUY,50309,20251113,0.45,True
2025-11-14,5,0.45,STRONG BUY,50310,20251114,0.45,True
2025-11-17,5,0.65,STRONG BUY,50311,20251117,0.65,True
2025-11-18,5,0.65,STRONG BUY,50312,20251118,0.65,True
2025-11-19,5,0.65,STRONG BUY,50313,20251119,0.65,True
2025-11-20,5,-0.15000000000000002,SELL,50314,20251120,0.15000000000000002,True
2025-11-21,5,0.25,BUY,50315,20251121,0.25,True
2025-11-24,5,0.5,STRONG BUY,50316,20251124,0.5,True
2025-11-25,5,0.65,STRONG BUY,50317,20251125,0.65,True
2025-11-26,5,0.65,STRONG BUY,50318,20251126,0.65,True
2025-11-27,5,0.65,STRONG BUY,50319,20251127,0.65,True
2025-11-28,5,0.65,STRONG BUY,50320,20251128,0.65,True
2025-12-01,5,0.65,STRONG BUY,50321,20251201,0.65,True
2025-12-02,5,0.45,STRONG BUY,50322,20251202,0.45,True
2025-12-03,5,0.30000000000000004,BUY,50323,20251203,0.30000000000000004,True
2025-12-04,5,0.30000000000000004,BUY,50324,20251204,0.30000000000000004,True
2025-12-05,5,0.65,STRONG BUY,50325,20251205,0.65,True
2025-12-08,5,0.65,STRONG BUY,50326,20251208,0.65,True
2025-12-09,5,0.45,STRONG BUY,50327,20251209,0.45,True
2025-12-10,5,0.45,STRONG BUY,50328,20251210,0.45,True
2025-12-11,5,0.65,STRONG BUY,50329,20251211,0.65,True
2025-12-12,5,0.65,STRONG BUY,50330,20251212,0.65,True
2025-12-15,5,0.45,STRONG BUY,50331,20251215,0.45,True
2025-12-16,5,0.45,STRONG BUY,50332,20251216,0.45,True
2025-12-17,5,0.45,STRONG BUY,50333,20251217,0.45,True
2025-12-18,5,0.65,STRONG BUY,50334,20251218,0.65,True
2025-12-19,5,0.65,STRONG BUY,50335,20251219,0.65,True
2025-12-22,5,-0.15000000000000002,SELL,50336,20251222,0.15000000000000002,True
2025-12-23,5,-0.15000000000000002,SELL,50337,20251223,0.15000000000000002,True
2025-12-24,5,-0.15000000000000002,SELL,50338,20251224,0.15000000000000002,True
2025-12-26,5,0.25,BUY,50339,20251226,0.25,True
2025-12-29,5,-0.15000000000000002,SELL,50340,20251229,0.15000000000000002,True
2025-12-30,5,-0.15000000000000002,SELL,50341,20251230,0.15000000000000002,True
2025-12-31,5,-0.15000000000000002,SELL,50342,20251231,0.15000000000000002,True
2026-01-02,5,-0.15000000000000002,SELL,50343,20260102,0.15000000000000002,True
2026-01-05,5,-0.15000000000000002,SELL,50344,20260105,0.15000000000000002,True
2026-01-06,5,0.25,BUY,50345,20260106,0.25,True
2026-01-07,5,0.25,BUY,50346,20260107,0.25,True
2026-01-08,5,-0.15000000000000002,SELL,50347,20260108,0.15000000000000002,True
2026-01-09,5,-0.15000000000000002,SELL,50348,20260109,0.15000000000000002,True
2026-01-12,5,0.25,BUY,50349,20260112,0.25,True
2026-01-13,5,0.25,BUY,50350,20260113,0.25,True
2026-01-14,5,0.25,BUY,50351,20260114,0.25,True
2026-01-15,5,0.25,BUY,50352,20260115,0.25,True
2026-01-16,5,0.65,STRONG BUY,50353,20260116,0.65,True
2026-01-19,5,0.5,STRONG BUY,50354,20260119,0.5,True
2026-01-20,5,0.30000000000000004,BUY,50355,20260120,0.30000000000000004,True
2026-01-21,5,0.30000000000000004,BUY,50356,20260121,0.30000000000000004,True
2026-01-22,5,0.30000000000000004,BUY,50357,20260122,0.30000000000000004,True
2026-01-23,5,0.30000000000000004,BUY,50358,20260123,0.30000000000000004,True
2026-01-26,5,0.45,STRONG BUY,50359,20260126,0.45,True
2026-01-27,5,0.45,STRONG BUY,50360,20260127,0.45,True
2026-01-28,5,0.45,STRONG BUY,50361,20260128,0.45,True
2026-01-29,5,0.45,STRONG BUY,50362,20260129,0.45,True
2026-01-30,5,0.45,STRONG BUY,50363,20260130,0.45,True
2026-02-02,5,0.45,STRONG BUY,50364,20260202,0.45,True
2026-02-03,5,-0.15000000000000002,SELL,50365,20260203,0.15000000000000002,True
2026-02-04,5,-0.15000000000000002,SELL,50366,20260204,0.15000000000000002,True
2026-02-05,5,-0.15000000000000002,SELL,50367,20260205,0.15000000000000002,True
2026-02-06,5,-0.15000000000000002,SELL,50368,20260206,0.15000000000000002,True
2026-02-09,5,-0.15000000000000002,SELL,50369,20260209,0.15000000000000002,True
2026-02-10,5,-0.15000000000000002,SELL,50370,20260210,0.15000000000000002,True
2026-02-11,5,-0.15000000000000002,SELL,50371,20260211,0.15000000000000002,True
2026-02-12,5,-0.15000000000000002,SELL,50372,20260212,0.15000000000000002,True
2026-02-13,5,-0.15000000000000002,SELL,50373,20260213,0.15000000000000002,True
2026-02-16,5,-0.15000000000000002,SELL,50374,20260216,0.15000000000000002,True
2026-02-17,5,-0.15000000000000002,SELL,50375,20260217,0.15000000000000002,True
2026-02-18,5,-0.15000000000000002,SELL,50376,20260218,0.15000000000000002,True
2026-02-19,5,-0.15000000000000002,SELL,50377,20260219,0.15000000000000002,True
2026-02-20,5,0.25,BUY,50378,20260220,0.25,True
2026-02-23,5,-0.15000000000000002,SELL,50379,20260223,0.15000000000000002,True
2026-02-24,5,0.25,BUY,50380,20260224,0.25,True
2026-02-25,5,0.65,STRONG BUY,50381,20260225,0.65,True
2026-02-26,5,0.65,STRONG BUY,50382,20260226,0.65,True
2026-02-27,5,0.65,STRONG BUY,50383,20260227,0.65,True
2026-03-02,5,0.65,STRONG BUY,50384,20260302,0.65,True
2026-03-03,5,0.5,STRONG BUY,50385,20260303,0.5,True
2026-03-04,5,0.30000000000000004,BUY,50386,20260304,0.30000000000000004,True
2026-03-05,5,0.30000000000000004,BUY,50387,20260305,0.30000000000000004,True
2026-03-06,5,0.45,STRONG BUY,50388,20260306,0.45,True
2026-03-09,5,0.65,STRONG BUY,50389,20260309,0.65,True
2026-03-10,5,0.65,STRONG BUY,50390,20260310,0.65,True
2026-03-11,5,0.65,STRONG BUY,50391,20260311,0.65,True
2026-03-12,5,0.65,STRONG BUY,50392,20260312,0.65,True
2026-03-13,5,0.45,STRONG BUY,50393,20260313,0.45,True
2026-03-16,5,0.45,STRONG BUY,50394,20260316,0.45,True
2026-03-17,5,0.65,STRONG BUY,50395,20260317,0.65,True
2026-03-18,5,0.65,STRONG BUY,50396,20260318,0.65,True
2026-03-19,5,0.30000000000000004,BUY,50397,20260319,0.30000000000000004,True
2026-03-20,5,0.45,STRONG BUY,50398,20260320,0.45,True
2026-03-23,5,0.30000000000000004,BUY,50399,20260323,0.30000000000000004,True
2026-03-24,5,0.65,STRONG BUY,50400,20260324,0.65,True
2026-03-25,5,0.5,STRONG BUY,50401,20260325,0.5,True
2026-03-26,5,0.30000000000000004,BUY,50402,20260326,0.30000000000000004,True
2026-03-27,5,0.65,STRONG BUY,50403,20260327,0.65,True
2026-03-30,5,0.45,STRONG BUY,50404,20260330,0.45,True
2026-03-31,5,0.65,STRONG BUY,50405,20260331,0.65,True
2026-04-01,5,0.65,STRONG BUY,50406,20260401,0.65,True
2026-04-02,5,-0.15000000000000002,SELL,50407,20260402,0.15000000000000002,True
2026-04-03,5,-0.15000000000000002,SELL,50408,20260403,0.15000000000000002,True
2026-04-06,5,-0.15000000000000002,SELL,50409,20260406,0.15000000000000002,True
2026-04-07,5,-0.15000000000000002,SELL,50410,20260407,0.15000000000000002,True
2026-04-08,5,-0.15000000000000002,SELL,50411,20260408,0.15000000000000002,True
2026-04-09,5,-0.15000000000000002,SELL,50412,20260409,0.15000000000000002,True
2026-04-10,5,-0.15000000000000002,SELL,50413,20260410,0.15000000000000002,True
2026-04-13,5,0.25,BUY,50414,20260413,0.25,True
2026-04-14,5,0.65,STRONG BUY,50415,20260414,0.65,True
2026-04-15,5,-0.15000000000000002,SELL,50416,20260415,0.15000000000000002,True
2026-04-16,5,-0.15000000000000002,SELL,50417,20260416,0.15000000000000002,True
2026-04-17,5,-0.15000000000000002,SELL,50418,20260417,0.15000000000000002,True
2026-04-20,5,-0.15000000000000002,SELL,50419,20260420,0.15000000000000002,True
2026-04-21,5,-0.15000000000000002,SELL,50420,20260421,0.15000000000000002,True
2026-04-22,5,0.25,BUY,50421,20260422,0.25,True
2026-04-23,5,0.25,BUY,50422,20260423,0.25,True
2026-04-24,5,0.25,BUY,50423,20260424,0.25,True
2026-04-27,5,0.65,STRONG BUY,50424,20260427,0.65,True
2026-04-28,5,0.65,STRONG BUY,50425,20260428,0.65,True
2026-04-29,5,0.65,STRONG BUY,50426,20260429,0.65,True
2026-04-30,5,0.65,STRONG BUY,50427,20260430,0.65,True
2026-05-01,5,0.65,STRONG BUY,50428,20260501,0.65,True
2026-05-04,5,0.65,STRONG BUY,50429,20260504,0.65,True
2026-05-05,5,0.45,STRONG BUY,50430,20260505,0.45,True
2026-05-06,5,0.45,STRONG BUY,50431,20260506,0.45,True
2026-05-07,5,0.65,STRONG BUY,50432,20260507,0.65,True
2026-05-08,5,0.45,STRONG BUY,50433,20260508,0.45,True
2026-05-11,5,0.25,BUY,50434,20260511,0.25,True
2026-05-12,5,0.45,STRONG BUY,50435,20260512,0.45,True
2026-05-13,5,0.45,STRONG BUY,50436,20260513,0.45,True
2026-05-14,5,0.45,STRONG BUY,50437,20260514,0.45,True
2026-05-15,5,0.65,STRONG BUY,50438,20260515,0.65,True
2026-05-18,5,0.45,STRONG BUY,50439,20260518,0.45,True
2026-05-19,5,0.45,STRONG BUY,50440,20260519,0.45,True
2026-05-20,5,0.45,STRONG BUY,50441,20260520,0.45,True
2026-05-21,5,0.45,STRONG BUY,50442,20260521,0.45,True
2026-05-22,5,0.65,STRONG BUY,50443,20260522,0.65,True
2026-05-25,5,0.65,STRONG BUY,50444,20260525,0.65,True
2026-05-26,5,-0.15000000000000002,SELL,50445,20260526,0.15000000000000002,True
2026-05-27,5,0.25,BUY,50446,20260527,0.25,True
2026-05-28,5,0.04999999999999999,HOLD,50447,20260528,0.04999999999999999,True
2026-05-29,5,0.25,BUY,50448,20260529,0.25,True
2026-06-01,5,-0.15000000000000002,SELL,50449,20260601,0.15000000000000002,True
2026-06-02,5,-0.15000000000000002,SELL,50450,20260602,0.15000000000000002,True
2026-06-03,5,-0.15000000000000002,SELL,50451,20260603,0.15000000000000002,True
2026-06-04,5,0.25,BUY,50452,20260604,0.25,True
2026-06-05,5,0.25,BUY,50453,20260605,0.25,True
2026-06-08,5,-0.15000000000000002,SELL,50454,20260608,0.15000000000000002,True
2026-06-09,5,-0.15000000000000002,SELL,50455,20260609,0.15000000000000002,True
2026-06-10,5,-0.15000000000000002,SELL,50456,20260610,0.15000000000000002,True
2026-06-11,5,-0.15000000000000002,SELL,50457,20260611,0.15000000000000002,True
2026-06-12,5,-0.15000000000000002,SELL,50458,20260612,0.15000000000000002,True
2026-06-15,5,-0.15000000000000002,SELL,50459,20260615,0.15000000000000002,True
2026-06-16,5,-0.15000000000000002,SELL,50460,20260616,0.15000000000000002,True
2026-06-17,5,-0.15000000000000002,SELL,50461,20260617,0.15000000000000002,True
2026-06-18,5,-0.15000000000000002,SELL,50462,20260618,0.15000000000000002,True
2026-06-19,5,-2.7755575615628914e-17,HOLD,50463,20260619,2.7755575615628914e-17,True
2026-06-22,5,-0.15000000000000002,SELL,50464,20260622,0.15000000000000002,True
2026-06-23,5,-0.65,STRONG SELL,50465,20260623,0.65,True
2026-06-24,5,-0.65,STRONG SELL,50466,20260624,0.65,True
2026-06-25,5,-0.65,STRONG SELL,50467,20260625,0.65,True
2026-06-26,5,-0.65,STRONG SELL,50468,20260626,0.65,True
