Date,PairID,Open,High,Low,Close,Volume,Spread,DateTimeKey
2024-09-03,1,1.1067456007003784,1.107051968574524,1.1033751964569092,1.1067456007003784,0,1.2,20240903
2024-09-04,1,1.1048868894577026,1.1093976497650146,1.1040817499160769,1.1048868894577026,0,1.2,20240904
2024-09-05,1,1.10804545879364,1.112112045288086,1.1075178384780884,1.10804545879364,0,1.2,20240905
2024-09-06,1,1.1111111640930176,1.1149640083312988,1.1067211627960205,1.1111111640930176,0,1.2,20240906
2024-09-09,1,1.1087212562561035,1.109139323234558,1.10349702835083,1.1087212562561035,0,1.2,20240909
2024-09-10,1,1.1037527322769165,1.1050333976745603,1.101624846458435,1.1037527322769165,0,1.2,20240910
2024-09-11,1,1.1020983457565308,1.1054977178573608,1.100279450416565,1.1020983457565308,0,1.2,20240911
2024-09-12,1,1.1010911464691162,1.1047526597976685,1.1006548404693604,1.1010911464691162,0,1.2,20240912
2024-09-13,1,1.1077877283096311,1.1102476119995115,1.1073951721191406,1.1077877283096311,0,1.2,20240913
2024-09-16,1,1.1088441610336304,1.1135361194610596,1.1087088584899902,1.1088441610336304,0,1.2,20240916
2024-09-17,1,1.1129536628723145,1.1146159172058103,1.1113086938858032,1.1129536628723145,0,1.2,20240917
2024-09-18,1,1.1123099327087402,1.1140819787979126,1.110913634300232,1.1123099327087402,0,1.2,20240918
2024-09-19,1,1.1114816665649414,1.118067979812622,1.107051968574524,1.1114816665649414,0,1.2,20240919
2024-09-20,1,1.1161960363388062,1.1181679964065552,1.1137346029281616,1.1161960363388062,0,1.2,20240920
2024-09-23,1,1.1160838603973389,1.1168192625045776,1.1084877252578735,1.1160838603973389,0,1.2,20240923
2024-09-24,1,1.111172795295715,1.1163455247879028,1.1103955507278442,1.111172795295715,0,1.2,20240924
2024-09-25,1,1.1191190481185913,1.1212396621704102,1.1141688823699951,1.1191190481185913,0,1.2,20240925
2024-09-26,1,1.1131023168563845,1.118956208229065,1.112681269645691,1.1131023168563845,0,1.2,20240926
2024-09-27,1,1.117717981338501,1.1199839115142822,1.1126564741134644,1.117717981338501,0,1.2,20240927
2024-09-30,1,1.1169815063476562,1.1208375692367554,1.1136106252670288,1.1169815063476562,0,1.2,20240930
2024-10-01,1,1.113660216331482,1.1145787239074707,1.1061090230941772,1.113660216331482,0,1.2,20241001
2024-10-02,1,1.1063904762268066,1.108217477798462,1.1034117937088013,1.1063904762268066,0,1.2,20241002
2024-10-03,1,1.1048502922058103,1.1048502922058103,1.1009578704833984,1.1048502922058103,0,1.2,20241003
2024-10-04,1,1.103557825088501,1.103996515274048,1.095614314079285,1.103557825088501,0,1.2,20241004
2024-10-07,1,1.0974539518356323,1.0985027551651,1.095554232597351,1.0974539518356323,0,1.2,20241007
2024-10-08,1,1.0975743532180786,1.0997470617294312,1.096166729927063,1.0975743532180786,0,1.2,20241008
2024-10-09,1,1.0975743532180786,1.098056435585022,1.094067931175232,1.0975743532180786,0,1.2,20241009
2024-10-10,1,1.0943313837051392,1.095446228981018,1.091405153274536,1.0943313837051392,0,1.2,20241010
2024-10-11,1,1.0933860540390017,1.0954222679138184,1.0927408933639526,1.0933860540390017,0,1.2,20241011
2024-10-14,1,1.0925379991531372,1.0939722061157229,1.0905719995498655,1.0925379991531372,0,1.2,20241014
2024-10-15,1,1.0909169912338257,1.0918222665786743,1.0885775089263916,1.0909169912338257,0,1.2,20241015
2024-10-16,1,1.0884116888046265,1.0901559591293335,1.0868147611618042,1.0884116888046265,0,1.2,20241016
2024-10-17,1,1.0862481594085691,1.0869920253753662,1.0813850164413452,1.0862481594085691,0,1.2,20241017
2024-10-18,1,1.0829542875289917,1.0863661766052246,1.0828253030776978,1.0829542875289917,0,1.2,20241018
2024-10-21,1,1.0868619680404663,1.08695650100708,1.0821105241775513,1.0868619680404663,0,1.2,20241021
2024-10-22,1,1.0817828178405762,1.0837758779525757,1.0801936388015747,1.0817828178405762,0,1.2,20241022
2024-10-23,1,1.079727053642273,1.0808473825454712,1.0762641429901123,1.079727053642273,0,1.2,20241023
2024-10-24,1,1.0780508518218994,1.0810226202011108,1.0771567821502686,1.0780508518218994,0,1.2,20241024
2024-10-25,1,1.0824151039123535,1.0842459201812744,1.081186294555664,1.0824151039123535,0,1.2,20241025
2024-10-28,1,1.0796570777893066,1.082719802856445,1.078271746635437,1.0796570777893066,0,1.2,20241028
2024-10-29,1,1.0816774368286133,1.0826259851455688,1.077040672302246,1.0816774368286133,0,1.2,20241029
2024-10-30,1,1.0820636749267578,1.0866730213165283,1.0809992551803589,1.0820636749267578,0,1.2,20241030
2024-10-31,1,1.085917830467224,1.0888383388519287,1.0845046043395996,1.085917830467224,0,1.2,20241031
2024-11-01,1,1.0886130332946775,1.0904054641723633,1.084845781326294,1.0886130332946775,0,1.2,20241101
2024-11-04,1,1.087453007698059,1.0915838479995728,1.0870392322540283,1.087453007698059,0,1.2,20241104
2024-11-05,1,1.0874056816101074,1.0921800136566162,1.0873347520828247,1.0874056816101074,0,1.2,20241105
2024-11-06,1,1.093445897102356,1.0933382511138916,1.068376064300537,1.093445897102356,0,1.2,20241106
2024-11-07,1,1.073306918144226,1.082602620124817,1.0714094638824463,1.073306918144226,0,1.2,20241107
2024-11-08,1,1.0795172452926636,1.0797386169433594,1.07104229927063,1.0795172452926636,0,1.2,20241108
2024-11-11,1,1.0714898109436035,1.072846293449402,1.0628799200057983,1.0714898109436035,0,1.2,20241111
2024-11-12,1,1.066439151763916,1.0663481950759888,1.059703707695007,1.066439151763916,0,1.2,20241112
2024-11-13,1,1.061672568321228,1.0649060010910034,1.0559773445129397,1.061672568321228,0,1.2,20241113
2024-11-14,1,1.0564124584197998,1.0580891370773315,1.0499238967895508,1.0564124584197998,0,1.2,20241114
2024-11-15,1,1.0530084371566772,1.0591648817062378,1.052443265914917,1.0530084371566772,0,1.2,20241115
2024-11-18,1,1.0533745288848877,1.0586491823196411,1.0531193017959597,1.0533745288848877,0,1.2,20241118
2024-11-19,1,1.059490442276001,1.0601080656051636,1.052853226661682,1.059490442276001,0,1.2,20241119
2024-11-20,1,1.0607603788375854,1.0612331628799438,1.0508506298065186,1.0607603788375854,0,1.2,20241120
2024-11-21,1,1.0546187162399292,1.0557432174682615,1.0469120740890503,1.0546187162399292,0,1.2,20241121
2024-11-22,1,1.0469341278076172,1.0498688220977783,1.0339871644973757,1.0469341278076172,0,1.2,20241122
2024-11-25,1,1.0479873418807983,1.0529640913009644,1.0449539422988892,1.0479873418807983,0,1.2,20241125
2024-11-26,1,1.0444300174713137,1.0543851852416992,1.0427310466766355,1.0444300174713137,0,1.2,20241126
2024-11-27,1,1.0491198301315308,1.0583466291427612,1.0475481748580933,1.0491198301315308,0,1.2,20241127
2024-11-28,1,1.0562450885772705,1.0565240383148191,1.0529197454452517,1.0562450885772705,0,1.2,20241128
2024-11-29,1,1.0563008785247805,1.0595465898513794,1.0542962551116943,1.0563008785247805,0,1.2,20241129
2024-12-02,1,1.0545742511749268,1.0545742511749268,1.0462220907211304,1.0545074939727783,0,1.2,20241202
2024-12-03,1,1.0501223802566528,1.0530306100845337,1.048185110092163,1.0501223802566528,0,1.2,20241203
2024-12-04,1,1.0510826110839844,1.0540074110031128,1.047394633293152,1.0510826110839844,0,1.2,20241204
2024-12-05,1,1.051414132118225,1.0588284730911257,1.050894856452942,1.051414132118225,0,1.2,20241205
2024-12-06,1,1.058559536933899,1.0626428127288818,1.0546075105667114,1.058559536933899,0,1.2,20241206
2024-12-09,1,1.056546330451965,1.0592771768569946,1.0533078908920288,1.056546330451965,0,1.2,20241209
2024-12-10,1,1.0555204153060913,1.056747317314148,1.0500340461730957,1.0555204153060913,0,1.2,20241210
2024-12-11,1,1.0532968044281006,1.054073929786682,1.0481630563735962,1.0532968044281006,0,1.2,20241211
2024-12-12,1,1.0506850481033323,1.052997350692749,1.0464848279953003,1.0506850481033323,0,1.2,20241212
2024-12-13,1,1.0474056005477903,1.0522992610931396,1.045434594154358,1.0474056005477903,0,1.2,20241213
2024-12-16,1,1.051005244255066,1.0524100065231323,1.0475043058395386,1.051005244255066,0,1.2,20241216
2024-12-17,1,1.0517348051071167,1.0532857179641724,1.047998309135437,1.0517348051071167,0,1.2,20241217
2024-12-18,1,1.0495051145553589,1.0515247583389282,1.0467805862426758,1.0495051145553589,0,1.2,20241218
2024-12-19,1,1.0350252389907837,1.0422203540802002,1.0352503061294556,1.0350252389907837,0,1.2,20241219
2024-12-20,1,1.0364949703216553,1.0433076620101929,1.0344257354736328,1.0364949703216553,0,1.2,20241220
2024-12-23,1,1.0433076620101929,1.0448229312896729,1.038594126701355,1.0433076620101929,0,1.2,20241223
2024-12-24,1,1.0405826568603516,1.04112446308136,1.0387451648712158,1.0405826568603516,0,1.2,20241224
2024-12-25,1,1.0402579307556152,1.0432968139648438,1.040149807929993,1.0402579307556152,0,1.2,20241225
2024-12-26,1,1.0399551391601562,1.042535424232483,1.0391446352005005,1.0399551391601562,0,1.2,20241226
2024-12-27,1,1.0423181056976318,1.0444954633712769,1.0406694412231443,1.0423181056976318,0,1.2,20241227
2024-12-30,1,1.0429377555847168,1.0458500385284424,1.037419676780701,1.0429377555847168,0,1.2,20241230
2024-12-31,1,1.040615200996399,1.042426824569702,1.0348539352416992,1.040615200996399,0,1.2,20241231
2025-01-02,1,1.0351860523223877,1.0375596284866333,1.0231853723526,1.0351860523223877,0,1.2,20250102
2025-01-03,1,1.0268205404281616,1.030534744262695,1.0265464782714844,1.0268205404281616,0,1.2,20250103
2025-01-06,1,1.030534744262695,1.0435036420822144,1.029632806777954,1.030534744262695,0,1.2,20250106
2025-01-07,1,1.0386372804641724,1.043623447418213,1.035947322845459,1.0386372804641724,0,1.2,20250107
2025-01-08,1,1.034554123878479,1.0358400344848633,1.0276752710342407,1.034554123878479,0,1.2,20250108
2025-01-09,1,1.0314701795578003,1.0323113203048706,1.0286160707473757,1.0314701795578003,0,1.2,20250109
2025-01-10,1,1.0297601222991943,1.0311936140060425,1.0221186876296997,1.0297601222991943,0,1.2,20250110
2025-01-13,1,1.0244431495666504,1.025020718574524,1.0183818340301514,1.0244431495666504,0,1.2,20250113
2025-01-14,1,1.026525378227234,1.0303966999053955,1.0239711999893188,1.026525378227234,0,1.2,20250114
2025-01-15,1,1.030683517456055,1.0350252389907837,1.0270631313323977,1.030683517456055,0,1.2,20250115
2025-01-16,1,1.0295268297195437,1.0311510562896729,1.0263779163360596,1.0295268297195437,0,1.2,20250116
2025-01-17,1,1.0301949977874756,1.0329724550247192,1.0266518592834473,1.0301949977874756,0,1.2,20250117
2025-01-20,1,1.0277386903762815,1.0427310466766355,1.0279394388198853,1.0277386903762815,0,1.2,20250120
2025-01-21,1,1.0420682430267334,1.0434056520462036,1.034457802772522,1.0420682430267334,0,1.2,20250121
2025-01-22,1,1.040593504905701,1.0458062887191772,1.0400739908218384,1.040593504905701,0,1.2,20250122
2025-01-23,1,1.0410159826278689,1.042546272277832,1.0385618209838867,1.0410159826278689,0,1.2,20250123
2025-01-24,1,1.041601538658142,1.051934003829956,1.0413196086883545,1.041601538658142,0,1.2,20250124
2025-01-27,1,1.0467586517333984,1.0533745288848877,1.045434594154358,1.0467586517333984,0,1.2,20250127
2025-01-28,1,1.0445064306259155,1.0455766916275024,1.0415256023406982,1.0445064306259155,0,1.2,20250128
2025-01-29,1,1.04290509223938,1.0444954633712769,1.0383461713790894,1.04290509223938,0,1.2,20250129
2025-01-30,1,1.0425245761871338,1.0465506315231323,1.0391337871551514,1.0425245761871338,0,1.2,20250130
2025-01-31,1,1.0397279262542725,1.0412328243255615,1.0362050533294678,1.0397279262542725,0,1.2,20250131
2025-02-03,1,1.024779200553894,1.032652497291565,1.0213043689727783,1.024779200553894,0,1.2,20250203
2025-02-04,1,1.0327378511428833,1.0386804342269895,1.0276541709899902,1.0327378511428833,0,1.2,20250204
2025-02-05,1,1.0372798442840576,1.043645262718201,1.037043213844299,1.0372798442840576,0,1.2,20250205
2025-02-06,1,1.0400848388671875,1.040528655052185,1.0354539155960083,1.0400848388671875,0,1.2,20250206
2025-02-07,1,1.0385725498199463,1.040593504905701,1.0324605703353882,1.0385725498199463,0,1.2,20250207
2025-02-10,1,1.0311616659164429,1.0336023569107056,1.0299509763717651,1.0311616659164429,0,1.2,20250210
2025-02-11,1,1.0301525592803955,1.0351966619491575,1.0292725563049316,1.0301525592803955,0,1.2,20250211
2025-02-12,1,1.0364949703216553,1.039565920829773,1.031821370124817,1.0364949703216553,0,1.2,20250212
2025-02-13,1,1.039198637008667,1.044571876525879,1.0379257202148438,1.039198637008667,0,1.2,20250213
2025-02-14,1,1.0461673736572266,1.0513699054718018,1.0448119640350342,1.0461673736572266,0,1.2,20250214
2025-02-17,1,1.0489217042922974,1.0507071018218994,1.0467368364334106,1.0489217042922974,0,1.2,20250217
2025-02-18,1,1.048536777496338,1.0486466884613037,1.044277310371399,1.048536777496338,0,1.2,20250218
2025-02-19,1,1.044833779335022,1.0462440252304075,1.0405069589614868,1.044833779335022,0,1.2,20250219
2025-02-20,1,1.0421009063720703,1.047877550125122,1.0419706106185913,1.0421009063720703,0,1.2,20250220
2025-02-21,1,1.050056219100952,1.0507513284683228,1.0449975728988647,1.050056219100952,0,1.2,20250221
2025-02-24,1,1.0474823713302612,1.0528643131256104,1.045434594154358,1.0474823713302612,0,1.2,20250224
2025-02-25,1,1.0461344718933103,1.0518454313278198,1.0457953214645386,1.0461344718933103,0,1.2,20250225
2025-02-26,1,1.0524100065231323,1.0527424812316897,1.0476469993591309,1.0524100065231323,0,1.2,20250226
2025-02-27,1,1.0488777160644531,1.0489877462387085,1.0404852628707886,1.0488777160644531,0,1.2,20250227
2025-02-28,1,1.039511799812317,1.0421009063720703,1.038184404373169,1.039511799812317,0,1.2,20250228
2025-03-03,1,1.0413846969604492,1.050023078918457,1.039047360420227,1.0413846969604492,0,1.2,20250303
2025-03-04,1,1.0485037565231323,1.0559550523757937,1.0471752882003784,1.0485037565231323,0,1.2,20250304
2025-03-05,1,1.062699317932129,1.0785857439041138,1.0602879524230957,1.062699317932129,0,1.2,20250305
2025-03-06,1,1.0794938802719116,1.0851047039031982,1.0782485008239746,1.0794938802719116,0,1.2,20250306
2025-03-07,1,1.0787951946258545,1.088565707206726,1.0782135725021362,1.0787951946258545,0,1.2,20250307
2025-03-10,1,1.086059331893921,1.0873465538024902,1.0806254148483276,1.086059331893921,0,1.2,20250310
2025-03-11,1,1.0839403867721558,1.0930275917053225,1.0836819410324097,1.0839403867721558,0,1.2,20250311
2025-03-12,1,1.0914170742034912,1.093457818031311,1.087725043296814,1.0914170742034912,0,1.2,20250312
2025-03-13,1,1.0886249542236328,1.0899182558059692,1.082297921180725,1.0886249542236328,0,1.2,20250313
2025-03-14,1,1.085564136505127,1.0910122394561768,1.0831302404403689,1.085564136505127,0,1.2,20250314
2025-03-17,1,1.0881274938583374,1.0928961038589478,1.0869210958480835,1.0881274938583374,0,1.2,20250317
2025-03-18,1,1.091917634010315,1.095446228981018,1.0897043943405151,1.091917634010315,0,1.2,20250318
2025-03-19,1,1.093948245048523,1.094570875167847,1.0875948667526243,1.093948245048523,0,1.2,20250319
2025-03-20,1,1.0911908149719238,1.0917507410049438,1.0818296670913696,1.0911908149719238,0,1.2,20250320
2025-03-21,1,1.0856702327728271,1.086130142211914,1.0805671215057373,1.0856702327728271,0,1.2,20250321
2025-03-24,1,1.083576202392578,1.0856938362121582,1.079074501991272,1.083576202392578,0,1.2,20250324
2025-03-25,1,1.0803569555282593,1.0830715894699097,1.0778650045394895,1.0803569555282593,0,1.2,20250325
2025-03-26,1,1.0787487030029297,1.080228567123413,1.076878309249878,1.0787487030029297,0,1.2,20250326
2025-03-27,1,1.0742061138153076,1.0818763971328735,1.0742061138153076,1.0742061138153076,0,1.2,20250327
2025-03-28,1,1.080100178718567,1.0845280885696411,1.07658851146698,1.080100178718567,0,1.2,20250328
2025-03-31,1,1.082391619682312,1.084845781326294,1.0785740613937378,1.082391619682312,0,1.2,20250331
2025-04-01,1,1.0818880796432495,1.0830715894699097,1.0779578685760498,1.0818880796432495,0,1.2,20250401
2025-04-02,1,1.0795987844467163,1.087263822555542,1.0782020092010498,1.0795987844467163,0,1.2,20250402
2025-04-03,1,1.090869426727295,1.1133378744125366,1.088245868682861,1.090869426727295,0,1.2,20250403
2025-04-04,1,1.1043744087219238,1.1107531785964966,1.0964791774749756,1.1043744087219238,0,1.2,20250404
2025-04-07,1,1.098454475402832,1.1049845218658447,1.0903223752975464,1.098454475402832,0,1.2,20250407
2025-04-08,1,1.0915361642837524,1.0991909503936768,1.0891940593719482,1.0915361642837524,0,1.2,20250408
2025-04-09,1,1.0980443954467771,1.10948383808136,1.0972250699996948,1.0980443954467771,0,1.2,20250409
2025-04-10,1,1.0952062606811523,1.122536063194275,1.0953142642974854,1.0952062606811523,0,1.2,20250410
2025-04-11,1,1.1257838010787964,1.1471836566925049,1.1250872611999512,1.1257838010787964,0,1.2,20250411
2025-04-14,1,1.1343141794204712,1.1424784660339355,1.1299690008163452,1.1343141794204712,0,1.2,20250414
2025-04-15,1,1.1339668035507202,1.1377859115600586,1.1285662651062012,1.1339668035507202,0,1.2,20250415
2025-04-16,1,1.1292672157287598,1.1390169858932495,1.129420280456543,1.1292672157287598,0,1.2,20250416
2025-04-17,1,1.1396790742874146,1.1396400928497314,1.13413405418396,1.1396790742874146,0,1.2,20250417
2025-04-22,1,1.1512778997421265,1.1546543836593628,1.145396709442139,1.1512778997421265,0,1.2,20250422
2025-04-23,1,1.1351252794265747,1.144007682800293,1.13379967212677,1.1351252794265747,0,1.2,20250423
2025-04-24,1,1.132733702659607,1.1394323110580444,1.132233500480652,1.132733702659607,0,1.2,20250424
2025-04-25,1,1.1371906995773315,1.1384334564208984,1.1316184997558594,1.1371906995773315,0,1.2,20250425
2025-04-28,1,1.1343141794204712,1.140823245048523,1.133105993270874,1.1343141794204712,0,1.2,20250428
2025-04-29,1,1.1409143209457395,1.1419566869735718,1.1371389627456665,1.1409143209457395,0,1.2,20250429
2025-04-30,1,1.1389262676239014,1.1398869752883911,1.1327080726623535,1.1389262676239014,0,1.2,20250430
2025-05-01,1,1.1324899196624756,1.1340954303741455,1.126697063446045,1.1324899196624756,0,1.2,20250501
2025-05-02,1,1.1296498775482178,1.1378635168075562,1.1275228261947632,1.1296498775482178,0,1.2,20250502
2025-05-05,1,1.1323232650756836,1.1364539861679075,1.1312856674194336,1.1323232650756836,0,1.2,20250505
2025-05-06,1,1.1313369274139404,1.1361182928085327,1.1281206607818604,1.1313369274139404,0,1.2,20250506
2025-05-07,1,1.1342755556106567,1.1377729177474976,1.1327080726623535,1.1342755556106567,0,1.2,20250507
2025-05-08,1,1.1306205987930298,1.1336711645126345,1.123608112335205,1.1306205987930298,0,1.2,20250508
2025-05-09,1,1.122422695159912,1.129114270210266,1.1199839115142822,1.122422695159912,0,1.2,20250509
2025-05-12,1,1.12296462059021,1.1242902278900146,1.1075055599212646,1.12296462059021,0,1.2,20250512
2025-05-13,1,1.1095577478408811,1.1177430152893066,1.109668493270874,1.1095577478408811,0,1.2,20250513
2025-05-14,1,1.1185556650161743,1.1264559030532837,1.1182429790496826,1.1185556650161743,0,1.2,20250514
2025-05-15,1,1.1181930303573608,1.1227755546569824,1.117480754852295,1.1181930303573608,0,1.2,20250515
2025-05-16,1,1.1192693710327148,1.1219944953918457,1.1141440868377686,1.1192693710327148,0,1.2,20250516
2025-05-19,1,1.1187559366226196,1.128604531288147,1.1173559427261353,1.1187559366226196,0,1.2,20250519
2025-05-20,1,1.123342990875244,1.1277261972427368,1.12186861038208,1.123342990875244,0,1.2,20250520
2025-05-21,1,1.128795504570007,1.1362345218658447,1.1287446022033691,1.128795504570007,0,1.2,20250521
2025-05-22,1,1.133118748664856,1.134455680847168,1.1267098188400269,1.133118748664856,0,1.2,20250522
2025-05-23,1,1.1281843185424805,1.1376564502716064,1.1279934644699097,1.1281843185424805,0,1.2,20250523
2025-05-26,1,1.1372811794281006,1.1418914794921875,1.136932134628296,1.1372811794281006,0,1.2,20250526
2025-05-27,1,1.1388484239578247,1.1409013271331787,1.1325156688690186,1.1388484239578247,0,1.2,20250527
2025-05-28,1,1.1337097883224487,1.1345586776733398,1.128426194190979,1.1337097883224487,0,1.2,20250528
2025-05-29,1,1.123368263244629,1.1369450092315674,1.12271249294281,1.123368263244629,0,1.2,20250529
2025-05-30,1,1.1378376483917236,1.1390429735183716,1.1314393281936646,1.1378376483917236,0,1.2,20250530
2025-06-02,1,1.1353315114974976,1.1449114084243774,1.135589361190796,1.1353315114974976,0,1.2,20250602
2025-06-03,1,1.1453442573547363,1.145514726638794,1.1367640495300293,1.1453442573547363,0,1.2,20250603
2025-06-04,1,1.1384464502334597,1.143458366394043,1.1359375715255735,1.1384464502334597,0,1.2,20250604
2025-06-05,1,1.1422044038772583,1.1494252681732178,1.1406149864196775,1.1422044038772583,0,1.2,20250605
2025-06-06,1,1.1453834772109983,1.1458691358566284,1.137229561805725,1.1453834772109983,0,1.2,20250606
2025-06-09,1,1.1407841444015503,1.1440337896347046,1.138757586479187,1.1407841444015503,0,1.2,20250609
2025-06-10,1,1.1428048610687256,1.1448328495025637,1.1374623775482178,1.1428048610687256,0,1.2,20250610
2025-06-11,1,1.143746018409729,1.149095058441162,1.1406019926071167,1.143746018409729,0,1.2,20250611
2025-06-12,1,1.1509333848953247,1.1628718376159668,1.1502846479415894,1.1509333848953247,0,1.2,20250612
2025-06-13,1,1.1600254774093628,1.1612108945846558,1.1492931842803955,1.1600254774093628,0,1.2,20250613
2025-06-16,1,1.1556684970855713,1.1614806652069092,1.1524852514266968,1.1556684970855713,0,1.2,20250616
2025-06-17,1,1.1551345586776731,1.1574074029922483,1.1512514352798462,1.1551345586776731,0,1.2,20250617
2025-06-18,1,1.1482638120651243,1.1530035734176636,1.1482374668121338,1.1482638120651243,0,1.2,20250618
2025-06-19,1,1.1477497816085815,1.1486859321594238,1.1448458433151243,1.1477497816085815,0,1.2,20250619
2025-06-20,1,1.1512778997421265,1.1534557342529297,1.1496102809906006,1.1512778997421265,0,1.2,20250620
2025-06-23,1,1.1500862836837769,1.1551746129989624,1.1455540657043457,1.1500862836837769,0,1.2,20250623
2025-06-24,1,1.1599044799804688,1.1635890007019043,1.1582921743392944,1.1599044799804688,0,1.2,20250624
2025-06-25,1,1.161224365234375,1.1631423234939575,1.1590977907180786,1.161224365234375,0,1.2,20250625
2025-06-26,1,1.1683744192123413,1.1743428707122805,1.1668611764907837,1.1683744192123413,0,1.2,20250626
2025-06-27,1,1.1692214012145996,1.1750881671905518,1.1684290170669556,1.1692214012145996,0,1.2,20250627
2025-06-30,1,1.1727453470230105,1.177163004875183,1.170905351638794,1.1727453470230105,0,1.2,20250630
2025-07-01,1,1.178717017173767,1.1830259561538696,1.1767750978469849,1.178717017173767,0,1.2,20250701
2025-07-02,1,1.180553913116455,1.1810001134872437,1.1749224662780762,1.180553913116455,0,1.2,20250702
2025-07-03,1,1.18002450466156,1.1813349723815918,1.1720856428146362,1.18002450466156,0,1.2,20250703
2025-07-04,1,1.1771491765975952,1.1786893606185913,1.1756683588027954,1.1771491765975952,0,1.2,20250704
2025-07-07,1,1.178078293800354,1.179008960723877,1.1719070672988892,1.178078293800354,0,1.2,20250707
2025-07-08,1,1.1736538410186768,1.17648446559906,1.168470025062561,1.1736538410186768,0,1.2,20250708
2025-07-09,1,1.1724566221237185,1.1728830337524414,1.1690847873687744,1.1724566221237185,0,1.2,20250709
2025-07-10,1,1.17311692237854,1.1750881671905518,1.166575312614441,1.17311692237854,0,1.2,20250710
2025-07-11,1,1.1702749729156494,1.1713716983795166,1.1665889024734497,1.1702749729156494,0,1.2,20250711
2025-07-14,1,1.1682106256484983,1.169864296913147,1.1656641960144043,1.1682106256484983,0,1.2,20250714
2025-07-15,1,1.1666297912597656,1.1692078113555908,1.1602139472961426,1.1666297912597656,0,1.2,20250715
2025-07-16,1,1.160739183425903,1.1716736555099487,1.1564035415649414,1.160739183425903,0,1.2,20250716
2025-07-17,1,1.1635754108428955,1.1635754108428955,1.1569386720657349,1.1635754108428955,0,1.2,20250717
2025-07-18,1,1.161548137664795,1.1669564247131348,1.1612648963928225,1.161548137664795,0,1.2,20250718
2025-07-21,1,1.163074612617493,1.1716736555099487,1.1614941358566284,1.163074612617493,0,1.2,20250721
2025-07-22,1,1.1694538593292236,1.174936294555664,1.1680059432983398,1.1694538593292236,0,1.2,20250722
2025-07-23,1,1.1739156246185305,1.1752538681030271,1.1712344884872437,1.1739156246185305,0,1.2,20250723
2025-07-24,1,1.1774264574050903,1.17875874042511,1.1733232736587524,1.1774264574050903,0,1.2,20250724
2025-07-25,1,1.1756131649017334,1.1760693788528442,1.170740842819214,1.1756131649017334,0,1.2,20250725
2025-07-28,1,1.1756821870803833,1.1770660877227783,1.1609952449798584,1.1756821870803833,0,1.2,20250728
2025-07-29,1,1.1596757173538208,1.160092830657959,1.1519941091537476,1.1596757173538208,0,1.2,20250729
2025-07-30,1,1.1550945043563845,1.157273530960083,1.1459347009658811,1.1550945043563845,0,1.2,20250730
2025-07-31,1,1.1429355144500732,1.1460267305374146,1.1406540870666504,1.1429355144500732,0,1.2,20250731
2025-08-01,1,1.142374038696289,1.1582921743392944,1.1394582986831665,1.142374038696289,0,1.2,20250801
2025-08-04,1,1.158668041229248,1.1588828563690186,1.1550945043563845,1.158668041229248,0,1.2,20250804
2025-08-05,1,1.1584129333496094,1.158815622329712,1.1530035734176636,1.1584129333496094,0,1.2,20250805
2025-08-06,1,1.1579166650772097,1.164646029472351,1.156510591506958,1.1579166650772097,0,1.2,20250806
2025-08-07,1,1.1663167476654053,1.1695358753204346,1.161426663398743,1.1663167476654053,0,1.2,20250807
2025-08-08,1,1.1676650047302246,1.167924165725708,1.163074612617493,1.1676650047302246,0,1.2,20250808
2025-08-11,1,1.1647952795028689,1.1676785945892334,1.1591111421585083,1.1647952795028689,0,1.2,20250811
2025-08-12,1,1.1618449687957764,1.1694538593292236,1.1599314212799072,1.1618449687957764,0,1.2,20250812
2025-08-13,1,1.1677058935165403,1.1730618476867676,1.1671879291534424,1.1677058935165403,0,1.2,20250813
2025-08-14,1,1.171289324760437,1.1715638637542725,1.1638462543487549,1.171289324760437,0,1.2,20250814
2025-08-15,1,1.1651345491409302,1.171522617340088,1.16478168964386,1.1651345491409302,0,1.2,20250815
2025-08-18,1,1.1706587076187134,1.1710972785949707,1.166167140007019,1.1706587076187134,0,1.2,20250818
2025-08-19,1,1.1668338775634766,1.169344425201416,1.1641037464141846,1.1668338775634766,0,1.2,20250819
2025-08-20,1,1.164252758026123,1.1672561168670654,1.1623852252960205,1.164252758026123,0,1.2,20250820
2025-08-21,1,1.165175199508667,1.1661943197250366,1.1602678298950195,1.165175199508667,0,1.2,20250821
2025-08-22,1,1.16130530834198,1.1730343103408811,1.1583592891693115,1.16130530834198,0,1.2,20250822
2025-08-25,1,1.1709601879119873,1.1719757318496704,1.1667250394821167,1.1709601879119873,0,1.2,20250825
2025-08-26,1,1.1618449687957764,1.1664528846740725,1.1602543592453003,1.1618449687957764,0,1.2,20250826
2025-08-27,1,1.1639411449432373,1.1642799377441406,1.157474398612976,1.1639411449432373,0,1.2,20250827
2025-08-28,1,1.1647952795028689,1.168770432472229,1.1629530191421509,1.1647952795028689,0,1.2,20250828
2025-08-29,1,1.1681560277938845,1.170740842819214,1.1654332876205444,1.1681560277938845,0,1.2,20250829
2025-09-01,1,1.169180393218994,1.1735849380493164,1.1688660383224487,1.169180393218994,0,1.2,20250901
2025-09-02,1,1.1715912818908691,1.1716049909591677,1.1613458395004272,1.1715912818908691,0,1.2,20250902
2025-09-03,1,1.163602590560913,1.1682243347167969,1.1609817743301392,1.163602590560913,0,1.2,20250903
2025-09-04,1,1.16604483127594,1.1667931079864502,1.1632235050201416,1.16604483127594,0,1.2,20250904
2025-09-05,1,1.165691375732422,1.1759172677993774,1.1653246879577637,1.165691375732422,0,1.2,20250905
2025-09-08,1,1.1713168621063232,1.175585389137268,1.1705764532089231,1.1713168621063232,0,1.2,20250908
2025-09-09,1,1.1769136190414429,1.1780366897583008,1.1718658208847046,1.1769136190414429,0,1.2,20250909
2025-09-10,1,1.1702749729156494,1.1730204820632937,1.1688660383224487,1.1702749729156494,0,1.2,20250910
2025-09-11,1,1.1703435182571411,1.1745636463165283,1.1668883562088013,1.1703435182571411,0,1.2,20250911
2025-09-12,1,1.1734747886657717,1.174812078475952,1.170261263847351,1.1734747886657717,0,1.2,20250912
2025-09-15,1,1.1726491451263428,1.177440166473389,1.1717147827148438,1.1726491451263428,0,1.2,20250915
2025-09-16,1,1.1763737201690674,1.1852554082870483,1.17583429813385,1.1763737201690674,0,1.2,20250916
2025-09-17,1,1.1871408224105835,1.187295913696289,1.18343186378479,1.1871408224105835,0,1.2,20250917
2025-09-18,1,1.1826341152191162,1.184834122657776,1.1751296520233154,1.1826341152191162,0,1.2,20250918
2025-09-19,1,1.1791062355041504,1.1793843507766724,1.1730343103408811,1.1791062355041504,0,1.2,20250919
2025-09-22,1,1.173695087432861,1.1786893606185913,1.172717809677124,1.173695087432861,0,1.2,20250922
2025-09-23,1,1.1801080703735352,1.1820051670074463,1.178175449371338,1.1801080703735352,0,1.2,20250923
2025-09-24,1,1.181446552276611,1.1816558837890625,1.1731306314468384,1.181446552276611,0,1.2,20250924
2025-09-25,1,1.1744670867919922,1.1754333972930908,1.1667931079864502,1.1744670867919922,0,1.2,20250925
2025-09-26,1,1.166275978088379,1.1702202558517456,1.16593599319458,1.166275978088379,0,1.2,20250926
2025-09-29,1,1.170823097229004,1.1754887104034424,1.1705353260040283,1.170823097229004,0,1.2,20250929
2025-09-30,1,1.1731443405151367,1.1759449243545532,1.1713168621063232,1.1731443405151367,0,1.2,20250930
2025-10-01,1,1.1735849380493164,1.1778839826583862,1.171687364578247,1.1735849380493164,0,1.2,20251001
2025-10-02,1,1.1734058856964111,1.1759172677993774,1.1685655117034912,1.1734058856964111,0,1.2,20251002
2025-10-03,1,1.1725116968154907,1.1756683588027954,1.1716187000274658,1.1725116968154907,0,1.2,20251003
2025-10-06,1,1.171248197555542,1.1731581687927246,1.1654061079025269,1.171248197555542,0,1.2,20251006
2025-10-07,1,1.171028733253479,1.1710972785949707,1.1655147075653076,1.171028733253479,0,1.2,20251007
2025-10-08,1,1.1654603481292725,1.1652973890304563,1.1603620052337646,1.1654603481292725,0,1.2,20251008
2025-10-09,1,1.1631964445114136,1.164958119392395,1.1549211740493774,1.1631964445114136,0,1.2,20251009
2025-10-10,1,1.156644344329834,1.162993550300598,1.1560827493667605,1.156644344329834,0,1.2,20251010
2025-10-13,1,1.160240888595581,1.16296648979187,1.1559356451034546,1.160240888595581,0,1.2,20251013
2025-10-14,1,1.1566845178604126,1.160725712776184,1.154521107673645,1.1566845178604126,0,1.2,20251014
2025-10-15,1,1.1602274179458618,1.164822340011597,1.1602543592453003,1.1602274179458618,0,1.2,20251015
2025-10-16,1,1.1646324396133425,1.1678286790847778,1.164334058761597,1.1646324396133425,0,1.2,20251016
2025-10-17,1,1.1699601411819458,1.1728416681289673,1.165813684463501,1.1699601411819458,0,1.2,20251017
2025-10-20,1,1.165745735168457,1.1676785945892334,1.16453754901886,1.165745735168457,0,1.2,20251020
2025-10-21,1,1.164442539215088,1.1656370162963867,1.1598505973815918,1.164442539215088,0,1.2,20251021
2025-10-22,1,1.160038948059082,1.1616560220718384,1.1577692031860352,1.160038948059082,0,1.2,20251022
2025-10-23,1,1.1608469486236572,1.1621150970458984,1.1586410999298096,1.1608469486236572,0,1.2,20251023
2025-10-24,1,1.1618045568466189,1.164768099784851,1.1601735353469849,1.1618045568466189,0,1.2,20251024
2025-10-27,1,1.1631693840026855,1.164958119392395,1.1618720293045044,1.1631693840026855,0,1.2,20251027
2025-10-28,1,1.165175199508667,1.1668611764907837,1.1627906560897827,1.165175199508667,0,1.2,20251028
2025-10-29,1,1.1657865047454834,1.1665889024734497,1.1619800329208374,1.1657865047454834,0,1.2,20251029
2025-10-30,1,1.1603351831436155,1.1634671688079834,1.1547610759735107,1.1603351831436155,0,1.2,20251030
2025-10-31,1,1.157246708869934,1.1577826738357544,1.152379035949707,1.157246708869934,0,1.2,20251031
2025-11-03,1,1.152804255485535,1.1542012691497805,1.1506155729293823,1.152804255485535,0,1.2,20251103
2025-11-04,1,1.1519144773483276,1.1532961130142212,1.1473548412322998,1.1519144773483276,0,1.2,20251104
2025-11-05,1,1.1485539674758911,1.149795413017273,1.1470125913619995,1.1485539674758911,0,1.2,20251105
2025-11-06,1,1.1496764421463013,1.154294490814209,1.149385690689087,1.1496764421463013,0,1.2,20251106
2025-11-07,1,1.1549211740493774,1.1589902639389038,1.153043508529663,1.1549211740493774,0,1.2,20251107
2025-11-10,1,1.1554548740386963,1.1582250595092771,1.1543744802474976,1.1543878316879272,0,1.2,20251110
2025-11-11,1,1.1557353734970093,1.1606314182281494,1.1548144817352295,1.1557220220565796,0,1.2,20251111
2025-11-12,1,1.1588828563690186,1.1597968339920044,1.1563233137130735,1.1587486267089844,0,1.2,20251112
2025-11-13,1,1.159245491027832,1.1649309396743774,1.1579837799072266,1.159218668937683,0,1.2,20251113
2025-11-14,1,1.163074612617493,1.1653653383255005,1.1608065366744995,1.1631964445114136,0,1.2,20251114
2025-11-17,1,1.16146719455719,1.1617100238800049,1.1583056449890137,1.161534547805786,0,1.2,20251117
2025-11-18,1,1.159003734588623,1.1606987714767456,1.1573805809020996,1.159057378768921,0,1.2,20251118
2025-11-19,1,1.158104419708252,1.1597565412521362,1.1535356044769287,1.1581177711486816,0,1.2,20251119
2025-11-20,1,1.154068112373352,1.1551345586776731,1.1507744789123535,1.154068112373352,0,1.2,20251120
2025-11-21,1,1.1535356044769287,1.1552013158798218,1.1492139101028442,1.1534557342529297,0,1.2,20251121
2025-11-24,1,1.1507877111434937,1.1551345586776731,1.1502846479415894,1.1507612466812134,0,1.2,20251124
2025-11-25,1,1.1520737409591677,1.1583458185195925,1.1512116193771362,1.1520073413848877,0,1.2,20251125
2025-11-26,1,1.156577467918396,1.1602274179458618,1.154961109161377,1.156483769416809,0,1.2,20251126
2025-11-27,1,1.1603620052337646,1.1615750789642334,1.1577155590057373,1.1602139472961426,0,1.2,20251127
2025-11-28,1,1.1600254774093628,1.1606718301773071,1.1557353734970093,1.1599851846694946,0,1.2,20251128
2025-12-01,1,1.1602139472961426,1.1651887893676758,1.159003734588623,1.1601465940475464,0,1.2,20251201
2025-12-02,1,1.1607661247253418,1.1623852252960205,1.1592992544174194,1.1607661247253418,0,1.2,20251202
2025-12-03,1,1.1628988981246948,1.1675832271575928,1.1628177165985107,1.1627906560897827,0,1.2,20251203
2025-12-04,1,1.166670560836792,1.1682243347167969,1.1653653383255005,1.1666841506958008,0,1.2,20251204
2025-12-05,1,1.164456129074097,1.167147159576416,1.162858247756958,1.1642799377441406,0,1.2,20251205
2025-12-08,1,1.1641172170639038,1.1672561168670654,1.1616965532302856,1.164022445678711,0,1.2,20251208
2025-12-09,1,1.1641442775726318,1.165677785873413,1.1616965532302856,1.1641442775726318,0,1.2,20251209
2025-12-10,1,1.1628447771072388,1.165745735168457,1.1622366905212402,1.1628313064575195,0,1.2,20251210
2025-12-11,1,1.170192837715149,1.1759449243545532,1.1683062314987185,1.1701242923736572,0,1.2,20251211
2025-12-12,1,1.1741361618041992,1.1746740341186523,1.172016978263855,1.1739431619644165,0,1.2,20251212
2025-12-15,1,1.1737502813339231,1.1769136190414429,1.1727042198181152,1.1737639904022217,0,1.2,20251215
2025-12-16,1,1.1755025386810305,1.18047034740448,1.1746050119400024,1.1754610538482666,0,1.2,20251216
2025-12-17,1,1.1749638319015503,1.1757928133010864,1.1704530715942385,1.1749500036239624,0,1.2,20251217
2025-12-18,1,1.1742188930511477,1.1758896112442017,1.17134428024292,1.1742326021194458,0,1.2,20251218
2025-12-19,1,1.1725391149520874,1.1737502813339231,1.1704120635986328,1.1725666522979736,0,1.2,20251219
2025-12-22,1,1.1710835695266724,1.177024483680725,1.1710835695266724,1.1708093881607056,0,1.2,20251222
2025-12-23,1,1.1764428615570068,1.18035888671875,1.176429033279419,1.1765950918197632,0,1.2,20251223
2025-12-24,1,1.179565191268921,1.1809163093566897,1.1774264574050903,1.179551362991333,0,1.2,20251224
2025-12-26,1,1.178383708000183,1.179940938949585,1.1763044595718384,1.1785364151000977,0,1.2,20251226
2025-12-29,1,1.1774957180023191,1.1788560152053833,1.1754058599472046,1.177273869514465,0,1.2,20251229
2025-12-30,1,1.1773016452789309,1.178133845329285,1.1746188402175903,1.1772878170013428,0,1.2,20251230
2025-12-31,1,1.1746463775634766,1.1758756637573242,1.1720856428146362,1.1747292280197144,0,1.2,20251231
2026-01-02,1,1.1751158237457275,1.176747441291809,1.17134428024292,1.175046682357788,0,1.2,20260102
2026-01-05,1,1.1706448793411257,1.1718658208847046,1.166003942489624,1.1704667806625366,0,1.2,20260105
2026-01-06,1,1.1716461181640625,1.1745359897613523,1.1684154272079468,1.1714951992034912,0,1.2,20260106
2026-01-07,1,1.1687841415405271,1.170548915863037,1.167446851730347,1.1688251495361328,0,1.2,20260107
2026-01-08,1,1.1677467823028564,1.1684973239898682,1.1652837991714478,1.1676785945892334,0,1.2,20260108
2026-01-09,1,1.165813684463501,1.16604483127594,1.161926031112671,1.1657865047454834,0,1.2,20260109
2026-01-12,1,1.162493348121643,1.169864296913147,1.162304162979126,1.1623716354370115,0,1.2,20260112
2026-01-13,1,1.1667931079864502,1.1675423383712769,1.1635212898254397,1.1666978597640991,0,1.2,20260113
2026-01-14,1,1.164334058761597,1.1663167476654053,1.1637108325958252,1.164252758026123,0,1.2,20260114
2026-01-15,1,1.1645103693008425,1.164686679840088,1.1593934297561646,1.1646324396133425,0,1.2,20260115
2026-01-16,1,1.1609547138214111,1.1626555919647217,1.1585471630096436,1.1609008312225342,0,1.2,20260116
2026-01-19,1,1.1623852252960205,1.164958119392395,1.1609547138214111,1.162493348121643,0,1.2,20260119
2026-01-20,1,1.1639952659606934,1.174701690673828,1.1633453369140625,1.1639139652252195,0,1.2,20260120
2026-01-21,1,1.1726078987121582,1.1742602586746216,1.169700026512146,1.1727865934371948,0,1.2,20260121
2026-01-22,1,1.167392373085022,1.175074338912964,1.167392373085022,1.1672970056533811,0,1.2,20260122
2026-01-23,1,1.1753920316696167,1.1775649785995483,1.1728966236114502,1.1754610538482666,0,1.2,20260123
2026-01-26,1,1.1858175992965698,1.1904903650283811,1.183712124824524,1.1858457326889038,0,1.2,20260126
2026-01-27,1,1.1874228715896606,1.1989833116531372,1.185185194015503,1.1876484155654907,0,1.2,20260127
2026-01-28,1,1.2022699117660522,1.2023565769195557,1.1921935081481934,1.2017642259597778,0,1.2,20260128
2026-01-29,1,1.1976622343063354,1.199457764625549,1.1908447742462158,1.1977769136428833,0,1.2,20260129
2026-01-30,1,1.1967878341674805,1.1973466873168943,1.187394618988037,1.19657301902771,0,1.2,20260130
2026-02-02,1,1.185044765472412,1.187507390975952,1.179078459739685,1.1849182844161987,0,1.2,20260202
2026-02-03,1,1.1799131631851196,1.1824523210525513,1.178078293800354,1.1798714399337769,0,1.2,20260203
2026-02-04,1,1.1816281080245972,1.1838523149490356,1.1792314052581787,1.1816140413284302,0,1.2,20260204
2026-02-05,1,1.1802334785461426,1.1820470094680786,1.178050518035889,1.180163860321045,0,1.2,20260205
2026-02-06,1,1.177745342254639,1.1826481819152832,1.176747441291809,1.177786946296692,0,1.2,20260206
2026-02-09,1,1.1826202869415283,1.1925204992294312,1.1817816495895386,1.182578206062317,0,1.2,20260209
2026-02-10,1,1.1904761791229248,1.192847728729248,1.1890182495117188,1.1904053688049316,0,1.2,20260210
2026-02-11,1,1.188792109489441,1.192733883857727,1.1839083433151243,1.1889617443084717,0,1.2,20260211
2026-02-12,1,1.1875356435775757,1.1890605688095093,1.1853257417678833,1.1876062154769895,0,1.2,20260212
2026-02-13,1,1.1869717836380005,1.1879446506500244,1.1848762035369873,1.1868449449539185,0,1.2,20260213
2026-02-16,1,1.186704158782959,1.1870845556259155,1.1847639083862305,1.1867464780807495,0,1.2,20260216
2026-02-17,1,1.1850868463516235,1.1852554082870483,1.180553913116455,1.184988498687744,0,1.2,20260217
2026-02-18,1,1.185157060623169,1.1853959560394287,1.1810418367385864,1.185185194015503,0,1.2,20260218
2026-02-19,1,1.1791062355041504,1.1807769536972046,1.1743016242980957,1.1788839101791382,0,1.2,20260219
2026-02-20,1,1.1769136190414429,1.1806097030639648,1.1745498180389404,1.1769136190414429,0,1.2,20260220
2026-02-23,1,1.1829839944839478,1.183445930480957,1.1775233745574951,1.1834739446640017,0,1.2,20260223
2026-02-24,1,1.1793148517608645,1.179662585258484,1.1767336130142212,1.1793843507766724,0,1.2,20260224
2026-02-25,1,1.1775511503219604,1.180790901184082,1.1771352291107178,1.1775233745574951,0,1.2,20260225
2026-02-26,1,1.181544303894043,1.1830118894577026,1.1782448291778564,1.181516408920288,0,1.2,20260226
2026-02-27,1,1.1803449392318726,1.182396411895752,1.1790506839752195,1.1803030967712402,0,1.2,20260227
2026-03-02,1,1.176014065742493,1.1795791387557983,1.1672834157943726,1.1759449243545532,0,1.2,20260302
2026-03-03,1,1.1694538593292236,1.1707134246826172,1.153203010559082,1.169727444648743,0,1.2,20260303
2026-03-04,1,1.161089539527893,1.1654876470565796,1.1576753854751587,1.161224365234375,0,1.2,20260304
2026-03-05,1,1.1635212898254397,1.164686679840088,1.1561896800994873,1.1635618209838867,0,1.2,20260305
2026-03-06,1,1.1607122421264648,1.16225004196167,1.1547610759735107,1.1608065366744995,0,1.2,20260306
2026-03-09,1,1.1525650024414062,1.159366488456726,1.150814175605774,1.152325987815857,0,1.2,20260309
2026-03-10,1,1.1616694927215576,1.1663848161697388,1.1608469486236572,1.161723494529724,0,1.2,20260310
2026-03-11,1,1.1613187789916992,1.164401888847351,1.1566978693008425,1.1611299514770508,0,1.2,20260311
2026-03-12,1,1.1541746854782104,1.156738042831421,1.151145339012146,1.1543211936950684,0,1.2,20260312
2026-03-13,1,1.1522197723388672,1.152923822402954,1.1434844732284546,1.1521666049957275,0,1.2,20260313
2026-03-16,1,1.1438244581222534,1.1501259803771973,1.1415655612945557,1.1435105800628662,0,1.2,20260316
2026-03-17,1,1.1497821807861328,1.15421462059021,1.146696925163269,1.1499539613723757,0,1.2,20260317
2026-03-18,1,1.1539082527160645,1.1556684970855713,1.1492536067962646,1.153948187828064,0,1.2,20260318
2026-03-19,1,1.1462894678115845,1.1536552906036377,1.144505262374878,1.1464471817016602,0,1.2,20260319
2026-03-20,1,1.1575682163238523,1.1581177711486816,1.1526447534561155,1.157755732536316,0,1.2,20260320
2026-03-23,1,1.156376838684082,1.1637920141220093,1.14850115776062,1.1560158729553225,0,1.2,20260323
2026-03-24,1,1.160779595375061,1.1616560220718384,1.1569254398345947,1.1607122421264648,0,1.2,20260324
2026-03-25,1,1.161386251449585,1.1631964445114136,1.1563634872436523,1.16146719455719,0,1.2,20260325
2026-03-26,1,1.1564704179763794,1.1574074029922483,1.1523923873901367,1.1561496257781982,0,1.2,20260326
2026-03-27,1,1.1535356044769287,1.1547343730926514,1.1502978801727295,1.1535090208053589,0,1.2,20260327
2026-03-30,1,1.1491875648498535,1.152339220046997,1.1443873643875122,1.149200677871704,0,1.2,20260330
2026-03-31,1,1.1457903385162354,1.1538816690444946,1.144924521446228,1.1460003852844238,0,1.2,20260331
2026-04-01,1,1.157112717628479,1.1626555919647217,1.1555883884429932,1.1574207544326782,0,1.2,20260401
2026-04-02,1,1.159151554107666,1.1598775386810305,1.1510393619537354,1.159057378768921,0,1.2,20260402
2026-04-03,1,1.1543878316879272,1.1548677682876587,1.1520869731903076,1.1541746854782104,0,1.2,20260403
2026-04-06,1,1.151185154914856,1.1570056676864624,1.1506949663162231,1.150999665260315,0,1.2,20260406
2026-04-07,1,1.1540547609329224,1.1583458185195925,1.1525251865386963,1.1541212797164917,0,1.2,20260407
2026-04-08,1,1.1690436601638794,1.172333002090454,1.1666841506958008,1.1686612367630005,0,1.2,20260408
2026-04-09,1,1.165813684463501,1.1706311702728271,1.1651073694229126,1.16593599319458,0,1.2,20260409
2026-04-10,1,1.1691941022872925,1.174122333526611,1.1678149700164795,1.1691256761550903,0,1.2,20260410
2026-04-13,1,1.1672152280807495,1.1719481945037842,1.167147159576416,1.1675150394439695,0,1.2,20260413
2026-04-14,1,1.176345944404602,1.1810559034347534,1.1756960153579712,1.176885962486267,0,1.2,20260414
2026-04-15,1,1.179815649986267,1.1810559034347534,1.177398681640625,1.179940938949585,0,1.2,20260415
2026-04-16,1,1.1807769536972046,1.182382583618164,1.176955223083496,1.1809163093566897,0,1.2,20260416
2026-04-17,1,1.1778979301452637,1.1851149797439575,1.1772878170013428,1.178272724151611,0,1.2,20260417
2026-04-20,1,1.1739156246185305,1.1791062355041504,1.1739156246185305,1.174122333526611,0,1.2,20260420
2026-04-21,1,1.178383708000183,1.178828239440918,1.174315333366394,1.1784392595291138,0,1.2,20260421
2026-04-22,1,1.1745774745941162,1.176110863685608,1.1713716983795166,1.174425721168518,0,1.2,20260422
2026-04-23,1,1.1704941987991333,1.1716461181640625,1.167924165725708,1.1706037521362305,0,1.2,20260423
2026-04-24,1,1.1684017181396484,1.17205810546875,1.1673243045806885,1.16838800907135,0,1.2,20260424
2026-04-27,1,1.1705901622772217,1.1756407022476196,1.1705901622772217,1.1706448793411257,0,1.2,20260427
2026-04-28,1,1.1723191738128662,1.1728830337524414,1.1678286790847778,1.1723467111587524,0,1.2,20260428
2026-04-29,1,1.1719344854354858,1.172195553779602,1.1683608293533323,1.171783447265625,0,1.2,20260429
2026-04-30,1,1.168770432472229,1.17384672164917,1.165623426437378,1.168470025062561,0,1.2,20260430
2026-05-01,1,1.1730204820632937,1.1784532070159912,1.1719344854354858,1.172910451889038,0,1.2,20260501
2026-05-04,1,1.1726078987121582,1.17384672164917,1.1690847873687744,1.1726628541946411,0,1.2,20260504
2026-05-05,1,1.1691941022872925,1.1716461181640625,1.1677467823028564,1.1691941022872925,0,1.2,20260505
2026-05-06,1,1.1715089082717896,1.179662585258484,1.1712619066238403,1.1715774536132812,0,1.2,20260506
2026-05-07,1,1.174812078475952,1.177994966506958,1.1746740341186523,1.1747430562973022,0,1.2,20260507
2026-05-08,1,1.1730892658233645,1.178467035293579,1.172525405883789,1.1731581687927246,0,1.2,20260508
2026-05-11,1,1.176885962486267,1.1789672374725342,1.174936294555664,1.176885962486267,0,1.2,20260511
2026-05-12,1,1.1775649785995483,1.1778563261032104,1.172305464744568,1.177994966506958,0,1.2,20260512
2026-05-13,1,1.173626184463501,1.1742602586746216,1.1696317195892334,1.1735436916351318,0,1.2,20260513
2026-05-14,1,1.171783447265625,1.1721543073654177,1.1672425270080566,1.1716049909591677,0,1.2,20260514
2026-05-15,1,1.166248798370361,1.1664528846740725,1.1618314981460571,1.166208028793335,0,1.2,20260515
2026-05-18,1,1.1617100238800049,1.1659088134765625,1.1609008312225342,1.161440134048462,0,1.2,20260518
2026-05-19,1,1.1654061079025269,1.1655012369155884,1.159312725067139,1.1655147075653076,0,1.2,20260519
2026-05-20,1,1.1605371236801147,1.16441547870636,1.1583592891693115,1.1607122421264648,0,1.2,20260520
2026-05-21,1,1.1625068187713623,1.1637378931045532,1.1577290296554563,1.1625338792800903,0,1.2,20260521
2026-05-22,1,1.1615750789642334,1.1618449687957764,1.1589365005493164,1.1621150970458984,0,1.2,20260522
2026-05-25,1,1.1640766859054563,1.1655012369155884,1.1630340814590454,1.164225697517395,0,1.2,20260525
2026-05-26,1,1.1636160612106323,1.164686679840088,1.161737084388733,1.1637378931045532,0,1.2,20260526
2026-05-27,1,1.1638598442077637,1.1660856008529663,1.1623852252960205,1.1636837720870972,0,1.2,20260527
2026-05-28,1,1.1617640256881714,1.1657729148864746,1.1587486267089844,1.16179096698761,0,1.2,20260528
2026-05-29,1,1.165338158607483,1.1685519218444824,1.1625880002975464,1.1652837991714478,0,1.2,20260529
2026-06-01,1,1.164808750152588,1.1667250394821167,1.160739183425903,1.164890170097351,0,1.2,20260601
2026-06-02,1,1.1635618209838867,1.1655012369155884,1.162912368774414,1.1635483503341677,0,1.2,20260602
2026-06-03,1,1.1621556282043457,1.163602590560913,1.1595412492752075,1.1622096300125122,0,1.2,20260603
2026-06-04,1,1.1609278917312622,1.164686679840088,1.1599044799804688,1.160941243171692,0,1.2,20260604
2026-06-05,1,1.161440134048462,1.1645511388778689,1.1531099081039429,1.1612648963928225,0,1.2,20260605
2026-06-08,1,1.1524720191955566,1.155428171157837,1.1500862836837769,1.1522595882415771,0,1.2,20260608
2026-06-09,1,1.152790904045105,1.157809495925903,1.152790904045105,1.1528440713882446,0,1.2,20260609
2026-06-10,1,1.1535356044769287,1.1574074029922483,1.15340256690979,1.1535356044769287,0,1.2,20260610
2026-06-11,1,1.1538017988204956,1.1558021306991575,1.151450276374817,1.1535621881484983,0,1.2,20260611
2026-06-12,1,1.157353758811951,1.159151554107666,1.1558021306991575,1.157594919204712,0,1.2,20260612
2026-06-15,1,1.160644769668579,1.16225004196167,1.1594606637954712,1.1603081226348877,0,1.2,20260615
2026-06-16,1,1.1592857837677002,1.1618449687957764,1.1575413942337036,1.1594202518463137,0,1.2,20260616
2026-06-17,1,1.1609278917312622,1.1618449687957764,1.1586545705795288,1.1609952449798584,0,1.2,20260617
2026-06-18,1,1.151145339012146,1.1530035734176636,1.1454228162765503,1.150734782218933,0,1.2,20260618
2026-06-19,1,1.1463946104049685,1.1475785970687866,1.1418262720108032,1.1458560228347778,0,1.2,20260619
2026-06-22,1,1.1463682651519775,1.147315263748169,1.1426090002059937,1.146276354789734,0,1.2,20260622
2026-06-23,1,1.1425306797027588,1.1439030170440674,1.137669324874878,1.1427135467529297,0,1.2,20260623
2026-06-24,1,1.1379282474517822,1.1384334564208984,1.132541298866272,1.1379542350769043,0,1.2,20260624
2026-06-25,1,1.135344386100769,1.1388354301452637,1.1334270238876345,1.1354217529296875,0,1.2,20260625
2026-06-26,1,1.1377859115600586,1.143379807472229,1.1357183456420898,1.1393414735794067,0,1.2,20260626
2024-09-03,2,146.7220001220703,147.18800354003906,145.16799926757812,146.7220001220703,0,1.2,20240903
2024-09-04,2,145.35299682617188,145.53799438476562,144.02699279785156,145.35299682617188,0,1.2,20240904
2024-09-05,2,143.32400512695312,144.20399475097656,142.85400390625,143.32400512695312,0,1.2,20240905
2024-09-06,2,143.39300537109375,143.84800720214844,141.76499938964844,143.39300537109375,0,1.2,20240906
2024-09-09,2,142.48599243164062,143.78599548339844,142.44500732421875,142.48599243164062,0,1.2,20240909
2024-09-10,2,143.177001953125,143.6750030517578,142.26199340820312,143.177001953125,0,1.2,20240910
2024-09-11,2,142.23399353027344,142.46800231933594,140.71800231933594,142.23399353027344,0,1.2,20240911
2024-09-12,2,142.58999633789062,143.01100158691406,141.91299438476562,142.58999633789062,0,1.2,20240912
2024-09-13,2,141.49899291992188,141.52699279785156,140.36199951171875,141.49899291992188,0,1.2,20240913
2024-09-16,2,140.7899932861328,140.8990020751953,139.5780029296875,140.7899932861328,0,1.2,20240916
2024-09-17,2,140.7899932861328,141.85000610351562,140.322998046875,140.7899932861328,0,1.2,20240917
2024-09-18,2,142.01499938964844,142.05099487304688,141.24400329589844,142.01499938964844,0,1.2,20240918
2024-09-19,2,142.7100067138672,143.93499755859375,142.06500244140625,142.7100067138672,0,1.2,20240919
2024-09-20,2,142.85800170898438,144.4759979248047,141.76300048828125,142.85800170898438,0,1.2,20240920
2024-09-23,2,144.00399780273438,144.43899536132812,143.1959991455078,144.00399780273438,0,1.2,20240923
2024-09-24,2,143.63800048828125,144.6649932861328,143.41200256347656,143.63800048828125,0,1.2,20240924
2024-09-25,2,142.96299743652344,144.58799743652344,142.93600463867188,142.96299743652344,0,1.2,20240925
2024-09-26,2,144.68299865722656,145.18800354003906,144.11700439453125,144.68299865722656,0,1.2,20240926
2024-09-27,2,145.0760040283203,146.46200561523438,142.45399475097656,145.0760040283203,0,1.2,20240927
2024-09-30,2,142.7830047607422,143.3560028076172,141.64700317382812,142.7830047607422,0,1.2,20240930
2024-10-01,2,143.7100067138672,144.49600219726562,143.0229949951172,143.7100067138672,0,1.2,20241001
2024-10-02,2,143.73599243164062,146.2519989013672,143.53199768066406,143.73599243164062,0,1.2,20241002
2024-10-03,2,146.58200073242188,147.2100067138672,146.33299255371094,146.58200073242188,0,1.2,20241003
2024-10-04,2,146.83999633789062,148.73800659179688,145.94200134277344,146.83999633789062,0,1.2,20241004
2024-10-07,2,148.82000732421875,148.78799438476562,147.86300659179688,148.82000732421875,0,1.2,20241007
2024-10-08,2,148.14599609375,148.3509979248047,147.38800048828125,148.14599609375,0,1.2,20241008
2024-10-09,2,148.15899658203125,149.25799560546875,148.02499389648438,148.15899658203125,0,1.2,20241009
2024-10-10,2,149.16000366210938,149.52999877929688,148.41799926757812,149.16000366210938,0,1.2,20241010
2024-10-11,2,148.70399475097656,149.26300048828125,148.3990020751953,148.70399475097656,0,1.2,20241011
2024-10-14,2,149.33399963378906,149.94900512695312,149.14599609375,149.33399963378906,0,1.2,20241014
2024-10-15,2,149.6699981689453,149.74000549316406,148.85299682617188,149.6699981689453,0,1.2,20241015
2024-10-16,2,149.0989990234375,149.73500061035156,148.92999267578125,149.0989990234375,0,1.2,20241016
2024-10-17,2,149.5760040283203,150.13800048828125,149.2570037841797,149.5760040283203,0,1.2,20241017
2024-10-18,2,150.10000610351562,150.13900756835938,149.51499938964844,150.10000610351562,0,1.2,20241018
2024-10-21,2,149.60000610351562,150.48699951171875,149.0959930419922,149.60000610351562,0,1.2,20241021
2024-10-22,2,150.60499572753906,151.12899780273438,150.51800537109375,150.60499572753906,0,1.2,20241022
2024-10-23,2,151.13800048828125,153.1649932861328,151.15199279785156,151.13800048828125,0,1.2,20241023
2024-10-24,2,152.7689971923828,152.76800537109375,151.78399658203125,152.7689971923828,0,1.2,20241024
2024-10-25,2,151.7830047607422,152.13999938964844,151.49400329589844,151.7830047607422,0,1.2,20241025
2024-10-28,2,152.95199584960938,153.8679962158203,152.42100524902344,152.95199584960938,0,1.2,20241028
2024-10-29,2,153.1790008544922,153.83999633789062,152.76800537109375,153.1790008544922,0,1.2,20241029
2024-10-30,2,153.2740020751953,153.4720001220703,152.8000030517578,153.2740020751953,0,1.2,20241030
2024-10-31,2,153.20399475097656,153.55599975585938,151.9219970703125,153.20399475097656,0,1.2,20241031
2024-11-01,2,151.97999572753906,153.0019989013672,151.8350067138672,151.97999572753906,0,1.2,20241101
2024-11-04,2,152.28700256347656,152.28500366210938,151.55099487304688,152.28700256347656,0,1.2,20241104
2024-11-05,2,152.2760009765625,152.531005859375,151.79600524902344,152.2760009765625,0,1.2,20241105
2024-11-06,2,151.43499755859375,154.64999389648438,151.34300231933594,151.43499755859375,0,1.2,20241106
2024-11-07,2,154.32000732421875,154.70199584960938,152.86099243164062,154.32000732421875,0,1.2,20241107
2024-11-08,2,153.17999267578125,153.35299682617188,152.17100524902344,153.17999267578125,0,1.2,20241108
2024-11-11,2,152.9040069580078,153.94400024414062,152.8699951171875,152.9040069580078,0,1.2,20241111
2024-11-12,2,153.47999572753906,154.75999450683594,153.41099548339844,153.47999572753906,0,1.2,20241112
2024-11-13,2,154.65499877929688,155.29200744628906,154.35000610351562,154.65499877929688,0,1.2,20241113
2024-11-14,2,155.4290008544922,156.23800659179688,155.42599487304688,155.4290008544922,0,1.2,20241114
2024-11-15,2,156.46800231933594,156.74600219726562,154.52999877929688,156.46800231933594,0,1.2,20241115
2024-11-18,2,154.66400146484375,155.33999633789062,153.86399841308594,154.66400146484375,0,1.2,20241118
2024-11-19,2,154.61700439453125,154.64500427246094,153.39700317382812,154.61700439453125,0,1.2,20241119
2024-11-20,2,154.71800231933594,155.8719940185547,154.61199951171875,154.71800231933594,0,1.2,20241120
2024-11-21,2,155.2949981689453,155.27000427246094,153.95199584960938,155.2949981689453,0,1.2,20241121
2024-11-22,2,154.21800231933594,154.97900390625,153.97500610351562,154.21800231933594,0,1.2,20241122
2024-11-25,2,154.14599609375,154.6959991455078,153.5500030517578,154.14599609375,0,1.2,20241125
2024-11-26,2,154.3780059814453,154.37399291992188,153.02499389648438,154.3780059814453,0,1.2,20241126
2024-11-27,2,153.00900268554688,153.0070037841797,150.52699279785156,153.00900268554688,0,1.2,20241127
2024-11-28,2,151.33599853515625,151.9409942626953,151.28900146484375,151.33599853515625,0,1.2,20241128
2024-11-29,2,151.1739959716797,151.18499755859375,149.58999633789062,151.1739959716797,0,1.2,20241129
2024-12-02,2,149.8159942626953,150.74000549316406,149.1179962158203,149.8979949951172,0,1.2,20241202
2024-12-03,2,149.50799560546875,150.21499633789062,148.6510009765625,149.50799560546875,0,1.2,20241203
2024-12-04,2,149.64700317382812,151.2169952392578,149.53700256347656,149.64700317382812,0,1.2,20241204
2024-12-05,2,150.56700134277344,150.6840057373047,149.6649932861328,150.56700134277344,0,1.2,20241205
2024-12-06,2,150.20700073242188,150.68299865722656,149.4199981689453,150.20700073242188,0,1.2,20241206
2024-12-09,2,149.93099975585938,151.24899291992188,149.69700622558594,150.02999877929688,0,1.2,20241209
2024-12-10,2,151.4080047607422,152.16700744628906,150.91099548339844,151.4080047607422,0,1.2,20241210
2024-12-11,2,151.8070068359375,152.77000427246094,151.197998046875,151.8070068359375,0,1.2,20241211
2024-12-12,2,152.2449951171875,152.76800537109375,151.83599853515625,152.2449951171875,0,1.2,20241212
2024-12-13,2,152.58700561523438,153.77099609375,152.60000610351562,152.58700561523438,0,1.2,20241213
2024-12-16,2,153.4530029296875,154.4739990234375,153.3260040283203,153.4530029296875,0,1.2,20241216
2024-12-17,2,154.08599853515625,154.3280029296875,153.39999389648438,154.08599853515625,0,1.2,20241217
2024-12-18,2,153.57200622558594,154.072998046875,153.33799743652344,153.57200622558594,0,1.2,20241218
2024-12-19,2,154.67300415039062,157.79100036621094,154.46299743652344,154.67300415039062,0,1.2,20241219
2024-12-20,2,157.6439971923828,157.8730010986328,156.10299682617188,157.6439971923828,0,1.2,20241220
2024-12-23,2,156.5330047607422,157.25999450683594,156.33599853515625,156.5330047607422,0,1.2,20241223
2024-12-24,2,157.1649932861328,157.3769989013672,156.89999389648438,157.1649932861328,0,1.2,20241224
2024-12-25,2,157.10699462890625,157.86099243164062,146.20199584960938,157.10699462890625,0,1.2,20241225
2024-12-26,2,157.13299560546875,158.0749969482422,157.0800018310547,157.13299560546875,0,1.2,20241226
2024-12-27,2,157.7480010986328,157.9149932861328,157.3520050048828,157.7480010986328,0,1.2,20241227
2024-12-30,2,157.8730010986328,158.0590057373047,156.66799926757812,157.8730010986328,0,1.2,20241230
2024-12-31,2,156.9949951171875,157.41000366210938,156.04299926757812,156.9949951171875,0,1.2,20241231
2025-01-02,2,157.718994140625,157.76499938964844,156.44900512695312,157.718994140625,0,1.2,20250102
2025-01-03,2,157.36199951171875,157.4810028076172,157.0279998779297,157.36199951171875,0,1.2,20250103
2025-01-06,2,157.4810028076172,157.9499969482422,156.2740020751953,157.4810028076172,0,1.2,20250106
2025-01-07,2,157.7429962158203,158.42100524902344,157.38999938964844,157.7429962158203,0,1.2,20250107
2025-01-08,2,158.23599243164062,158.54299926757812,157.90199279785156,158.23599243164062,0,1.2,20250108
2025-01-09,2,158.19200134277344,158.3040008544922,157.58099365234375,158.19200134277344,0,1.2,20250109
2025-01-10,2,158.04800415039062,158.85699462890625,157.22500610351562,158.04800415039062,0,1.2,20250110
2025-01-13,2,157.88699340820312,157.9550018310547,156.90899658203125,157.88699340820312,0,1.2,20250113
2025-01-14,2,157.36399841308594,158.1219940185547,157.1490020751953,157.36399841308594,0,1.2,20250114
2025-01-15,2,158.0500030517578,158.08200073242188,155.968994140625,158.0500030517578,0,1.2,20250115
2025-01-16,2,156.2550048828125,156.50399780273438,155.11900329589844,156.2550048828125,0,1.2,20250116
2025-01-17,2,155.3560028076172,156.36500549316406,154.98300170898438,155.3560028076172,0,1.2,20250117
2025-01-20,2,156.30599975585938,156.45700073242188,155.42300415039062,156.30599975585938,0,1.2,20250120
2025-01-21,2,155.24899291992188,156.16099548339844,154.79800415039062,155.24899291992188,0,1.2,20250121
2025-01-22,2,155.7740020751953,156.63499450683594,155.38499450683594,155.7740020751953,0,1.2,20250122
2025-01-23,2,156.44000244140625,156.7469940185547,155.87399291992188,156.44000244140625,0,1.2,20250123
2025-01-24,2,156.15499877929688,156.5679931640625,154.86199951171875,156.15499877929688,0,1.2,20250124
2025-01-27,2,155.74400329589844,156.2259979248047,153.72500610351562,155.74400329589844,0,1.2,20250127
2025-01-28,2,154.90899658203125,155.9709930419922,154.8070068359375,154.90899658203125,0,1.2,20250128
2025-01-29,2,155.5590057373047,155.77699279785156,154.97300720214844,155.5590057373047,0,1.2,20250129
2025-01-30,2,155.1699981689453,155.17599487304688,153.802001953125,155.1699981689453,0,1.2,20250130
2025-01-31,2,154.0970001220703,154.99400329589844,153.9320068359375,154.0970001220703,0,1.2,20250131
2025-02-03,2,155.36300659179688,155.86399841308594,154.0189971923828,155.36300659179688,0,1.2,20250203
2025-02-04,2,155.27699279785156,155.49099731445312,154.4739990234375,155.27699279785156,0,1.2,20250204
2025-02-05,2,154.13299560546875,154.3489990234375,152.11700439453125,154.13299560546875,0,1.2,20250205
2025-02-06,2,152.6060028076172,152.86099243164062,151.6840057373047,152.6060028076172,0,1.2,20250206
2025-02-07,2,151.1929931640625,152.27699279785156,150.94400024414062,151.1929931640625,0,1.2,20250207
2025-02-10,2,151.8459930419922,152.52499389648438,151.57899475097656,151.8459930419922,0,1.2,20250210
2025-02-11,2,151.75900268554688,152.57899475097656,151.68699645996094,151.75900268554688,0,1.2,20250211
2025-02-12,2,152.73899841308594,154.79200744628906,152.73899841308594,152.73899841308594,0,1.2,20250212
2025-02-13,2,154.2550048828125,154.64700317382812,152.9320068359375,154.2550048828125,0,1.2,20250213
2025-02-14,2,152.98899841308594,153.07899475097656,152.0290069580078,152.98899841308594,0,1.2,20250214
2025-02-17,2,152.0229949951172,152.09500122070312,151.33799743652344,152.0229949951172,0,1.2,20250217
2025-02-18,2,151.44400024414062,152.20700073242188,151.43600463867188,151.44400024414062,0,1.2,20250218
2025-02-19,2,151.93099975585938,152.29800415039062,151.2550048828125,151.93099975585938,0,1.2,20250219
2025-02-20,2,151.22000122070312,151.20899963378906,149.49200439453125,151.22000122070312,0,1.2,20250220
2025-02-21,2,149.4080047607422,150.73500061035156,149.41099548339844,149.4080047607422,0,1.2,20250221
2025-02-24,2,149.38699340820312,149.86000061035156,148.843994140625,149.38699340820312,0,1.2,20250224
2025-02-25,2,149.86399841308594,150.28700256347656,148.5959930419922,149.86399841308594,0,1.2,20250225
2025-02-26,2,149.0780029296875,149.88499450683594,148.6580047607422,149.0780029296875,0,1.2,20250226
2025-02-27,2,148.83799743652344,150.14700317382812,148.802001953125,148.83799743652344,0,1.2,20250227
2025-02-28,2,150.01199340820312,150.96499633789062,149.10699462890625,150.01199340820312,0,1.2,20250228
2025-03-03,2,150.77099609375,151.2989959716797,149.94900512695312,150.77099609375,0,1.2,20250303
2025-03-04,2,149.30499267578125,149.5570068359375,148.10299682617188,149.30499267578125,0,1.2,20250304
2025-03-05,2,149.7989959716797,150.1790008544922,148.4199981689453,149.7989959716797,0,1.2,20250305
2025-03-06,2,148.8979949951172,149.31399536132812,147.3280029296875,148.8979949951172,0,1.2,20250306
2025-03-07,2,148.10800170898438,148.13699340820312,146.99000549316406,148.10800170898438,0,1.2,20250307
2025-03-10,2,147.60800170898438,147.7830047607422,146.63800048828125,147.60800170898438,0,1.2,20250310
2025-03-11,2,147.06900024414062,148.11399841308594,146.5469970703125,147.06900024414062,0,1.2,20250311
2025-03-12,2,148.04200744628906,149.18600463867188,147.84800720214844,148.04200744628906,0,1.2,20250312
2025-03-13,2,148.2790069580078,148.36000061035156,147.58799743652344,148.2790069580078,0,1.2,20250313
2025-03-14,2,147.94900512695312,148.99600219726562,147.85000610351562,147.94900512695312,0,1.2,20250314
2025-03-17,2,148.59800720214844,149.0800018310547,148.28799438476562,148.59800720214844,0,1.2,20250317
2025-03-18,2,149.37899780273438,149.93299865722656,149.25900268554688,149.37899780273438,0,1.2,20250318
2025-03-19,2,149.45199584960938,150.14199829101562,149.15499877929688,149.45199584960938,0,1.2,20250319
2025-03-20,2,148.49000549316406,148.94200134277344,148.17999267578125,148.49000549316406,0,1.2,20250320
2025-03-21,2,148.5959930419922,149.6510009765625,148.5970001220703,148.5959930419922,0,1.2,20250321
2025-03-24,2,149.677001953125,150.7429962158203,149.47000122070312,149.677001953125,0,1.2,20250324
2025-03-25,2,150.7740020751953,150.93499755859375,149.552001953125,150.7740020751953,0,1.2,20250325
2025-03-26,2,149.9499969482422,150.74200439453125,149.8509979248047,149.9499969482422,0,1.2,20250326
2025-03-27,2,150.47300720214844,151.08299255371094,150.06500244140625,150.47300720214844,0,1.2,20250327
2025-03-28,2,150.8470001220703,151.1999969482422,149.92300415039062,150.8470001220703,0,1.2,20250328
2025-03-31,2,149.61700439453125,149.9530029296875,148.7100067138672,149.61700439453125,0,1.2,20250331
2025-04-01,2,149.91299438476562,149.97999572753906,148.9770050048828,149.91299438476562,0,1.2,20250401
2025-04-02,2,149.7830047607422,150.0760040283203,149.11099243164062,149.7830047607422,0,1.2,20250402
2025-04-03,2,147.8719940185547,148.3179931640625,145.33900451660156,147.8719940185547,0,1.2,20250403
2025-04-04,2,146.2310028076172,146.5,144.6020050048828,146.2310028076172,0,1.2,20250404
2025-04-07,2,145.43299865722656,147.96200561523438,145.09500122070312,145.43299865722656,0,1.2,20250407
2025-04-08,2,147.78900146484375,147.93499755859375,146.6820068359375,147.78900146484375,0,1.2,20250408
2025-04-09,2,145.84500122070312,145.88499450683594,144.0449981689453,145.84500122070312,0,1.2,20250409
2025-04-10,2,147.3990020751953,147.43499755859375,144.06700134277344,147.3990020751953,0,1.2,20250410
2025-04-11,2,143.7469940185547,144.11000061035156,142.1009979248047,143.7469940185547,0,1.2,20250411
2025-04-14,2,143.6959991455078,144.0469970703125,142.26499938964844,143.6959991455078,0,1.2,20250414
2025-04-15,2,143.2209930419922,143.57899475097656,142.61199951171875,143.2209930419922,0,1.2,20250415
2025-04-16,2,143.18099975585938,143.1580047607422,142.0709991455078,143.18099975585938,0,1.2,20250416
2025-04-17,2,141.92799377441406,143.02000427246094,141.9149932861328,141.92799377441406,0,1.2,20250417
2025-04-22,2,140.87600708007812,141.13999938964844,139.89199829101562,140.87600708007812,0,1.2,20250422
2025-04-23,2,142.68800354003906,142.7519989013672,141.531005859375,142.68800354003906,0,1.2,20250423
2025-04-24,2,143.22300720214844,143.33299255371094,142.30799865722656,143.22300720214844,0,1.2,20250424
2025-04-25,2,142.87899780273438,144.0229949951172,142.843994140625,142.87899780273438,0,1.2,20250425
2025-04-28,2,143.84100341796875,143.86399841308594,142.64500427246094,143.84100341796875,0,1.2,20250428
2025-04-29,2,142.17799377441406,142.7570037841797,142.02200317382812,142.17799377441406,0,1.2,20250429
2025-04-30,2,142.2989959716797,143.14300537109375,142.17100524902344,142.2989959716797,0,1.2,20250430
2025-05-01,2,143.00900268554688,145.63400268554688,142.88999938964844,143.00900268554688,0,1.2,20250501
2025-05-02,2,145.447998046875,145.906005859375,143.73800659179688,145.447998046875,0,1.2,20250502
2025-05-05,2,144.62399291992188,144.77699279785156,143.54400634765625,144.62399291992188,0,1.2,20250505
2025-05-06,2,143.6540069580078,144.25,142.36300659179688,143.6540069580078,0,1.2,20250506
2025-05-07,2,143.03500366210938,143.50799560546875,142.76800537109375,143.03500366210938,0,1.2,20250507
2025-05-08,2,143.84800720214844,145.5540008544922,143.46800231933594,143.84800720214844,0,1.2,20250508
2025-05-09,2,146.01499938964844,146.16600036621094,144.8489990234375,146.01499938964844,0,1.2,20250509
2025-05-12,2,145.81199645996094,148.58200073242188,145.71800231933594,145.81199645996094,0,1.2,20250512
2025-05-13,2,148.30999755859375,148.2449951171875,147.656005859375,148.30999755859375,0,1.2,20250513
2025-05-14,2,147.5279998779297,147.64599609375,145.62899780273438,147.5279998779297,0,1.2,20250514
2025-05-15,2,146.64999389648438,146.7209930419922,145.41600036621094,146.64999389648438,0,1.2,20250515
2025-05-16,2,145.61300659179688,146.0570068359375,144.9320068359375,145.61300659179688,0,1.2,20250516
2025-05-19,2,145.29800415039062,145.33900451660156,144.6580047607422,145.29800415039062,0,1.2,20250519
2025-05-20,2,144.97500610351562,145.44900512695312,144.0970001220703,144.97500610351562,0,1.2,20250520
2025-05-21,2,144.3280029296875,144.3470001220703,143.45899963378906,144.3280029296875,0,1.2,20250521
2025-05-22,2,143.7550048828125,144.0449981689453,142.8280029296875,143.7550048828125,0,1.2,20250522
2025-05-23,2,143.85800170898438,144.00999450683594,142.468994140625,143.85800170898438,0,1.2,20250523
2025-05-26,2,142.86700439453125,143.0330047607422,142.23399353027344,142.86700439453125,0,1.2,20250526
2025-05-27,2,142.65499877929688,144.44900512695312,142.13099670410156,142.65499877929688,0,1.2,20250527
2025-05-28,2,144.177001953125,145.06399536132812,143.86900329589844,144.177001953125,0,1.2,20250528
2025-05-29,2,145.69700622558594,146.25100708007812,144.06700134277344,145.69700622558594,0,1.2,20250529
2025-05-30,2,143.7790069580078,144.4010009765625,143.44400024414062,143.7790069580078,0,1.2,20250530
2025-06-02,2,143.81500244140625,143.7969970703125,142.54600524902344,143.81500244140625,0,1.2,20250602
2025-06-03,2,142.45199584960938,143.97300720214844,142.42300415039062,142.45199584960938,0,1.2,20250603
2025-06-04,2,143.83700561523438,144.3489990234375,142.9029998779297,143.83700561523438,0,1.2,20250604
2025-06-05,2,142.73199462890625,143.947998046875,142.58700561523438,142.73199462890625,0,1.2,20250605
2025-06-06,2,143.54200744628906,145.0749969482422,143.5449981689453,143.54200744628906,0,1.2,20250606
2025-06-09,2,144.6909942626953,144.9409942626953,143.98399353027344,144.6909942626953,0,1.2,20250609
2025-06-10,2,144.5399932861328,145.28799438476562,144.41000366210938,144.5399932861328,0,1.2,20250610
2025-06-11,2,144.83799743652344,145.41299438476562,144.3769989013672,144.83799743652344,0,1.2,20250611
2025-06-12,2,144.2030029296875,144.3249969482422,143.20599365234375,144.2030029296875,0,1.2,20250612
2025-06-13,2,143.19400024414062,144.46400451660156,142.81700134277344,143.19400024414062,0,1.2,20250613
2025-06-16,2,144.09100341796875,144.5709991455078,143.66000366210938,144.09100341796875,0,1.2,20250616
2025-06-17,2,144.72900390625,145.26300048828125,144.41400146484375,144.72900390625,0,1.2,20250617
2025-06-18,2,145.37600708007812,145.43800354003906,144.5500030517578,145.37600708007812,0,1.2,20250618
2025-06-19,2,144.9550018310547,145.76499938964844,144.7480010986328,144.9550018310547,0,1.2,20250619
2025-06-20,2,145.21800231933594,145.9530029296875,145.14700317382812,145.21800231933594,0,1.2,20250620
2025-06-23,2,146.2239990234375,148.0019989013672,146.14100646972656,146.2239990234375,0,1.2,20250623
2025-06-24,2,145.92799377441406,145.8990020751953,144.5260009765625,145.92799377441406,0,1.2,20250624
2025-06-25,2,144.95700073242188,145.94900512695312,144.6280059814453,144.95700073242188,0,1.2,20250625
2025-06-26,2,144.9040069580078,144.93499755859375,143.77099609375,144.9040069580078,0,1.2,20250626
2025-06-27,2,144.69400024414062,144.93099975585938,144.1959991455078,144.69400024414062,0,1.2,20250627
2025-06-30,2,144.51699829101562,144.7259979248047,143.79800415039062,144.51699829101562,0,1.2,20250630
2025-07-01,2,143.8000030517578,143.9239959716797,142.69500732421875,143.8000030517578,0,1.2,20250701
2025-07-02,2,143.40199279785156,144.2209930419922,143.375,143.40199279785156,0,1.2,20250702
2025-07-03,2,143.5260009765625,145.21600341796875,143.4550018310547,143.5260009765625,0,1.2,20250703
2025-07-04,2,144.6820068359375,144.77999877929688,144.1929931640625,144.6820068359375,0,1.2,20250704
2025-07-07,2,144.4980010986328,145.88800048828125,144.23399353027344,144.4980010986328,0,1.2,20250707
2025-07-08,2,145.89199829101562,146.96400451660156,145.85000610351562,145.89199829101562,0,1.2,20250708
2025-07-09,2,146.8489990234375,147.1719970703125,146.27099609375,146.8489990234375,0,1.2,20250709
2025-07-10,2,146.11399841308594,146.76300048828125,145.76499938964844,146.11399841308594,0,1.2,20250710
2025-07-11,2,146.28799438476562,147.49200439453125,146.26199340820312,146.28799438476562,0,1.2,20250711
2025-07-14,2,147.2949981689453,147.70799255371094,146.88099670410156,147.2949981689453,0,1.2,20250714
2025-07-15,2,147.79200744628906,149.01300048828125,147.552001953125,147.79200744628906,0,1.2,20250715
2025-07-16,2,148.76100158691406,149.16700744628906,146.9669952392578,148.76100158691406,0,1.2,20250716
2025-07-17,2,148.0030059814453,149.01400756835938,148.00599670410156,148.0030059814453,0,1.2,20250717
2025-07-18,2,148.44200134277344,148.88299560546875,148.21400451660156,148.44200134277344,0,1.2,20250718
2025-07-21,2,148.43099975585938,148.55099487304688,147.2570037841797,148.43099975585938,0,1.2,20250721
2025-07-22,2,147.40899658203125,147.92999267578125,146.34500122070312,147.40899658203125,0,1.2,20250722
2025-07-23,2,146.78500366210938,147.18499755859375,146.13600158691406,146.78500366210938,0,1.2,20250723
2025-07-24,2,146.3489990234375,146.94500732421875,145.8560028076172,146.3489990234375,0,1.2,20250724
2025-07-25,2,147.0050048828125,147.92300415039062,146.86399841308594,147.0050048828125,0,1.2,20250725
2025-07-28,2,147.81300354003906,148.48399353027344,147.52499389648438,147.81300354003906,0,1.2,20250728
2025-07-29,2,148.47900390625,148.7989959716797,148.1699981689453,148.47900390625,0,1.2,20250729
2025-07-30,2,148.44200134277344,149.0959930419922,147.81100463867188,148.44200134277344,0,1.2,20250730
2025-07-31,2,149.2259979248047,150.62600708007812,148.6009979248047,149.2259979248047,0,1.2,20250731
2025-08-01,2,150.77200317382812,150.9149932861328,147.68099975585938,150.77200317382812,0,1.2,20250801
2025-08-04,2,147.34300231933594,148.06700134277344,146.8780059814453,147.34300231933594,0,1.2,20250804
2025-08-05,2,146.79299926757812,147.82699584960938,146.61700439453125,146.79299926757812,0,1.2,20250805
2025-08-06,2,147.55999755859375,147.87399291992188,147.22900390625,147.55999755859375,0,1.2,20250806
2025-08-07,2,147.1929931640625,147.69400024414062,146.6999969482422,147.1929931640625,0,1.2,20250807
2025-08-08,2,146.83700561523438,147.8800048828125,146.77000427246094,146.83700561523438,0,1.2,20250808
2025-08-11,2,147.66400146484375,148.0989990234375,147.35299682617188,147.66400146484375,0,1.2,20250811
2025-08-12,2,148.125,148.5050048828125,147.6060028076172,148.125,0,1.2,20250812
2025-08-13,2,147.75799560546875,148.16099548339844,147.10400390625,147.75799560546875,0,1.2,20250813
2025-08-14,2,147.1199951171875,147.79800415039062,146.2220001220703,147.1199951171875,0,1.2,20250814
2025-08-15,2,147.6909942626953,147.71299743652344,146.75599670410156,147.6909942626953,0,1.2,20250815
2025-08-18,2,147.26400756835938,147.9810028076172,147.1269989013672,147.26400756835938,0,1.2,20250818
2025-08-19,2,147.91600036621094,148.09300231933594,147.54600524902344,147.91600036621094,0,1.2,20250819
2025-08-20,2,147.7310028076172,147.80999755859375,146.88499450683594,147.7310028076172,0,1.2,20250820
2025-08-21,2,147.3179931640625,148.36900329589844,147.26199340820312,147.3179931640625,0,1.2,20250821
2025-08-22,2,148.38600158691406,148.76600646972656,146.58799743652344,148.38600158691406,0,1.2,20250822
2025-08-25,2,147.21499633789062,147.66700744628906,147.0989990234375,147.21499633789062,0,1.2,20250825
2025-08-26,2,147.82200622558594,147.89500427246094,147.00399780273438,147.82200622558594,0,1.2,20250826
2025-08-27,2,147.46200561523438,148.16600036621094,147.40199279785156,147.46200561523438,0,1.2,20250827
2025-08-28,2,147.3159942626953,147.46600341796875,146.8070068359375,147.3159942626953,0,1.2,20250828
2025-08-29,2,146.7899932861328,147.38900756835938,146.77000427246094,146.7899932861328,0,1.2,20250829
2025-09-01,2,147.0970001220703,147.37100219726562,146.78900146484375,147.0970001220703,0,1.2,20250901
2025-09-02,2,147.08399963378906,148.93299865722656,147.09300231933594,147.08399963378906,0,1.2,20250902
2025-09-03,2,148.54800415039062,149.11599731445312,147.9530029296875,148.54800415039062,0,1.2,20250903
2025-09-04,2,147.97999572753906,148.77000427246094,147.83900451660156,147.97999572753906,0,1.2,20250904
2025-09-05,2,148.375,148.42799377441406,146.82400512695312,148.375,0,1.2,20250905
2025-09-08,2,148.343994140625,148.54600524902344,147.4709930419922,148.343994140625,0,1.2,20250908
2025-09-09,2,147.36399841308594,147.4149932861328,146.32699584960938,147.36399841308594,0,1.2,20250909
2025-09-10,2,147.39199829101562,147.5959930419922,147.1280059814453,147.39199829101562,0,1.2,20250910
2025-09-11,2,147.33200073242188,147.98199462890625,147.00599670410156,147.33200073242188,0,1.2,20250911
2025-09-12,2,147.2239990234375,148.052001953125,147.16799926757812,147.2239990234375,0,1.2,20250912
2025-09-15,2,147.66600036621094,147.68099975585938,147.23699951171875,147.66600036621094,0,1.2,20250915
2025-09-16,2,147.40499877929688,147.53700256347656,146.5070037841797,147.40499877929688,0,1.2,20250916
2025-09-17,2,146.41299438476562,146.68099975585938,146.2169952392578,146.41299438476562,0,1.2,20250917
2025-09-18,2,146.89100646972656,148.2570037841797,146.86500549316406,146.89100646972656,0,1.2,20250918
2025-09-19,2,147.94700622558594,148.2480010986328,147.2100067138672,147.94700622558594,0,1.2,20250919
2025-09-22,2,148.09500122070312,148.3699951171875,147.73699951171875,148.09500122070312,0,1.2,20250922
2025-09-23,2,147.72500610351562,147.9199981689453,147.50999450683594,147.72500610351562,0,1.2,20250923
2025-09-24,2,147.61300659179688,148.7689971923828,147.51400756835938,147.61300659179688,0,1.2,20250924
2025-09-25,2,148.75100708007812,149.822998046875,148.56199645996094,148.75100708007812,0,1.2,20250925
2025-09-26,2,149.86099243164062,149.93499755859375,149.4250030517578,149.86099243164062,0,1.2,20250926
2025-09-29,2,149.40499877929688,149.4040069580078,148.46800231933594,149.40499877929688,0,1.2,20250929
2025-09-30,2,148.59500122070312,148.81100463867188,147.65899658203125,148.59500122070312,0,1.2,20250930
2025-10-01,2,147.9969940185547,148.22000122070312,146.60899353027344,147.9969940185547,0,1.2,20251001
2025-10-02,2,147.08299255371094,147.50900268554688,146.60899353027344,147.08299255371094,0,1.2,20251002
2025-10-03,2,147.14999389648438,147.81100463867188,147.17100524902344,147.14999389648438,0,1.2,20251003
2025-10-06,2,149.6060028076172,150.4669952392578,149.4810028076172,149.6060028076172,0,1.2,20251006
2025-10-07,2,150.33099365234375,151.1999969482422,150.2480010986328,150.33099365234375,0,1.2,20251007
2025-10-08,2,152.05099487304688,152.99099731445312,152.0970001220703,152.05099487304688,0,1.2,20251008
2025-10-09,2,152.67999267578125,153.21200561523438,152.19200134277344,152.67999267578125,0,1.2,20251009
2025-10-10,2,152.96499633789062,153.14999389648438,151.5260009765625,152.96499633789062,0,1.2,20251010
2025-10-13,2,152.05599975585938,152.4409942626953,151.73500061035156,152.05599975585938,0,1.2,20251013
2025-10-14,2,152.4340057373047,152.59300231933594,151.65699768066406,152.4340057373047,0,1.2,20251014
2025-10-15,2,151.7310028076172,151.82200622558594,150.91400146484375,151.7310028076172,0,1.2,20251015
2025-10-16,2,150.9739990234375,151.39199829101562,150.52200317382812,150.9739990234375,0,1.2,20251016
2025-10-17,2,150.1199951171875,150.5850067138672,149.40699768066406,150.1199951171875,0,1.2,20251017
2025-10-20,2,150.89999389648438,151.19900512695312,150.28599548339844,150.89999389648438,0,1.2,20251020
2025-10-21,2,150.7740020751953,152.16000366210938,150.49200439453125,150.7740020751953,0,1.2,20251021
2025-10-22,2,151.89300537109375,152.02699279785156,151.5070037841797,151.89300537109375,0,1.2,20251022
2025-10-23,2,151.95399475097656,152.78599548339844,151.97500610351562,151.95399475097656,0,1.2,20251023
2025-10-24,2,152.6020050048828,153.05599975585938,152.3470001220703,152.6020050048828,0,1.2,20251024
2025-10-27,2,153.06100463867188,153.2429962158203,152.57699584960938,153.06100463867188,0,1.2,20251027
2025-10-28,2,152.69200134277344,152.72900390625,151.75599670410156,152.69200134277344,0,1.2,20251028
2025-10-29,2,151.7310028076172,152.51400756835938,151.5489959716797,151.7310028076172,0,1.2,20251029
2025-10-30,2,152.7220001220703,154.4409942626953,152.18499755859375,152.7220001220703,0,1.2,20251030
2025-10-31,2,153.89999389648438,154.37600708007812,153.656005859375,153.89999389648438,0,1.2,20251031
2025-11-03,2,154.19500732421875,154.28399658203125,153.94700622558594,154.19500732421875,0,1.2,20251103
2025-11-04,2,154.20399475097656,154.46200561523438,153.32200622558594,154.20399475097656,0,1.2,20251104
2025-11-05,2,153.5570068359375,154.3520050048828,152.9810028076172,153.5570068359375,0,1.2,20251105
2025-11-06,2,154.072998046875,154.1320037841797,152.9770050048828,154.072998046875,0,1.2,20251106
2025-11-07,2,152.947998046875,153.51699829101562,152.85299682617188,152.947998046875,0,1.2,20251107
2025-11-10,2,153.5449981689453,154.23500061035156,153.5449981689453,153.81700134277344,0,1.2,20251110
2025-11-11,2,154.16400146484375,154.46499633789062,153.6699981689453,154.14599609375,0,1.2,20251111
2025-11-12,2,154.05299377441406,155.0189971923828,154.05299377441406,154.0749969482422,0,1.2,20251112
2025-11-13,2,154.7030029296875,154.98500061035156,154.1479949951172,154.71299743652344,0,1.2,20251113
2025-11-14,2,154.62899780273438,154.7469940185547,153.64999389648438,154.63299560546875,0,1.2,20251114
2025-11-17,2,154.6179962158203,155.2949981689453,154.41400146484375,154.5850067138672,0,1.2,20251117
2025-11-18,2,155.25,155.4949951171875,154.8350067138672,155.2729949951172,0,1.2,20251118
2025-11-19,2,155.5240020751953,156.69900512695312,155.22000122070312,155.54800415039062,0,1.2,20251119
2025-11-20,2,156.99200439453125,157.88699340820312,156.87899780273438,156.99200439453125,0,1.2,20251120
2025-11-21,2,157.38299560546875,157.52699279785156,156.22500610351562,157.36900329589844,0,1.2,20251121
2025-11-24,2,156.66200256347656,157.1699981689453,156.49899291992188,156.68800354003906,0,1.2,20251124
2025-11-25,2,156.8780059814453,156.97000122070312,155.91400146484375,156.93899536132812,0,1.2,20251125
2025-11-26,2,156.16900634765625,156.7220001220703,155.67100524902344,156.22999572753906,0,1.2,20251126
2025-11-27,2,156.21200561523438,156.4010009765625,155.7220001220703,156.23899841308594,0,1.2,20251127
2025-11-28,2,156.28700256347656,156.57400512695312,155.97799682617188,156.28399658203125,0,1.2,20251128
2025-12-01,2,155.88699340820312,155.91099548339844,154.68600463867188,155.92799377441406,0,1.2,20251201
2025-12-02,2,155.5469970703125,156.17100524902344,155.45899963378906,155.5570068359375,0,1.2,20251202
2025-12-03,2,155.74899291992188,155.7949981689453,155.00999450683594,155.8070068359375,0,1.2,20251203
2025-12-04,2,155.0970001220703,155.52999877929688,154.5189971923828,155.10699462890625,0,1.2,20251204
2025-12-05,2,155.1020050048828,155.48199462890625,154.3520050048828,155.14199829101562,0,1.2,20251205
2025-12-08,2,155.30299377441406,155.97500610351562,154.9029998779297,155.33999633789062,0,1.2,20251208
2025-12-09,2,155.83900451660156,156.9149932861328,155.75,155.843994140625,0,1.2,20251209
2025-12-10,2,156.79800415039062,156.91799926757812,156.322998046875,156.83799743652344,0,1.2,20251210
2025-12-11,2,155.74400329589844,156.1439971923828,154.94500732421875,155.7899932861328,0,1.2,20251211
2025-12-12,2,155.4770050048828,156.1219940185547,155.46099853515625,155.56700134277344,0,1.2,20251212
2025-12-15,2,155.85899353027344,155.96800231933594,154.85000610351562,155.88800048828125,0,1.2,20251215
2025-12-16,2,155.0240020751953,155.11099243164062,154.47000122070312,155.01499938964844,0,1.2,20251216
2025-12-17,2,154.76800537109375,155.6269989013672,154.51400756835938,154.7779998779297,0,1.2,20251217
2025-12-18,2,155.47999572753906,155.96499633789062,155.28900146484375,155.4949951171875,0,1.2,20251218
2025-12-19,2,155.5679931640625,157.48699951171875,155.5679931640625,155.58599853515625,0,1.2,20251219
2025-12-22,2,157.60899353027344,157.6490020751953,156.86500549316406,157.67599487304688,0,1.2,20251222
2025-12-23,2,156.91099548339844,156.91099548339844,155.66400146484375,156.8769989013672,0,1.2,20251223
2025-12-24,2,156.1649932861328,156.2519989013672,155.57200622558594,156.17599487304688,0,1.2,20251224
2025-12-26,2,156.1699981689453,156.63800048828125,155.9949951171875,156.08999633789062,0,1.2,20251226
2025-12-29,2,156.27499389648438,156.5,155.92799377441406,156.46299743652344,0,1.2,20251229
2025-12-30,2,155.9320068359375,156.54800415039062,155.74200439453125,156.01300048828125,0,1.2,20251230
2025-12-31,2,156.36700439453125,156.98899841308594,156.33099365234375,156.41299438476562,0,1.2,20251231
2026-01-02,2,156.73699951171875,156.99200439453125,156.50999450683594,156.7310028076172,0,1.2,20260102
2026-01-05,2,156.96600341796875,157.29200744628906,156.31500244140625,156.98899841308594,0,1.2,20260105
2026-01-06,2,156.58599853515625,156.7830047607422,156.15899658203125,156.62600708007812,0,1.2,20260106
2026-01-07,2,156.65699768066406,156.79400634765625,156.2989959716797,156.67999267578125,0,1.2,20260107
2026-01-08,2,156.6929931640625,157.05999755859375,156.4669952392578,156.7310028076172,0,1.2,20260108
2026-01-09,2,156.89599609375,158.16099548339844,156.88499450683594,156.8800048828125,0,1.2,20260109
2026-01-12,2,158.1230010986328,158.18800354003906,157.52099609375,158.1490020751953,0,1.2,20260112
2026-01-13,2,157.99600219726562,159.18699645996094,157.96499633789062,157.98599243164062,0,1.2,20260113
2026-01-14,2,159.1790008544922,159.43800354003906,158.11000061035156,159.1790008544922,0,1.2,20260114
2026-01-15,2,158.43600463867188,158.875,158.22300720214844,158.40199279785156,0,1.2,20260115
2026-01-16,2,158.57200622558594,158.67599487304688,157.8209991455078,158.5959930419922,0,1.2,20260116
2026-01-19,2,157.56700134277344,158.1479949951172,157.4250030517578,157.53500366210938,0,1.2,20260119
2026-01-20,2,158.17999267578125,158.5919952392578,157.5659942626953,158.177001953125,0,1.2,20260120
2026-01-21,2,158.156005859375,158.2969970703125,157.75,158.16200256347656,0,1.2,20260121
2026-01-22,2,158.45700073242188,158.875,158.2030029296875,158.45599365234375,0,1.2,20260122
2026-01-23,2,158.48800659179688,159.20700073242188,157.39199829101562,158.50100708007812,0,1.2,20260123
2026-01-26,2,155.18699645996094,155.3260040283203,153.35299682617188,155.16600036621094,0,1.2,20260126
2026-01-27,2,154.3489990234375,154.86900329589844,152.89100646972656,154.33599853515625,0,1.2,20260127
2026-01-28,2,152.5189971923828,153.76600646972656,152.3300018310547,152.4530029296875,0,1.2,20260128
2026-01-29,2,153.12399291992188,153.50599670410156,152.75900268554688,153.0959930419922,0,1.2,20260129
2026-01-30,2,153.14700317382812,154.74600219726562,153.0850067138672,153.16200256347656,0,1.2,20260130
2026-02-02,2,155.13499450683594,155.68499755859375,154.56900024414062,155.20199584960938,0,1.2,20260202
2026-02-03,2,155.5030059814453,156.07000732421875,155.31199645996094,155.4429931640625,0,1.2,20260203
2026-02-04,2,155.81500244140625,156.84500122070312,155.81500244140625,155.7989959716797,0,1.2,20260204
2026-02-05,2,156.9040069580078,157.3280029296875,156.56300354003906,156.91700744628906,0,1.2,20260205
2026-02-06,2,156.77099609375,157.13099670410156,156.53900146484375,156.78399658203125,0,1.2,20260206
2026-02-09,2,157.2550048828125,157.2550048828125,155.53199768066406,157.24400329589844,0,1.2,20260209
2026-02-10,2,156.1219940185547,156.28500366210938,154.07400512695312,156.1320037841797,0,1.2,20260210
2026-02-11,2,154.5019989013672,154.54600524902344,152.82400512695312,154.48199462890625,0,1.2,20260211
2026-02-12,2,153.23899841308594,153.73800659179688,152.2779998779297,153.2689971923828,0,1.2,20260212
2026-02-13,2,152.7570037841797,153.65499877929688,152.7449951171875,152.8209991455078,0,1.2,20260213
2026-02-16,2,152.78799438476562,153.61900329589844,152.77000427246094,152.7790069580078,0,1.2,20260216
2026-02-17,2,153.5500030517578,153.88699340820312,152.7010040283203,153.60899353027344,0,1.2,20260217
2026-02-18,2,153.11599731445312,154.47900390625,153.06300354003906,153.1490020751953,0,1.2,20260218
2026-02-19,2,154.6840057373047,155.31199645996094,154.53799438476562,154.6929931640625,0,1.2,20260219
2026-02-20,2,155.1739959716797,155.625,154.718994140625,155.16000366210938,0,1.2,20260220
2026-02-23,2,154.3560028076172,155.02200317382812,153.9949951171875,154.33900451660156,0,1.2,20260223
2026-02-24,2,154.63699340820312,156.24200439453125,154.61900329589844,154.63499450683594,0,1.2,20260224
2026-02-25,2,155.91200256347656,156.80799865722656,155.35699462890625,155.8800048828125,0,1.2,20260225
2026-02-26,2,156.14300537109375,156.26100158691406,155.74600219726562,156.1999969482422,0,1.2,20260226
2026-02-27,2,155.87100219726562,156.2169952392578,155.54100036621094,155.85899353027344,0,1.2,20260227
2026-03-02,2,156.60800170898438,157.74400329589844,156.1479949951172,156.63299560546875,0,1.2,20260302
2026-03-03,2,157.27200317382812,157.96600341796875,157.1529998779297,157.2570037841797,0,1.2,20260303
2026-03-04,2,157.781005859375,157.84500122070312,156.88299560546875,157.7729949951172,0,1.2,20260304
2026-03-05,2,156.9709930419922,157.76800537109375,156.4739990234375,156.98300170898438,0,1.2,20260305
2026-03-06,2,157.52200317382812,158.07400512695312,157.41200256347656,157.53399658203125,0,1.2,20260306
2026-03-09,2,158.38400268554688,158.8939971923828,158.0030059814453,158.427001953125,0,1.2,20260309
2026-03-10,2,157.8560028076172,157.95899963378906,157.27699279785156,157.84800720214844,0,1.2,20260310
2026-03-11,2,158.0679931640625,158.83900451660156,157.8699951171875,158.11399841308594,0,1.2,20260311
2026-03-12,2,159.09300231933594,159.28399658203125,158.572998046875,159.0749969482422,0,1.2,20260312
2026-03-13,2,159.2100067138672,159.63099670410156,159.00399780273438,159.20599365234375,0,1.2,20260313
2026-03-16,2,159.51199340820312,159.62100219726562,158.85400390625,159.5679931640625,0,1.2,20260316
2026-03-17,2,159.13900756835938,159.48699951171875,158.72500610351562,159.10499572753906,0,1.2,20260317
2026-03-18,2,158.88999938964844,159.5659942626953,158.56700134277344,158.88900756835938,0,1.2,20260318
2026-03-19,2,159.8159942626953,159.8159942626953,158.07400512695312,159.7949981689453,0,1.2,20260319
2026-03-20,2,157.9149932861328,159.2570037841797,157.73699951171875,157.9239959716797,0,1.2,20260320
2026-03-23,2,159.13999938964844,159.64999389648438,158.22500610351562,159.23399353027344,0,1.2,20260323
2026-03-24,2,158.49000549316406,158.93699645996094,158.40899658203125,158.47900390625,0,1.2,20260324
2026-03-25,2,158.7100067138672,159.22500610351562,158.57699584960938,158.71800231933594,0,1.2,20260325
2026-03-26,2,159.4010009765625,159.68899536132812,159.28700256347656,159.38400268554688,0,1.2,20260326
2026-03-27,2,159.71499633789062,160.1580047607422,159.45599365234375,159.70399475097656,0,1.2,20260327
2026-03-30,2,160.2310028076172,160.2310028076172,159.3209991455078,160.23399353027344,0,1.2,20260330
2026-03-31,2,159.75399780273438,159.95899963378906,158.89199829101562,159.84100341796875,0,1.2,20260331
2026-04-01,2,158.5679931640625,158.99000549316406,158.2790069580078,158.57899475097656,0,1.2,20260401
2026-04-02,2,158.69900512695312,159.74200439453125,158.6009979248047,158.68800354003906,0,1.2,20260402
2026-04-03,2,159.45599365234375,159.69500732421875,159.427001953125,159.49099731445312,0,1.2,20260403
2026-04-06,2,159.75,159.79299926757812,159.31700134277344,159.77999877929688,0,1.2,20260406
2026-04-07,2,159.70599365234375,160.01499938964844,159.47300720214844,159.68299865722656,0,1.2,20260407
2026-04-08,2,158.6479949951172,158.7469940185547,157.89300537109375,158.71600341796875,0,1.2,20260408
2026-04-09,2,158.63400268554688,159.27999877929688,158.63400268554688,158.64199829101562,0,1.2,20260409
2026-04-10,2,159.08900451660156,159.36399841308594,159.00900268554688,159.11199951171875,0,1.2,20260410
2026-04-13,2,159.69700622558594,159.85000610351562,159.51699829101562,159.67999267578125,0,1.2,20260413
2026-04-14,2,159.26199340820312,159.32400512695312,158.60299682617188,159.21400451660156,0,1.2,20260414
2026-04-15,2,158.76300048828125,159.1529998779297,158.65199279785156,158.79200744628906,0,1.2,20260415
2026-04-16,2,158.7830047607422,159.28700256347656,158.2779998779297,158.8090057373047,0,1.2,20260416
2026-04-17,2,159.2239990234375,159.51499938964844,157.61199951171875,159.19500732421875,0,1.2,20260417
2026-04-20,2,159.1529998779297,159.177001953125,158.55099487304688,159.16099548339844,0,1.2,20260420
2026-04-21,2,158.85400390625,159.43099975585938,158.80299377441406,158.843994140625,0,1.2,20260421
2026-04-22,2,159.33799743652344,159.50399780273438,159.10400390625,159.3730010986328,0,1.2,20260422
2026-04-23,2,159.49400329589844,159.7760009765625,159.29800415039062,159.48800659179688,0,1.2,20260423
2026-04-24,2,159.74200439453125,159.83700561523438,159.33599853515625,159.7469940185547,0,1.2,20260424
2026-04-27,2,159.5749969482422,159.5749969482422,159.08999633789062,159.5760040283203,0,1.2,20260427
2026-04-28,2,159.35899353027344,159.78399658203125,158.97000122070312,159.35699462890625,0,1.2,20260428
2026-04-29,2,159.5449981689453,160.28799438476562,159.52099609375,159.552001953125,0,1.2,20260429
2026-04-30,2,160.1929931640625,160.70199584960938,155.55099487304688,160.1840057373047,0,1.2,20260430
2026-05-01,2,156.99400329589844,157.3090057373047,155.51600646972656,156.97799682617188,0,1.2,20260501
2026-05-04,2,156.89999389648438,157.27699279785156,155.81500244140625,156.8459930419922,0,1.2,20260504
2026-05-05,2,157.2050018310547,157.8350067138672,157.12100219726562,157.19400024414062,0,1.2,20260505
2026-05-06,2,157.6649932861328,157.88900756835938,155.0469970703125,157.677001953125,0,1.2,20260506
2026-05-07,2,156.51100158691406,156.51100158691406,156.03599548339844,156.50799560546875,0,1.2,20260507
2026-05-08,2,156.83799743652344,156.97300720214844,156.4459991455078,156.82899475097656,0,1.2,20260508
2026-05-11,2,156.88900756835938,157.16900634765625,156.85499572753906,156.85800170898438,0,1.2,20260511
2026-05-12,2,157.27000427246094,157.74600219726562,156.8090057373047,157.2310028076172,0,1.2,20260512
2026-05-13,2,157.6750030517578,157.89100646972656,157.57899475097656,157.67100524902344,0,1.2,20260513
2026-05-14,2,157.8470001220703,158.18299865722656,157.60899353027344,157.8509979248047,0,1.2,20260514
2026-05-15,2,158.39300537109375,158.73800659179688,158.30499267578125,158.3820037841797,0,1.2,20260515
2026-05-18,2,158.86900329589844,159.0590057373047,158.63999938964844,158.843994140625,0,1.2,20260518
2026-05-19,2,158.875,159.24200439453125,158.7779998779297,158.86099243164062,0,1.2,20260519
2026-05-20,2,159.05299377441406,159.16600036621094,158.593994140625,159.03500366210938,0,1.2,20260520
2026-05-21,2,158.88800048828125,159.3179931640625,158.8179931640625,158.88800048828125,0,1.2,20260521
2026-05-22,2,159.04800415039062,159.22500610351562,159.0,159.01800537109375,0,1.2,20260522
2026-05-25,2,158.94200134277344,159.03700256347656,158.75900268554688,158.9459991455078,0,1.2,20260525
2026-05-26,2,158.947998046875,159.3719940185547,158.90699768066406,158.95399475097656,0,1.2,20260526
2026-05-27,2,159.2239990234375,159.51800537109375,159.1739959716797,159.2429962158203,0,1.2,20260527
2026-05-28,2,159.57400512695312,159.64300537109375,159.16600036621094,159.5679931640625,0,1.2,20260528
2026-05-29,2,159.26100158691406,159.37600708007812,159.0989990234375,159.27000427246094,0,1.2,20260529
2026-06-01,2,159.38299560546875,159.74899291992188,159.3679962158203,159.35299682617188,0,1.2,20260601
2026-06-02,2,159.63999938964844,159.89500427246094,159.63600158691406,159.63600158691406,0,1.2,20260602
2026-06-03,2,159.97500610351562,159.99400329589844,159.51199340820312,159.96800231933594,0,1.2,20260603
2026-06-04,2,159.9459991455078,160.02099609375,159.75,159.94000244140625,0,1.2,20260604
2026-06-05,2,159.99000549316406,160.2899932861328,159.82400512695312,159.99000549316406,0,1.2,20260605
2026-06-08,2,160.3280029296875,160.38800048828125,159.906005859375,160.32699584960938,0,1.2,20260608
2026-06-09,2,160.1820068359375,160.2989959716797,160.05499267578125,160.1739959716797,0,1.2,20260609
2026-06-10,2,160.3820037841797,160.52099609375,160.25100708007812,160.38400268554688,0,1.2,20260610
2026-06-11,2,160.50799560546875,160.58599853515625,160.427001953125,160.52699279785156,0,1.2,20260611
2026-06-12,2,160.16799926757812,160.36900329589844,159.97300720214844,160.1300048828125,0,1.2,20260612
2026-06-15,2,159.91600036621094,160.2220001220703,159.88699340820312,159.9550018310547,0,1.2,20260615
2026-06-16,2,160.24000549316406,160.45799255371094,160.05799865722656,160.22900390625,0,1.2,20260616
2026-06-17,2,160.41400146484375,160.4219970703125,160.1179962158203,160.41900634765625,0,1.2,20260617
2026-06-18,2,160.5500030517578,161.36599731445312,160.53900146484375,160.60000610351562,0,1.2,20260618
2026-06-19,2,161.2480010986328,161.44900512695312,161.00599670410156,161.28900146484375,0,1.2,20260619
2026-06-22,2,161.43299865722656,161.91400146484375,161.10299682617188,161.43299865722656,0,1.2,20260622
2026-06-23,2,161.5469970703125,161.73300170898438,161.30999755859375,161.57000732421875,0,1.2,20260623
2026-06-24,2,161.55799865722656,161.802001953125,161.531005859375,161.5989990234375,0,1.2,20260624
2026-06-25,2,161.73300170898438,161.93499755859375,161.58700561523438,161.76300048828125,0,1.2,20260625
2026-06-26,2,161.7469940185547,161.85000610351562,161.52499389648438,161.73199462890625,0,1.2,20260626
2024-09-03,3,1.3141123056411743,1.3147515058517456,1.3090033531188965,1.314198613166809,0,1.2,20240903
2024-09-04,3,1.3113549947738647,1.317488431930542,1.3102381229400637,1.3114066123962402,0,1.2,20240904
2024-09-05,3,1.3144749402999878,1.3188087940216064,1.3138878345489502,1.3144749402999878,0,1.2,20240905
2024-09-06,3,1.3177313804626465,1.3234341144561768,1.3129907846450806,1.317748785018921,0,1.2,20240906
2024-09-09,3,1.313232183456421,1.314388632774353,1.3071553707122805,1.3133355379104614,0,1.2,20240909
2024-09-10,3,1.3069844245910645,1.310753345489502,1.304988980293274,1.307138204574585,0,1.2,20240910
2024-09-11,3,1.308215618133545,1.3111659288406372,1.3003225326538086,1.3080273866653442,0,1.2,20240911
2024-09-12,3,1.3039170503616333,1.3083868026733398,1.3032711744308472,1.3039510250091553,0,1.2,20240912
2024-09-13,3,1.313318371772766,1.3156856298446655,1.3116475343704224,1.313232183456421,0,1.2,20240913
2024-09-16,3,1.3135944604873655,1.3213878870010376,1.3135944604873655,1.3137997388839722,0,1.2,20240916
2024-09-17,3,1.3210737705230713,1.323031306266785,1.3159972429275513,1.3210737705230713,0,1.2,20240917
2024-09-18,3,1.316759705543518,1.3252933025360107,1.3156163692474363,1.3167423009872437,0,1.2,20240918
2024-09-19,3,1.3203411102294922,1.3311856985092163,1.3155124187469482,1.3201146125793457,0,1.2,20240919
2024-09-20,3,1.328303575515747,1.334133863449097,1.3270519971847534,1.328179955482483,0,1.2,20240920
2024-09-23,3,1.3312742710113523,1.336023211479187,1.3251352310180664,1.331398367881775,0,1.2,20240923
2024-09-24,3,1.3349709510803225,1.339925765991211,1.3333333730697632,1.334988713264465,0,1.2,20240924
2024-09-25,3,1.3427324295043943,1.3429667949676514,1.3336889743804932,1.3427324295043943,0,1.2,20240925
2024-09-26,3,1.331487059593201,1.3432915210723877,1.331416130065918,1.3315792083740234,0,1.2,20240926
2024-09-27,3,1.3412017822265625,1.342822551727295,1.3361660242080688,1.341381549835205,0,1.2,20240927
2024-09-30,3,1.338329792022705,1.3424620628356934,1.336308836936951,1.338329792022705,0,1.2,20240930
2024-10-01,3,1.3377926349639893,1.339046597480774,1.326470971107483,1.3376137018203735,0,1.2,20241001
2024-10-02,3,1.3274747133255005,1.3305480480194092,1.3248717784881592,1.327404260635376,0,1.2,20241002
2024-10-03,3,1.3263479471206665,1.3265414237976074,1.309431791305542,1.326611876487732,0,1.2,20241003
2024-10-04,3,1.313042402267456,1.3175230026245115,1.3073091506958008,1.3130252361297607,0,1.2,20241004
2024-10-07,3,1.312404751777649,1.313404560089111,1.3060115575790403,1.3125253915786743,0,1.2,20241007
2024-10-08,3,1.3086093664169312,1.31137216091156,1.3065404891967771,1.3084723949432373,0,1.2,20241008
2024-10-09,3,1.309414625167847,1.3103755712509155,1.305841088294983,1.309483289718628,0,1.2,20241009
2024-10-10,3,1.306711196899414,1.309346079826355,1.3027619123458862,1.306830883026123,0,1.2,20241010
2024-10-11,3,1.306165099143982,1.308215618133545,1.3043251037597656,1.3062163591384888,0,1.2,20241011
2024-10-14,3,1.3049379587173462,1.3072236776351929,1.303152322769165,1.3049037456512451,0,1.2,20241014
2024-10-15,3,1.3068478107452393,1.310186743736267,1.3036279678344729,1.3067454099655151,0,1.2,20241015
2024-10-16,3,1.306557536125183,1.3077365159988403,1.2983640432357788,1.3065917491912842,0,1.2,20241016
2024-10-17,3,1.2991737127304075,1.302032470703125,1.2975890636444092,1.29902184009552,0,1.2,20241017
2024-10-18,3,1.301608681678772,1.3068649768829346,1.301236271858215,1.301574945449829,0,1.2,20241018
2024-10-21,3,1.3051422834396362,1.3053126335144043,1.2979763746261597,1.3052616119384766,0,1.2,20241021
2024-10-22,3,1.2983134984970093,1.3015241622924805,1.2946492433547974,1.298296570777893,0,1.2,20241022
2024-10-23,3,1.2981956005096436,1.2996126413345337,1.2937614917755127,1.2982797622680664,0,1.2,20241023
2024-10-24,3,1.29163920879364,1.2986844778060913,1.2912222146987915,1.291372299194336,0,1.2,20241024
2024-10-25,3,1.2974039316177368,1.2999167442321775,1.295706033706665,1.2973365783691406,0,1.2,20241025
2024-10-28,3,1.295823574066162,1.3000857830047607,1.294062852859497,1.295823574066162,0,1.2,20241028
2024-10-29,3,1.297555446624756,1.3007622957229614,1.2958402633666992,1.2974711656570437,0,1.2,20241029
2024-10-30,3,1.301168441772461,1.3039339780807495,1.2939456701278689,1.3014055490493774,0,1.2,20241030
2024-10-31,3,1.295873999595642,1.2998830080032349,1.2847524881362915,1.2959579229354858,0,1.2,20241031
2024-11-01,3,1.2894740104675293,1.2979259490966797,1.2885435819625854,1.2897733449935913,0,1.2,20241101
2024-11-04,3,1.295303225517273,1.3000519275665283,1.2936275005340576,1.2953401803970337,0,1.2,20241104
2024-11-05,3,1.2953367233276367,1.3021341562271118,1.2948838472366333,1.2954542636871338,0,1.2,20241105
2024-11-06,3,1.3040530681610107,1.3043761253356934,1.2836312055587769,1.3043591976165771,0,1.2,20241106
2024-11-07,3,1.2883278131484983,1.3009145259857178,1.287747144699097,1.2883278131484983,0,1.2,20241107
2024-11-08,3,1.2983640432357788,1.2985326051712036,1.2903226613998413,1.2982292175292969,0,1.2,20241108
2024-11-11,3,1.2915725708007812,1.292657732963562,1.2856611013412476,1.2917059659957886,0,1.2,20241111
2024-11-12,3,1.2874155044555664,1.2874155044555664,1.273123025894165,1.2874983549118042,0,1.2,20241112
2024-11-13,3,1.273739218711853,1.276242733001709,1.2689549922943115,1.2739177942276,0,1.2,20241113
2024-11-14,3,1.2707772254943848,1.2720379829406738,1.2631398439407349,1.27068030834198,0,1.2,20241114
2024-11-15,3,1.266640543937683,1.269841194152832,1.2616068124771118,1.266784906387329,0,1.2,20241115
2024-11-18,3,1.2619729042053225,1.2662235498428345,1.2614953517913818,1.261765956878662,0,1.2,20241118
2024-11-19,3,1.2679253816604614,1.2688745260238647,1.261479377746582,1.2679253816604614,0,1.2,20241119
2024-11-20,3,1.2694865465164185,1.2714558839797974,1.2633121013641355,1.2694543600082395,0,1.2,20241120
2024-11-21,3,1.2655985355377195,1.2661433219909668,1.2581623792648315,1.2655344009399414,0,1.2,20241121
2024-11-22,3,1.25854229927063,1.2594457864761353,1.248860478401184,1.2584789991378784,0,1.2,20241122
2024-11-25,3,1.2589067220687866,1.2612725496292114,1.2542331218719482,1.2593823671340942,0,1.2,20241125
2024-11-26,3,1.25305438041687,1.261654496192932,1.2508755922317505,1.2533055543899536,0,1.2,20241126
2024-11-27,3,1.2575452327728271,1.269293189048767,1.2567708492279053,1.2573871612548828,0,1.2,20241127
2024-11-28,3,1.2674914598464966,1.2691482305526731,1.26457417011261,1.2677645683288574,0,1.2,20241128
2024-11-29,3,1.2696478366851809,1.2748761177062988,1.2673628330230713,1.2696800231933594,0,1.2,20241129
2024-12-02,3,1.2705672979354858,1.2722160816192627,1.2619411945343018,1.270163893699646,0,1.2,20241202
2024-12-03,3,1.265806794166565,1.2696800231933594,1.264030694961548,1.265854835510254,0,1.2,20241203
2024-12-04,3,1.2674272060394287,1.2717468738555908,1.2635835409164429,1.2674272060394287,0,1.2,20241204
2024-12-05,3,1.2701315879821775,1.2770249843597412,1.269357681274414,1.2701154947280884,0,1.2,20241205
2024-12-06,3,1.2759333848953247,1.2809674739837646,1.2731555700302124,1.2759333848953247,0,1.2,20241206
2024-12-09,3,1.2746647596359253,1.2798033952713013,1.271779179573059,1.2749296426773071,0,1.2,20241209
2024-12-10,3,1.274843454360962,1.276650071144104,1.2725237607955933,1.2749085426330566,0,1.2,20241210
2024-12-11,3,1.2780369520187378,1.2782166004180908,1.2714719772338867,1.2780042886734009,0,1.2,20241211
2024-12-12,3,1.276650071144104,1.2787723541259766,1.267330765724182,1.2766337394714355,0,1.2,20241212
2024-12-13,3,1.2675557136535645,1.2679253816604614,1.2609069347381592,1.2677323818206787,0,1.2,20241213
2024-12-16,3,1.2629451751708984,1.2696800231933594,1.262817621231079,1.2627378702163696,0,1.2,20241216
2024-12-17,3,1.2695188522338867,1.2720541954040527,1.2667688131332395,1.269035577774048,0,1.2,20241217
2024-12-18,3,1.2708903551101685,1.2723132371902466,1.2680377960205078,1.2710840702056885,0,1.2,20241218
2024-12-19,3,1.2570394277572632,1.2666244506835938,1.2526618242263794,1.2567708492279053,0,1.2,20241219
2024-12-20,3,1.249750018119812,1.25911283493042,1.2476201057434082,1.2497968673706057,0,1.2,20241220
2024-12-23,3,1.2571974992752075,1.2588117122650146,1.2510946989059448,1.256991982460022,0,1.2,20241223
2024-12-24,3,1.2533683776855469,1.257403016090393,1.2524266242980957,1.2534469366073608,0,1.2,20241224
2024-12-25,3,1.2536041736602783,1.2813055515289309,1.240999698638916,1.2536041736602783,0,1.2,20241225
2024-12-26,3,1.2543903589248655,1.2549996376037598,1.2502655982971191,1.254374623298645,0,1.2,20241226
2024-12-27,3,1.2529443502426147,1.2591445446014404,1.2506722211837769,1.2529758214950562,0,1.2,20241227
2024-12-30,3,1.257956624031067,1.2607479095458984,1.2508130073547363,1.257880687713623,0,1.2,20241230
2024-12-31,3,1.254900336265564,1.256818175315857,1.2514861822128296,1.254909873008728,0,1.2,20241231
2025-01-02,3,1.2521003484725952,1.2540757656097412,1.2360633611679075,1.2519248723983765,0,1.2,20250102
2025-01-03,3,1.2380222082138062,1.2419891357421875,1.237884283065796,1.2380222082138062,0,1.2,20250103
2025-01-06,3,1.24251389503479,1.2550673484802246,1.241896629333496,1.2426837682724,0,1.2,20250106
2025-01-07,3,1.2510634660720823,1.2576401233673096,1.2485017776489258,1.2510946989059448,0,1.2,20250107
2025-01-08,3,1.2476606369018557,1.2494065761566162,1.2322555780410769,1.247785210609436,0,1.2,20250108
2025-01-09,3,1.2359411716461182,1.236644268035889,1.224589705467224,1.2359870672225952,0,1.2,20250109
2025-01-10,3,1.229906439781189,1.2321947813034058,1.2196757793426514,1.2299367189407349,0,1.2,20250110
2025-01-13,3,1.2204201221466064,1.2207627296447754,1.2101263999938965,1.220494508743286,0,1.2,20250113
2025-01-14,3,1.2231218814849854,1.224289894104004,1.2141668796539309,1.2233314514160156,0,1.2,20250114
2025-01-15,3,1.2210757732391355,1.2306934595108032,1.216944694519043,1.221344232559204,0,1.2,20250115
2025-01-16,3,1.2243348360061646,1.2248448133468628,1.217700481414795,1.2243348360061646,0,1.2,20250116
2025-01-17,3,1.223466157913208,1.2244248390197754,1.2162491083145142,1.223690629005432,0,1.2,20250117
2025-01-20,3,1.2175670862197876,1.232392191886902,1.216663479804993,1.2171002626419067,0,1.2,20250120
2025-01-21,3,1.2333194017410278,1.2345222234725952,1.2231967449188232,1.233136773109436,0,1.2,20250121
2025-01-22,3,1.234126091003418,1.2375471591949463,1.23093581199646,1.2335399389266968,0,1.2,20250122
2025-01-23,3,1.231569528579712,1.235803723335266,1.2294225692749023,1.231420874595642,0,1.2,20250123
2025-01-24,3,1.235467791557312,1.2495627403259275,1.2350252866744995,1.2353914976119995,0,1.2,20250124
2025-01-27,3,1.2459661960601809,1.2523951530456543,1.242714524269104,1.2459352016448977,0,1.2,20250127
2025-01-28,3,1.2454074621200562,1.2465718984603882,1.2416189908981323,1.2460592985153198,0,1.2,20250128
2025-01-29,3,1.2442607879638672,1.2462767362594604,1.2394338846206665,1.244168043136597,0,1.2,20250129
2025-01-30,3,1.2455161809921265,1.2475829124450684,1.2425910234451294,1.245530128479004,0,1.2,20250130
2025-01-31,3,1.2422515153884888,1.2455471754074097,1.2388964891433716,1.2423903942108154,0,1.2,20250131
2025-02-03,3,1.229135513305664,1.2435336112976074,1.225039839744568,1.2291958332061768,0,1.2,20250203
2025-02-04,3,1.2435646057128906,1.2493128776550293,1.2382980585098269,1.2431780099868774,0,1.2,20250204
2025-02-05,3,1.2477540969848633,1.2548468112945557,1.246463179588318,1.2478163242340088,0,1.2,20250205
2025-02-06,3,1.2502344846725464,1.2509851455688477,1.236858367919922,1.2504063844680786,0,1.2,20250206
2025-02-07,3,1.243579983711243,1.2490476369857788,1.2389885187149048,1.2437502145767212,0,1.2,20250207
2025-02-10,3,1.2390345335006714,1.2421588897705078,1.237317442893982,1.2391574382781982,0,1.2,20250210
2025-02-11,3,1.2361550331115725,1.2425756454467771,1.233456254005432,1.2360633611679075,0,1.2,20250211
2025-02-12,3,1.24525249004364,1.2464165687561035,1.237930178642273,1.245159387588501,0,1.2,20250212
2025-02-13,3,1.2452058792114258,1.254028558731079,1.2444467544555664,1.2450664043426514,0,1.2,20250213
2025-02-14,3,1.2567076683044434,1.263024926185608,1.2550673484802246,1.2563445568084717,0,1.2,20250214
2025-02-17,3,1.2584631443023682,1.2613998651504517,1.2581149339675903,1.2584155797958374,0,1.2,20250217
2025-02-18,3,1.2621641159057615,1.2623871564865112,1.2583681344985962,1.262148141860962,0,1.2,20250218
2025-02-19,3,1.26262629032135,1.2639029026031494,1.2571184635162354,1.2625784873962402,0,1.2,20250219
2025-02-20,3,1.2583839893341064,1.2648781538009644,1.2581465244293213,1.2584155797958374,0,1.2,20250220
2025-02-21,3,1.2670094966888428,1.2678771018981934,1.2631845474243164,1.267040133476257,0,1.2,20250221
2025-02-24,3,1.2649260759353638,1.269196629524231,1.2614158391952517,1.2649900913238523,0,1.2,20250224
2025-02-25,3,1.2618932723999023,1.267812728881836,1.2609069347381592,1.261781930923462,0,1.2,20250225
2025-02-26,3,1.2673468589782717,1.270793318748474,1.2636793851852417,1.2674431800842283,0,1.2,20250226
2025-02-27,3,1.2681005001068115,1.268890619277954,1.261702299118042,1.2682307958602903,0,1.2,20250227
2025-02-28,3,1.25979483127594,1.2622597217559814,1.2575136423110962,1.259890079498291,0,1.2,20250228
2025-03-03,3,1.260159969329834,1.2711325883865356,1.258447289466858,1.260398268699646,0,1.2,20250303
2025-03-04,3,1.270244598388672,1.2753963470458984,1.2679204940795898,1.270147681236267,0,1.2,20250304
2025-03-05,3,1.2795741558074951,1.287813425064087,1.2768783569335938,1.2794268131256104,0,1.2,20250305
2025-03-06,3,1.2889920473098757,1.292306900024414,1.286852240562439,1.2891913652420044,0,1.2,20250306
2025-03-07,3,1.2883775234222412,1.2944984436035156,1.287697434425354,1.288530349731445,0,1.2,20250307
2025-03-10,3,1.293326497077942,1.2946324348449707,1.2876144647598269,1.2932428121566772,0,1.2,20250310
2025-03-11,3,1.287597894668579,1.2955213785171509,1.2873326539993286,1.2875481843948364,0,1.2,20250311
2025-03-12,3,1.294481635093689,1.2988194227218628,1.2914507389068604,1.294481635093689,0,1.2,20250312
2025-03-13,3,1.2964956760406494,1.2973533868789673,1.2922234535217283,1.2964283227920532,0,1.2,20250313
2025-03-14,3,1.2956725358963013,1.2959076166152954,1.2912389039993286,1.2958402633666992,0,1.2,20250314
2025-03-17,3,1.2927913665771484,1.2994775772094729,1.2927913665771484,1.2930588722229004,0,1.2,20250317
2025-03-18,3,1.2986000776290894,1.3006099462509155,1.2954374551773071,1.2985326051712036,0,1.2,20250318
2025-03-19,3,1.3000519275665283,1.3003731966018677,1.2955548763275146,1.3000519275665283,0,1.2,20250319
2025-03-20,3,1.3010668754577637,1.3015241622924805,1.2937448024749756,1.3010668754577637,0,1.2,20250320
2025-03-21,3,1.2966468334197998,1.297117829322815,1.2891415357589722,1.2967981100082395,0,1.2,20250321
2025-03-24,3,1.2925240993499756,1.2972356081008911,1.290988802909851,1.2924572229385376,0,1.2,20250324
2025-03-25,3,1.292290210723877,1.2960922718048096,1.2904558181762695,1.2924238443374634,0,1.2,20250325
2025-03-26,3,1.2945318222045898,1.294732928276062,1.2876144647598269,1.2943308353424072,0,1.2,20250326
2025-03-27,3,1.2877304553985596,1.2992243766784668,1.2877304553985596,1.2877637147903442,0,1.2,20250327
2025-03-28,3,1.2951186895370483,1.2968822717666626,1.2923569679260254,1.295202612876892,0,1.2,20250328
2025-03-31,3,1.2939958572387695,1.2972524166107178,1.2890751361846924,1.2938284873962402,0,1.2,20250331
2025-04-01,3,1.2919896841049194,1.2940963506698608,1.2880107164382937,1.292089819908142,0,1.2,20250401
2025-04-02,3,1.292240023612976,1.2979763746261597,1.2903059720993042,1.292306900024414,0,1.2,20250402
2025-04-03,3,1.3044782876968384,1.3204457759857178,1.3028467893600464,1.3046314716339111,0,1.2,20250403
2025-04-04,3,1.3090033531188965,1.3112174272537231,1.291555881500244,1.308866262435913,0,1.2,20250404
2025-04-07,3,1.2912389039993286,1.293359875679016,1.2722808122634888,1.2910722494125366,0,1.2,20250407
2025-04-08,3,1.2738852500915527,1.2795906066894531,1.2726532220840454,1.2734960317611694,0,1.2,20250408
2025-04-09,3,1.278756022453308,1.2860578298568726,1.2753963470458984,1.2790995836257937,0,1.2,20250409
2025-04-10,3,1.2826762199401855,1.2978248596191406,1.2824294567108154,1.2825446128845217,0,1.2,20250410
2025-04-11,3,1.2994269132614136,1.3142850399017334,1.298751950263977,1.2992074489593506,0,1.2,20250411
2025-04-14,3,1.309088945388794,1.320166826248169,1.3085750341415403,1.3085237741470337,0,1.2,20250414
2025-04-15,3,1.3173494338989258,1.3251878023147583,1.3166210651397705,1.3174536228179932,0,1.2,20250415
2025-04-16,3,1.3231889009475708,1.329256892204285,1.3228038549423218,1.323101282119751,0,1.2,20250416
2025-04-17,3,1.323328971862793,1.327351450920105,1.3205852508544922,1.3233989477157593,0,1.2,20250417
2025-04-22,3,1.3381506204605105,1.34217369556427,1.3358268737792969,1.3379716873168943,0,1.2,20250422
2025-04-23,3,1.327316164970398,1.3339202404022217,1.3253458738327026,1.327316164970398,0,1.2,20250423
2025-04-24,3,1.3265414237976074,1.3330844640731812,1.3261016607284546,1.326453447341919,0,1.2,20250424
2025-04-25,3,1.332746982574463,1.3330134153366089,1.327492356300354,1.3326226472854614,0,1.2,20250425
2025-04-28,3,1.3290096521377563,1.3419395685195925,1.3281270265579224,1.3290096521377563,0,1.2,20250428
2025-04-29,3,1.343508243560791,1.3442305326461792,1.3381506204605105,1.3436164855957031,0,1.2,20250429
2025-04-30,3,1.3412736654281616,1.3414356708526611,1.331061601638794,1.3410794734954834,0,1.2,20250430
2025-05-01,3,1.3321610689163208,1.3345255851745603,1.3265942335128784,1.3323917388916016,0,1.2,20250501
2025-05-02,3,1.3286564350128174,1.333066701889038,1.3267878293991089,1.328638792037964,0,1.2,20250502
2025-05-05,3,1.327087163925171,1.3336178064346311,1.3262423276901243,1.3271929025650024,0,1.2,20250505
2025-05-06,3,1.32902729511261,1.3400514125823977,1.3262248039245603,1.329256892204285,0,1.2,20250506
2025-05-07,3,1.335309624671936,1.3377031087875366,1.3324273824691772,1.335594892501831,0,1.2,20250507
2025-05-08,3,1.3291332721710205,1.3357020616531372,1.3251526355743408,1.3294159173965454,0,1.2,20250508
2025-05-09,3,1.324082374572754,1.331788420677185,1.3213530778884888,1.323539137840271,0,1.2,20250509
2025-05-12,3,1.328479886054993,1.3299640417099,1.314198613166809,1.3289036750793457,0,1.2,20250512
2025-05-13,3,1.317835569381714,1.3281270265579224,1.317540407180786,1.3177834749221802,0,1.2,20250513
2025-05-14,3,1.3304595947265625,1.3360588550567627,1.3287447690963743,1.3304418325424194,0,1.2,20250514
2025-05-15,3,1.326435923576355,1.3318772315979004,1.326066493988037,1.3263479471206665,0,1.2,20250515
2025-05-16,3,1.3303179740905762,1.333191156387329,1.325468897819519,1.3306896686553955,0,1.2,20250516
2025-05-19,3,1.3305658102035522,1.3403388261795044,1.329186201095581,1.3305498361587524,0,1.2,20250519
2025-05-20,3,1.3359695672988892,1.339620590209961,1.3335466384887695,1.3360053300857544,0,1.2,20250520
2025-05-21,3,1.3398540019989014,1.3468012809753418,1.3389748334884644,1.3397821187973022,0,1.2,20250521
2025-05-22,3,1.3422459363937378,1.3441040515899658,1.3392080068588257,1.3419036865234375,0,1.2,20250522
2025-05-23,3,1.3421378135681152,1.3533447980880735,1.3419395685195925,1.3419216871261597,0,1.2,20250523
2025-05-26,3,1.3537845611572266,1.3592866659164429,1.3537662029266355,1.3535828590393066,0,1.2,20250526
2025-05-27,3,1.3566679954528809,1.3587141036987305,1.3501471281051636,1.3565207719802856,0,1.2,20250527
2025-05-28,3,1.351515769958496,1.3522467613220217,1.3451164960861206,1.3513330221176147,0,1.2,20250528
2025-05-29,3,1.3426964282989502,1.3507490158081057,1.3421016931533811,1.3431472778320312,0,1.2,20250529
2025-05-30,3,1.3499648571014404,1.3511505126953125,1.3450984954833984,1.3498992919921875,0,1.2,20250530
2025-06-02,3,1.3469464778900146,1.355968952178955,1.3469464778900146,1.346728801727295,0,1.2,20250602
2025-06-03,3,1.355730056762695,1.355821967124939,1.3494731187820437,1.3556748628616333,0,1.2,20250603
2025-06-04,3,1.3531616926193235,1.358105182647705,1.3502565622329712,1.353143334388733,0,1.2,20250604
2025-06-05,3,1.3551788330078125,1.3617299795150757,1.354132890701294,1.355215549468994,0,1.2,20250605
2025-06-06,3,1.357994556427002,1.358540654182434,1.3508037328720093,1.3579576015472412,0,1.2,20250606
2025-06-09,3,1.3537296056747437,1.3581604957580566,1.3524478673934937,1.3538211584091189,0,1.2,20250609
2025-06-10,3,1.355380892753601,1.3564839363098145,1.3458950519561768,1.3556748628616333,0,1.2,20250610
2025-06-11,3,1.350858449935913,1.355730056762695,1.3464748859405518,1.3508219718933103,0,1.2,20250611
2025-06-12,3,1.3568705320358276,1.3623607158660889,1.3526124954223633,1.3567416667938232,0,1.2,20250612
2025-06-13,3,1.36306631565094,1.3632521629333496,1.3517167568206787,1.3627691268920898,0,1.2,20250613
2025-06-16,3,1.3547013998031616,1.362323522567749,1.3536012172698977,1.3557006120681765,0,1.2,20250616
2025-06-17,3,1.3568521738052368,1.3580129146575928,1.3497644662857056,1.3565576076507568,0,1.2,20250617
2025-06-18,3,1.343075156211853,1.3477089405059814,1.3427865505218506,1.3430029153823853,0,1.2,20250618
2025-06-19,3,1.3415075540542605,1.3450080156326294,1.3383835554122925,1.3416515588760376,0,1.2,20250619
2025-06-20,3,1.3478723764419556,1.3511322736740112,1.3456052541732788,1.3476725816726685,0,1.2,20250620
2025-06-23,3,1.3436886072158811,1.350530028343201,1.3373453617095947,1.3435983657836914,0,1.2,20250623
2025-06-24,3,1.3546464443206787,1.3646661043167114,1.353747844696045,1.3545364141464231,0,1.2,20250624
2025-06-25,3,1.361488938331604,1.3634381294250488,1.359249711036682,1.361488938331604,0,1.2,20250625
2025-06-26,3,1.369131565093994,1.3764814138412476,1.3678767681121826,1.369187831878662,0,1.2,20250626
2025-06-27,3,1.3726835250854492,1.3751753568649292,1.3705388307571411,1.37247633934021,0,1.2,20250627
2025-06-30,3,1.372062087059021,1.3741360902786257,1.3676148653030396,1.3719680309295654,0,1.2,20250630
2025-07-01,3,1.373437762260437,1.378872990608215,1.3705388307571411,1.3730605840682983,0,1.2,20250701
2025-07-02,3,1.374721646308899,1.3753266334533691,1.356760025024414,1.374721646308899,0,1.2,20250702
2025-07-03,3,1.3651504516601562,1.3675214052200315,1.359194278717041,1.3650014400482178,0,1.2,20250703
2025-07-04,3,1.3666430711746216,1.3681762218475342,1.3635309934616089,1.366829752922058,0,1.2,20250704
2025-07-07,3,1.365075945854187,1.3657844066619873,1.3575890064239502,1.3651504516601562,0,1.2,20250707
2025-07-08,3,1.3625463247299194,1.3646661043167114,1.3528138399124146,1.3623607158660889,0,1.2,20250708
2025-07-09,3,1.358529567718506,1.3618227243423462,1.3566128015518188,1.358529567718506,0,1.2,20250709
2025-07-10,3,1.3597116470336914,1.3620266914367676,1.3534363508224487,1.3593051433563232,0,1.2,20250710
2025-07-11,3,1.3580313920974731,1.3581236600875854,1.348381280899048,1.3579576015472412,0,1.2,20250711
2025-07-14,3,1.3497098684310913,1.3504753112792969,1.343273639678955,1.3493820428848269,0,1.2,20250714
2025-07-15,3,1.3427324295043943,1.3466562032699585,1.3382043838500977,1.3428045511245728,0,1.2,20250715
2025-07-16,3,1.3394231796264648,1.3477270603179932,1.3367375135421753,1.3393335342407229,0,1.2,20250716
2025-07-17,3,1.341075778007507,1.3418675661087036,1.337595820426941,1.3411099910736084,0,1.2,20250717
2025-07-18,3,1.3431472778320312,1.347490906715393,1.3411656618118286,1.3432555198669434,0,1.2,20250718
2025-07-21,3,1.3416335582733154,1.3510043621063232,1.3403208255767822,1.341597557067871,0,1.2,20250721
2025-07-22,3,1.348945140838623,1.3520090579986572,1.3463118076324463,1.348945140838623,0,1.2,20250722
2025-07-23,3,1.3521736860275269,1.3575890064239502,1.3517167568206787,1.352155327796936,0,1.2,20250723
2025-07-24,3,1.3579576015472412,1.3588987588882446,1.3523746728897097,1.3579576015472412,0,1.2,20250724
2025-07-25,3,1.3509862422943115,1.3512235879898071,1.341813564300537,1.3510043621063232,0,1.2,20250725
2025-07-28,3,1.3439956903457642,1.3453338146209717,1.3392258882522583,1.344085931777954,0,1.2,20250728
2025-07-29,3,1.3358447551727295,1.3362016677856443,1.330866813659668,1.336023211479187,0,1.2,20250729
2025-07-30,3,1.3356127738952637,1.3385447263717651,1.3272985219955444,1.3353630304336548,0,1.2,20250730
2025-07-31,3,1.325556755065918,1.32821524143219,1.3188261985778809,1.3257676362991333,0,1.2,20250731
2025-08-01,3,1.3207422494888306,1.3305480480194092,1.314405918121338,1.32098650932312,0,1.2,20250801
2025-08-04,3,1.3292216062545776,1.3330844640731812,1.325468897819519,1.3289920091629028,0,1.2,20250804
2025-08-05,3,1.3299994468688965,1.3309553861618042,1.3263126611709597,1.3297518491744995,0,1.2,20250805
2025-08-06,3,1.3298580646514893,1.3358982801437378,1.3283387422561646,1.3299463987350464,0,1.2,20250806
2025-08-07,3,1.3357733488082886,1.3437248468399048,1.3347570896148682,1.3357912302017212,0,1.2,20250807
2025-08-08,3,1.345188856124878,1.3454785346984863,1.3419936895370483,1.345152735710144,0,1.2,20250808
2025-08-11,3,1.3443931341171265,1.3476543426513672,1.3400335311889648,1.3444474935531616,0,1.2,20250811
2025-08-12,3,1.3434358835220337,1.3523930311203003,1.342227816581726,1.3435261249542236,0,1.2,20250812
2025-08-13,3,1.350530028343201,1.3585110902786257,1.3494184017181396,1.3504207134246826,0,1.2,20250813
2025-08-14,3,1.3585665225982666,1.3594529628753662,1.3529237508773804,1.358529567718506,0,1.2,20250814
2025-08-15,3,1.3530151844024658,1.3575520515441897,1.3528321981430054,1.3530701398849487,0,1.2,20250815
2025-08-18,3,1.355766773223877,1.3565999269485474,1.3512965440750122,1.3556381464004517,0,1.2,20250818
2025-08-19,3,1.3508037328720093,1.3531067371368408,1.3488178253173828,1.3508219718933103,0,1.2,20250819
2025-08-20,3,1.3485630750656128,1.3508949279785156,1.3448994159698486,1.348679542541504,0,1.2,20250820
2025-08-21,3,1.346619963645935,1.348308563232422,1.3410218954086304,1.3466380834579468,0,1.2,20250821
2025-08-22,3,1.341687560081482,1.3543713092803955,1.3391542434692385,1.3419395685195925,0,1.2,20250822
2025-08-25,3,1.3509807586669922,1.3528138399124146,1.348435878753662,1.35111403465271,0,1.2,20250825
2025-08-26,3,1.3454241752624512,1.3492727279663086,1.343508243560791,1.3453518152236938,0,1.2,20250826
2025-08-27,3,1.3477907180786133,1.3478542566299438,1.3418315649032593,1.3478723764419556,0,1.2,20250827
2025-08-28,3,1.3504753112792969,1.3528138399124146,1.3485267162322998,1.3503841161727903,0,1.2,20250828
2025-08-29,3,1.3509862422943115,1.351387858390808,1.3448452949523926,1.35111403465271,0,1.2,20250829
2025-09-01,3,1.3504207134246826,1.354958415031433,1.3503658771514893,1.3503841161727903,0,1.2,20250901
2025-09-02,3,1.3547013998031616,1.3548849821090698,1.3341693878173828,1.3547931909561155,0,1.2,20250902
2025-09-03,3,1.33836567401886,1.3453338146209717,1.3336355686187744,1.3383476734161377,0,1.2,20250903
2025-09-04,3,1.344212532043457,1.345858812332153,1.341795563697815,1.3441582918167114,0,1.2,20250904
2025-09-05,3,1.3444474935531616,1.3554543256759644,1.344266653060913,1.3444474935531616,0,1.2,20250905
2025-09-08,3,1.3492181301116943,1.3556381464004517,1.3484903573989868,1.34929096698761,0,1.2,20250908
2025-09-09,3,1.3552706241607666,1.3591573238372805,1.3525211811065674,1.3553073406219482,0,1.2,20250909
2025-09-10,3,1.3520822525024414,1.3561527729034424,1.3516253232955933,1.352109670639038,0,1.2,20250910
2025-09-11,3,1.3532531261444092,1.3577916622161863,1.3495277166366575,1.3534730672836304,0,1.2,20250911
2025-09-12,3,1.3574045896530151,1.3576072454452517,1.3525211811065674,1.3576626777648926,0,1.2,20250912
2025-09-15,3,1.3555278778076172,1.3619710206985474,1.3549401760101318,1.35534405708313,0,1.2,20250915
2025-09-16,3,1.3601741790771484,1.3670727014541626,1.3598780632019043,1.3602666854858398,0,1.2,20250916
2025-09-17,3,1.3654673099517822,1.366923213005066,1.36314058303833,1.365392804145813,0,1.2,20250917
2025-09-18,3,1.3628991842269895,1.3657469749450684,1.353637933731079,1.36297345161438,0,1.2,20250918
2025-09-19,3,1.3555645942687988,1.3559303283691406,1.3465837240219116,1.3556013107299805,0,1.2,20250919
2025-09-22,3,1.346293568611145,1.3513513803482056,1.3453699350357056,1.3464748859405518,0,1.2,20250922
2025-09-23,3,1.351387858390808,1.3536012172698977,1.3490725755691528,1.3514974117279053,0,1.2,20250923
2025-09-24,3,1.3526124954223633,1.3526124954223633,1.3428767919540403,1.3524478673934937,0,1.2,20250924
2025-09-25,3,1.3450080156326294,1.346619963645935,1.3342405557632446,1.3452396392822266,0,1.2,20250925
2025-09-26,3,1.3335111141204834,1.341381549835205,1.3331378698349,1.333653450012207,0,1.2,20250926
2025-09-29,3,1.3407701253890991,1.3456052541732788,1.3407701253890991,1.3408241271972656,0,1.2,20250929
2025-09-30,3,1.3435298204421997,1.3465837240219116,1.341579556465149,1.3437248468399048,0,1.2,20250930
2025-10-01,3,1.3441762924194336,1.352594256401062,1.343562364578247,1.3443390130996704,0,1.2,20251001
2025-10-02,3,1.347781538963318,1.3509862422943115,1.3401951789855957,1.3480178117752075,0,1.2,20251002
2025-10-03,3,1.3445920944213867,1.348435878753662,1.342984914779663,1.3446643352508545,0,1.2,20251003
2025-10-06,3,1.3433457612991333,1.348435878753662,1.341795563697815,1.3433817625045776,0,1.2,20251006
2025-10-07,3,1.348435878753662,1.3484539985656738,1.339441180229187,1.3484903573989868,0,1.2,20251007
2025-10-08,3,1.3421016931533811,1.3438512086868286,1.3385089635849,1.3421016931533811,0,1.2,20251008
2025-10-09,3,1.340015530586243,1.3419756889343262,1.3292216062545776,1.3401411771774292,0,1.2,20251009
2025-10-10,3,1.3303710222244265,1.3359339237213137,1.326664686203003,1.3304948806762695,0,1.2,20251010
2025-10-13,3,1.3338135480880735,1.3366124629974363,1.331611156463623,1.3336178064346311,0,1.2,20251013
2025-10-14,3,1.3333511352539062,1.3352917432785034,1.325065016746521,1.3332622051239014,0,1.2,20251014
2025-10-15,3,1.3321077823638916,1.340356707572937,1.3321077823638916,1.3321610689163208,0,1.2,20251015
2025-10-16,3,1.3402310609817505,1.3454241752624512,1.3400694131851196,1.3404465913772583,0,1.2,20251016
2025-10-17,3,1.3444474935531616,1.3473457098007202,1.3392438888549805,1.3445558547973633,0,1.2,20251017
2025-10-20,3,1.3426783084869385,1.3444474935531616,1.339943766593933,1.342588186264038,0,1.2,20251020
2025-10-21,3,1.3403927087783811,1.3417415618896484,1.3361302614212036,1.3405184745788574,0,1.2,20251021
2025-10-22,3,1.3366659879684448,1.33872389793396,1.330672025680542,1.336523175239563,0,1.2,20251022
2025-10-23,3,1.335024356842041,1.3357733488082886,1.3311856985092163,1.3351848125457764,0,1.2,20251023
2025-10-24,3,1.3327292203903198,1.3358982801437378,1.3293275833129885,1.332746982574463,0,1.2,20251024
2025-10-27,3,1.332356333732605,1.335220456123352,1.3311147689819336,1.3322391510009766,0,1.2,20251027
2025-10-28,3,1.3339380025863647,1.337005615234375,1.32501220703125,1.3341000080108645,0,1.2,20251028
2025-10-29,3,1.3278449773788452,1.3280742168426514,1.3197661638259888,1.3279330730438232,0,1.2,20251029
2025-10-30,3,1.319400429725647,1.3219294548034668,1.311785101890564,1.3195397853851318,0,1.2,20251030
2025-10-31,3,1.3160146474838257,1.3165291547775269,1.3099464178085327,1.3159106969833374,0,1.2,20251031
2025-11-03,3,1.3136461973190308,1.315028190612793,1.3110971450805664,1.3134735822677612,0,1.2,20251103
2025-11-04,3,1.3131803274154663,1.3140604496002195,1.3035770654678345,1.3135254383087158,0,1.2,20251104
2025-11-05,3,1.30218505859375,1.3051422834396362,1.301168441772461,1.3021697998046875,0,1.2,20251105
2025-11-06,3,1.3052785396575928,1.312404751777649,1.3051507472991943,1.3052598237991333,0,1.2,20251106
2025-11-07,3,1.3140604496002195,1.3174536228179932,1.3095518350601196,1.3140950202941897,0,1.2,20251107
2025-11-10,3,1.3150626420974731,1.319087266921997,1.3138360977172852,1.3142677545547483,0,1.2,20251110
2025-11-11,3,1.317314863204956,1.31835675239563,1.3117679357528689,1.3172974586486816,0,1.2,20251111
2025-11-12,3,1.3152875900268557,1.315598964691162,1.3085922002792358,1.3152875900268557,0,1.2,20251112
2025-11-13,3,1.3130252361297607,1.3213530778884888,1.3104099035263062,1.3127838373184204,0,1.2,20251113
2025-11-14,3,1.3153568506240845,1.3192263841629028,1.3108221292495728,1.3152183294296265,0,1.2,20251114
2025-11-17,3,1.3157376050949097,1.319330811500549,1.3137152194976809,1.3160146474838257,0,1.2,20251117
2025-11-18,3,1.3153740167617798,1.3175750970840454,1.3136979341506958,1.3156163692474363,0,1.2,20251118
2025-11-19,3,1.3147515058517456,1.3156682252883911,1.3069674968719482,1.3147515058517456,0,1.2,20251119
2025-11-20,3,1.3060967922210691,1.3121638298034668,1.3039339780807495,1.3061821460723877,0,1.2,20251120
2025-11-21,3,1.3083696365356443,1.310289740562439,1.304036021232605,1.308489441871643,0,1.2,20251121
2025-11-24,3,1.3096890449523926,1.3118194341659546,1.3081300258636477,1.3096375465393066,0,1.2,20251124
2025-11-25,3,1.3106160163879397,1.3195570707321167,1.3096497058868408,1.3106160163879397,0,1.2,20251125
2025-11-26,3,1.3161011934280396,1.323591709136963,1.312594294548035,1.315870761871338,0,1.2,20251126
2025-11-27,3,1.3245033025741575,1.3269639015197754,1.3210737705230713,1.3244997262954712,0,1.2,20251127
2025-11-28,3,1.3241350650787354,1.3250824213027954,1.3201842308044434,1.3241175413131714,0,1.2,20251128
2025-12-01,3,1.324082374572754,1.3274747133255005,1.3208295106887815,1.32397723197937,0,1.2,20251201
2025-12-02,3,1.32098650932312,1.322226643562317,1.3181829452514648,1.320934176445007,0,1.2,20251202
2025-12-03,3,1.3220866918563845,1.3347214460372925,1.3218246698379517,1.3219469785690308,0,1.2,20251203
2025-12-04,3,1.3346858024597168,1.3384193181991575,1.3324450254440308,1.3348817825317385,0,1.2,20251204
2025-12-05,3,1.3323917388916016,1.3362374305725098,1.3318772315979004,1.332178831100464,0,1.2,20251205
2025-12-08,3,1.3326581716537476,1.3347214460372925,1.3307782411575315,1.3324593305587769,0,1.2,20251208
2025-12-09,3,1.3329778909683228,1.335505723953247,1.32902729511261,1.3326793909072876,0,1.2,20251209
2025-12-10,3,1.3303604125976562,1.3340448141098022,1.3297696113586426,1.3303532600402832,0,1.2,20251210
2025-12-11,3,1.3389031887054443,1.3437970876693726,1.335594892501831,1.3388315439224243,0,1.2,20251211
2025-12-12,3,1.3393874168395996,1.3400335311889648,1.3344007730484009,1.339046597480774,0,1.2,20251212
2025-12-15,3,1.336844801902771,1.3401411771774292,1.3354700803756714,1.3367732763290403,0,1.2,20251215
2025-12-16,3,1.3379716873168943,1.345406174659729,1.335666298866272,1.3380612134933472,0,1.2,20251216
2025-12-17,3,1.342624306678772,1.3426424264907837,1.3313628435134888,1.342499852180481,0,1.2,20251217
2025-12-18,3,1.3374526500701904,1.3445378541946411,1.3342405557632446,1.3374598026275637,0,1.2,20251218
2025-12-19,3,1.3384193181991575,1.338741898536682,1.3357733488082886,1.3385393619537354,0,1.2,20251219
2025-12-22,3,1.3380074501037598,1.346728801727295,1.3380074501037598,1.3377031087875366,0,1.2,20251222
2025-12-23,3,1.34689199924469,1.3520638942718506,1.34689199924469,1.346989989280701,0,1.2,20251223
2025-12-24,3,1.351387858390808,1.3535462617874146,1.3493820428848269,1.3513604402542114,0,1.2,20251224
2025-12-26,3,1.350712537765503,1.3526674509048462,1.347781538963318,1.3508949279785156,0,1.2,20251226
2025-12-29,3,1.350074291229248,1.3513513803482056,1.347127914428711,1.349727988243103,0,1.2,20251229
2025-12-30,3,1.3509862422943115,1.3530151844024658,1.3451708555221558,1.3510993719100952,0,1.2,20251230
2025-12-31,3,1.34678316116333,1.3476543426513672,1.3403388261795044,1.346719741821289,0,1.2,20251231
2026-01-02,3,1.347490906715393,1.3501653671264648,1.3435261249542236,1.347363829612732,0,1.2,20260102
2026-01-05,3,1.3439414501190186,1.35255765914917,1.3415435552597046,1.3437970876693726,0,1.2,20260105
2026-01-06,3,1.3534547090530396,1.356815218925476,1.34929096698761,1.3533997535705566,0,1.2,20260106
2026-01-07,3,1.3500378131866455,1.3517532348632812,1.3470189571380615,1.3500559329986572,0,1.2,20260107
2026-01-08,3,1.345949411392212,1.3466380834579468,1.3417595624923706,1.3459312915802002,0,1.2,20260108
2026-01-09,3,1.3435803651809692,1.3447185754776,1.3394052982330322,1.3438005447387695,0,1.2,20260109
2026-01-12,3,1.339441180229187,1.34865403175354,1.3392258882522583,1.3394231796264648,0,1.2,20260112
2026-01-13,3,1.346619963645935,1.3488723039627075,1.3426603078842163,1.3465656042099,0,1.2,20260113
2026-01-14,3,1.342570185661316,1.3462574481964111,1.342065691947937,1.3426783084869385,0,1.2,20260114
2026-01-15,3,1.3440680503845217,1.3446643352508545,1.3365589380264282,1.344266653060913,0,1.2,20260115
2026-01-16,3,1.338186502456665,1.3412916660308838,1.3367375135421753,1.3381328582763672,0,1.2,20260116
2026-01-19,3,1.3403388261795044,1.3433637619018557,1.3382043838500977,1.3404287099838257,0,1.2,20260119
2026-01-20,3,1.3419216871261597,1.34916353225708,1.3410991430282593,1.3418315649032593,0,1.2,20260120
2026-01-21,3,1.3439956903457642,1.345858812332153,1.3402490615844729,1.344085931777954,0,1.2,20260121
2026-01-22,3,1.3417415618896484,1.349800944328308,1.3410578966140747,1.3419395685195925,0,1.2,20260122
2026-01-23,3,1.350001335144043,1.3597116470336914,1.3483449220657349,1.3501288890838623,0,1.2,20260123
2026-01-26,3,1.3662508726119995,1.3712530136108398,1.3643310070037842,1.3662508726119995,0,1.2,20260126
2026-01-27,3,1.3675214052200315,1.3790820837020874,1.3665122985839844,1.3677457571029663,0,1.2,20260127
2026-01-28,3,1.3825522661209106,1.3829345703125,1.3751943111419678,1.3824374675750732,0,1.2,20260128
2026-01-29,3,1.382341980934143,1.384677171707153,1.3748350143432615,1.382533073425293,0,1.2,20260129
2026-01-30,3,1.3809102773666382,1.3814444541931152,1.371478796005249,1.380643367767334,0,1.2,20260130
2026-02-02,3,1.3681013584136963,1.371441125869751,1.36275053024292,1.3679141998291016,0,1.2,20260202
2026-02-03,3,1.3674278259277344,1.3707268238067627,1.3652622699737549,1.367315649986267,0,1.2,20260203
2026-02-04,3,1.3697504997253418,1.3733245134353638,1.3644241094589231,1.3697504997253418,0,1.2,20260204
2026-02-05,3,1.364628791809082,1.3654673099517822,1.3521188497543335,1.3644611835479736,0,1.2,20260205
2026-02-06,3,1.3521188497543335,1.3615630865097046,1.3509862422943115,1.3520822525024414,0,1.2,20260206
2026-02-09,3,1.360858917236328,1.3691691160202026,1.358861804008484,1.3608959913253784,0,1.2,20260209
2026-02-10,3,1.3683072328567505,1.3698630332946775,1.3653740882873535,1.368344783782959,0,1.2,20260210
2026-02-11,3,1.3633265495300293,1.371290683746338,1.361952543258667,1.3634566068649292,0,1.2,20260211
2026-02-12,3,1.3623793125152588,1.367128849029541,1.360544204711914,1.362399697303772,0,1.2,20260212
2026-02-13,3,1.361952543258667,1.364628791809082,1.3592127561569214,1.3620266914367676,0,1.2,20260213
2026-02-16,3,1.3647406101226809,1.3662508726119995,1.3627134561538696,1.3647778034210205,0,1.2,20260216
2026-02-17,3,1.36286199092865,1.3629549741744995,1.349800944328308,1.3627691268920898,0,1.2,20260217
2026-02-18,3,1.3564103841781616,1.3582342863082886,1.3534547090530396,1.3564472198486328,0,1.2,20260218
2026-02-19,3,1.349545955657959,1.3517532348632812,1.3435261249542236,1.349582314491272,0,1.2,20260219
2026-02-20,3,1.346058011054993,1.3514243364334106,1.3436344861984253,1.3461124897003174,0,1.2,20260220
2026-02-23,3,1.352868676185608,1.3535646200180054,1.347781538963318,1.3533265590667725,0,1.2,20260223
2026-02-24,3,1.3496370315551758,1.353747844696045,1.3471460342407229,1.34969162940979,0,1.2,20260224
2026-02-25,3,1.3496370315551758,1.3551236391067505,1.349199891090393,1.3497462272644043,0,1.2,20260225
2026-02-26,3,1.355821967124939,1.3574045896530151,1.3497098684310913,1.3558034896850586,0,1.2,20260226
2026-02-27,3,1.3492363691329956,1.350548267364502,1.3441762924194336,1.3491452932357788,0,1.2,20260227
2026-03-02,3,1.340752124786377,1.3456594944000244,1.3316820859909058,1.3406623601913452,0,1.2,20260302
2026-03-03,3,1.3408960103988647,1.3425161838531494,1.325486421585083,1.3410578966140747,0,1.2,20260303
2026-03-04,3,1.335309624671936,1.3404645919799805,1.3305480480194092,1.3353630304336548,0,1.2,20260304
2026-03-05,3,1.3369520902633667,1.3386342525482178,1.3301233053207395,1.3369520902633667,0,1.2,20260305
2026-03-06,3,1.3356841802597046,1.3408780097961426,1.3313806056976318,1.3357375860214231,0,1.2,20260306
2026-03-09,3,1.3307074308395386,1.3398720026016235,1.3284975290298462,1.330105543136597,0,1.2,20260309
2026-03-10,3,1.342390060424805,1.3481448888778689,1.3415075540542605,1.3424980640411377,0,1.2,20260310
2026-03-11,3,1.3421918153762815,1.3457320928573608,1.3395847082138062,1.3419036865234375,0,1.2,20260311
2026-03-12,3,1.3380612134933472,1.3409498929977417,1.3341693878173828,1.338186502456665,0,1.2,20260312
2026-03-13,3,1.335238337516785,1.336969971656799,1.323364019393921,1.335250735282898,0,1.2,20260313
2026-03-16,3,1.3249244689941406,1.3316465616226196,1.3232413530349731,1.3247665166854858,0,1.2,20260316
2026-03-17,3,1.3312742710113523,1.3358982801437378,1.3274219036102295,1.3314337730407717,0,1.2,20260317
2026-03-18,3,1.3357912302017212,1.3376137018203735,1.3306366205215454,1.335951805114746,0,1.2,20260318
2026-03-19,3,1.326435923576355,1.3388315439224243,1.3249069452285769,1.32650625705719,0,1.2,20260319
2026-03-20,3,1.3424620628356934,1.3436344861984253,1.3302825689315796,1.342570185661316,0,1.2,20260320
2026-03-23,3,1.3334755897521973,1.347636342048645,1.325996160507202,1.3331555128097534,0,1.2,20260323
2026-03-24,3,1.342570185661316,1.3444112539291382,1.3367732763290403,1.342426061630249,0,1.2,20260324
2026-03-25,3,1.341471552848816,1.3436164855957031,1.3361302614212036,1.3416335582733154,0,1.2,20260325
2026-03-26,3,1.336362361907959,1.337595820426941,1.332356333732605,1.336362361907959,0,1.2,20260326
2026-03-27,3,1.3336195945739746,1.3347997665405271,1.327527642250061,1.333564519882202,0,1.2,20260327
2026-03-30,3,1.323784351348877,1.3281975984573364,1.3175925016403198,1.3238370418548584,0,1.2,20260330
2026-03-31,3,1.3173494338989258,1.326330304145813,1.316118597984314,1.3172800540924072,0,1.2,20260331
2026-04-01,3,1.324099898338318,1.3336000442504885,1.3222790956497192,1.324327826499939,0,1.2,20260401
2026-04-02,3,1.3302825689315796,1.3314515352249146,1.3183915615081787,1.3302648067474363,0,1.2,20260402
2026-04-03,3,1.323364019393921,1.3245033025741575,1.3197835683822632,1.323031306266785,0,1.2,20260403
2026-04-06,3,1.318913221359253,1.3268407583236694,1.318913221359253,1.318634867668152,0,1.2,20260406
2026-04-07,3,1.323328971862793,1.3285505771636963,1.3212482929229736,1.3234164714813232,0,1.2,20260407
2026-04-08,3,1.3402490615844729,1.3484176397323608,1.3380969762802124,1.3401771783828735,0,1.2,20260408
2026-04-09,3,1.3394052982330322,1.3443931341171265,1.3382043838500977,1.3394052982330322,0,1.2,20260409
2026-04-10,3,1.343021035194397,1.3479087352752686,1.3412736654281616,1.3430029153823853,0,1.2,20260410
2026-04-13,3,1.3389569520950315,1.3465473651885986,1.3386881351470947,1.339441180229187,0,1.2,20260413
2026-04-14,3,1.351186990737915,1.3588987588882446,1.3504297733306885,1.3515340089797974,0,1.2,20260414
2026-04-15,3,1.357478380203247,1.3579576015472412,1.3544628620147705,1.357533574104309,0,1.2,20260415
2026-04-16,3,1.3574230670928955,1.3594344854354858,1.351917743682861,1.3573696613311768,0,1.2,20260416
2026-04-17,3,1.3522651195526123,1.3598597049713137,1.3505666255950928,1.3526124954223633,0,1.2,20260417
2026-04-20,3,1.348435878753662,1.3544628620147705,1.3481813669204712,1.348435878753662,0,1.2,20260420
2026-04-21,3,1.3530151844024658,1.3538193702697754,1.348617672920227,1.3531250953674316,0,1.2,20260421
2026-04-22,3,1.3512235879898071,1.3535462617874146,1.349345564842224,1.3509680032730105,0,1.2,20260422
2026-04-23,3,1.3498555421829224,1.351826310157776,1.3479633331298828,1.3500378131866455,0,1.2,20260423
2026-04-24,3,1.346765160560608,1.3519724607467651,1.3454241752624512,1.3466380834579468,0,1.2,20260424
2026-04-27,3,1.351387858390808,1.3575890064239502,1.3513513803482056,1.3515102863311768,0,1.2,20260427
2026-04-28,3,1.3538029193878174,1.3542795181274414,1.3464386463165283,1.3538211584091189,0,1.2,20260428
2026-04-29,3,1.3526674509048462,1.3528138399124146,1.3473457098007202,1.3524478673934937,0,1.2,20260429
2026-04-30,3,1.348981499671936,1.3592866659164429,1.345532774925232,1.3488596677780151,0,1.2,20260430
2026-05-01,3,1.3603407144546509,1.3657844066619873,1.3588802814483645,1.3602666854858398,0,1.2,20260501
2026-05-04,3,1.3581420183181765,1.360063076019287,1.3526674509048462,1.3581420183181765,0,1.2,20260504
2026-05-05,3,1.353179931640625,1.357810139656067,1.3514426946640017,1.353143334388733,0,1.2,20260505
2026-05-06,3,1.3568521738052368,1.3643310070037842,1.3564103841781616,1.3568705320358276,0,1.2,20260506
2026-05-07,3,1.3590649366378784,1.3631964921951294,1.3590649366378784,1.3591758012771606,0,1.2,20260507
2026-05-08,3,1.3556013107299805,1.3629549741744995,1.354976773262024,1.3555645942687988,0,1.2,20260508
2026-05-11,3,1.359397530555725,1.3652249574661257,1.358068346977234,1.3594714403152466,0,1.2,20260511
2026-05-12,3,1.360063076019287,1.3604886531829834,1.3503477573394775,1.360470175743103,0,1.2,20260512
2026-05-13,3,1.353637933731079,1.3550686836242676,1.3487813472747805,1.3537001609802246,0,1.2,20260513
2026-05-14,3,1.352630853652954,1.353363037109375,1.3475091457366943,1.352630853652954,0,1.2,20260514
2026-05-15,3,1.339046597480774,1.3392438888549805,1.3317352533340454,1.339136242866516,0,1.2,20260515
2026-05-18,3,1.331061601638794,1.3424079418182373,1.3304418325424194,1.330849051475525,0,1.2,20260518
2026-05-19,3,1.3433637619018557,1.3433637619018557,1.338043212890625,1.3432012796401978,0,1.2,20260519
2026-05-20,3,1.3392438888549805,1.3461849689483645,1.3378641605377195,1.3396027088165283,0,1.2,20260520
2026-05-21,3,1.3434540033340454,1.345243215560913,1.3393514156341553,1.3433998823165894,0,1.2,20260521
2026-05-22,3,1.342984914779663,1.345949411392212,1.3414356708526611,1.3432555198669434,0,1.2,20260522
2026-05-25,3,1.34816312789917,1.3508037328720093,1.347164273262024,1.34816312789917,0,1.2,20260525
2026-05-26,3,1.349582314491272,1.3497098684310913,1.3436344861984253,1.3496370315551758,0,1.2,20260526
2026-05-27,3,1.3457139730453491,1.3458950519561768,1.3417415618896484,1.345532774925232,0,1.2,20260527
2026-05-28,3,1.3415615558624268,1.3447548151016235,1.336844801902771,1.3416515588760376,0,1.2,20260528
2026-05-29,3,1.3444656133651731,1.3485448360443115,1.340985894203186,1.3444474935531616,0,1.2,20260529
2026-06-01,3,1.3450441360473633,1.347636342048645,1.3408780097961426,1.345152735710144,0,1.2,20260601
2026-06-02,3,1.3460218906402588,1.3481448888778689,1.3451708555221558,1.3460001945495603,0,1.2,20260602
2026-06-03,3,1.3453155755996704,1.3473457098007202,1.3422459363937378,1.3454241752624512,0,1.2,20260603
2026-06-04,3,1.3427144289016724,1.3462574481964111,1.3412736654281616,1.3427144289016724,0,1.2,20260604
2026-06-05,3,1.3424620628356934,1.3482722043991089,1.3357375860214231,1.3427000045776367,0,1.2,20260605
2026-06-08,3,1.333564519882202,1.3369520902633667,1.3306896686553955,1.333564519882202,0,1.2,20260608
2026-06-09,3,1.333280086517334,1.3409318923950195,1.3332266807556152,1.3333333730697632,0,1.2,20260609
2026-06-10,3,1.3372023105621338,1.3422638177871704,1.3369340896606443,1.3372201919555664,0,1.2,20260610
2026-06-11,3,1.3365768194198608,1.3392258882522583,1.3325693607330322,1.3362016677856443,0,1.2,20260611
2026-06-12,3,1.341219782829285,1.3426424264907837,1.3385268449783323,1.341381549835205,0,1.2,20260612
2026-06-15,3,1.3453155755996704,1.3461124897003174,1.341813564300537,1.344971776008606,0,1.2,20260615
2026-06-16,3,1.3417415618896484,1.3441221714019775,1.339159607887268,1.341599464416504,0,1.2,20260616
2026-06-17,3,1.3424980640411377,1.3435442447662354,1.3388851881027222,1.3426424264907837,0,1.2,20260617
2026-06-18,3,1.330477237701416,1.3326226472854614,1.3207073211669922,1.3301233053207395,0,1.2,20260618
2026-06-19,3,1.3205503225326538,1.3241524696350098,1.3163783550262451,1.320201754570007,0,1.2,20260619
2026-06-22,3,1.3208295106887815,1.327210545539856,1.31851327419281,1.3207945823669434,0,1.2,20260622
2026-06-23,3,1.324643611907959,1.3250298500061035,1.318634867668152,1.3247138261795044,0,1.2,20260623
2026-06-24,3,1.3200798034667969,1.320934176445007,1.3143022060394287,1.32000994682312,0,1.2,20260624
2026-06-25,3,1.3162744045257568,1.3217023611068726,1.3153221607208252,1.3166556358337402,0,1.2,20260625
2026-06-26,3,1.3196616172790527,1.3230137825012207,1.3181134462356567,1.320393443107605,0,1.2,20260626
2024-09-03,4,0.6787299513816833,0.6793999671936035,0.6713197827339172,0.6787299513816833,0,1.2,20240903
2024-09-04,4,0.6714000701904297,0.6748093962669373,0.6687402129173279,0.6714000701904297,0,1.2,20240904
2024-09-05,4,0.6716187596321106,0.674081563949585,0.6714297533035278,0.6716187596321106,0,1.2,20240905
2024-09-06,4,0.6740502119064331,0.6766083240509033,0.6673299670219421,0.6740502119064331,0,1.2,20240906
2024-09-09,4,0.6670802235603333,0.6688963174819946,0.6648096442222595,0.6670802235603333,0,1.2,20240909
2024-09-10,4,0.6657878756523132,0.6676414012908936,0.6641698479652405,0.6657878756523132,0,1.2,20240910
2024-09-11,4,0.6653298139572144,0.6675121784210205,0.6622999310493469,0.6653298139572144,0,1.2,20240911
2024-09-12,4,0.6676998138427734,0.6700001358985901,0.6660898327827454,0.6676998138427734,0,1.2,20240912
2024-09-13,4,0.6726899147033691,0.6733099818229675,0.6692589521408081,0.6726899147033691,0,1.2,20240913
2024-09-16,4,0.6713797450065613,0.674900472164154,0.6706601977348328,0.6713797450065613,0,1.2,20240916
2024-09-17,4,0.6751897931098938,0.6769999265670776,0.674200177192688,0.6751897931098938,0,1.2,20240917
2024-09-18,4,0.6762696504592896,0.6790000200271606,0.6750398278236389,0.6762696504592896,0,1.2,20240918
2024-09-19,4,0.676369845867157,0.6840001344680786,0.6740901470184326,0.676369845867157,0,1.2,20240919
2024-09-20,4,0.6809576749801636,0.6831067800521851,0.678339958190918,0.6809576749801636,0,1.2,20240920
2024-09-23,4,0.6809993982315063,0.6853600740432739,0.6801698207855225,0.6809993982315063,0,1.2,20240923
2024-09-24,4,0.6834102272987366,0.6878000497817993,0.6815517544746399,0.6834102272987366,0,1.2,20240924
2024-09-25,4,0.6905400156974792,0.6908000111579895,0.6834999322891235,0.6905400156974792,0,1.2,20240925
2024-09-26,4,0.6821599006652832,0.6905400156974792,0.6819198727607727,0.6821599006652832,0,1.2,20240926
2024-09-27,4,0.689280092716217,0.693899929523468,0.6868886947631836,0.689280092716217,0,1.2,20240927
2024-09-30,4,0.6918787360191345,0.6941099166870117,0.6914098858833313,0.6918787360191345,0,1.2,20240930
2024-10-01,4,0.6915801763534546,0.6934399008750916,0.6872299909591675,0.6915801763534546,0,1.2,20241001
2024-10-02,4,0.6879992485046387,0.6915901899337769,0.6875597834587097,0.6879992485046387,0,1.2,20241002
2024-10-03,4,0.6887099742889404,0.6888000965118408,0.6830997467041016,0.6887099742889404,0,1.2,20241003
2024-10-04,4,0.6850300431251526,0.6851999759674072,0.6788400411605835,0.6850300431251526,0,1.2,20241004
2024-10-07,4,0.6800592541694641,0.6811988949775696,0.6758898496627808,0.6800592541694641,0,1.2,20241007
2024-10-08,4,0.6755999326705933,0.6770022511482239,0.6718299388885498,0.6755999326705933,0,1.2,20241008
2024-10-09,4,0.6739597916603088,0.6760598421096802,0.6708298325538635,0.6739597916603088,0,1.2,20241009
2024-10-10,4,0.6717401146888733,0.674170196056366,0.6713598966598511,0.6717401146888733,0,1.2,20241010
2024-10-11,4,0.6740997433662415,0.6758798360824585,0.6725198030471802,0.6740997433662415,0,1.2,20241011
2024-10-14,4,0.6731105446815491,0.6745999455451965,0.6702601313591003,0.6731105446815491,0,1.2,20241014
2024-10-15,4,0.6725999116897583,0.6733099818229675,0.6702498197555542,0.6725999116897583,0,1.2,20241015
2024-10-16,4,0.6682080030441284,0.6701065301895142,0.6659700274467468,0.6682080030441284,0,1.2,20241016
2024-10-17,4,0.6664889454841614,0.6710999608039856,0.6664490103721619,0.6664889454841614,0,1.2,20241017
2024-10-18,4,0.6699718832969666,0.6719499826431274,0.669469952583313,0.6699718832969666,0,1.2,20241018
2024-10-21,4,0.6716818809509277,0.6723200082778931,0.6656198501586914,0.6716818809509277,0,1.2,20241021
2024-10-22,4,0.6653094291687012,0.6694600582122803,0.6651589870452881,0.6653094291687012,0,1.2,20241022
2024-10-23,4,0.6685997843742371,0.6693001389503479,0.6628794074058533,0.6685997843742371,0,1.2,20241023
2024-10-24,4,0.663599967956543,0.6661781668663025,0.662330150604248,0.663599967956543,0,1.2,20241024
2024-10-25,4,0.663702130317688,0.6647000312805176,0.6619701981544495,0.663702130317688,0,1.2,20241025
2024-10-28,4,0.6603406071662903,0.6611133217811584,0.6580116152763367,0.6603406071662903,0,1.2,20241028
2024-10-29,4,0.6582671999931335,0.6586000919342041,0.6545899510383606,0.6582671999931335,0,1.2,20241029
2024-10-30,4,0.6563001871109009,0.6595401167869568,0.6537400484085083,0.6563001871109009,0,1.2,20241030
2024-10-31,4,0.6572798490524292,0.6579999327659607,0.6540479063987732,0.6572798490524292,0,1.2,20241031
2024-11-01,4,0.657680094242096,0.6590802073478699,0.6557501554489136,0.657680094242096,0,1.2,20241101
2024-11-04,4,0.6591914296150208,0.6619009971618652,0.6580700874328613,0.6591914296150208,0,1.2,20241104
2024-11-05,4,0.6584101915359497,0.6642999649047852,0.6579999327659607,0.6584101915359497,0,1.2,20241105
2024-11-06,4,0.6641499996185303,0.6642598509788513,0.6515209674835205,0.6641499996185303,0,1.2,20241106
2024-11-07,4,0.6567001342773438,0.6687889695167542,0.6564996838569641,0.6567001342773438,0,1.2,20241107
2024-11-08,4,0.6676815152168274,0.6676998138427734,0.6571002006530762,0.6676815152168274,0,1.2,20241108
2024-11-11,4,0.65845787525177,0.6597998738288879,0.6566289663314819,0.65845787525177,0,1.2,20241111
2024-11-12,4,0.6577605605125427,0.6578999757766724,0.6521497964859009,0.6577605605125427,0,1.2,20241112
2024-11-13,4,0.6529401540756226,0.6543817520141602,0.6481700539588928,0.6529401540756226,0,1.2,20241113
2024-11-14,4,0.6492705345153809,0.6498000621795654,0.6453698873519897,0.6492705345153809,0,1.2,20241114
2024-11-15,4,0.6455498337745667,0.6482498645782471,0.6444000601768494,0.6455498337745667,0,1.2,20241115
2024-11-18,4,0.6463413834571838,0.6498992443084717,0.6448500752449036,0.6463413834571838,0,1.2,20241118
2024-11-19,4,0.650590181350708,0.6526899933815002,0.6483999490737915,0.650590181350708,0,1.2,20241119
2024-11-20,4,0.6541501879692078,0.654600203037262,0.6485100984573364,0.6541501879692078,0,1.2,20241120
2024-11-21,4,0.6513999700546265,0.6534999012947083,0.6499398350715637,0.6513999700546265,0,1.2,20241121
2024-11-22,4,0.6510289311408997,0.6521880626678467,0.6474398374557495,0.6510289311408997,0,1.2,20241122
2024-11-25,4,0.6539880037307739,0.6549302935600281,0.6487692594528198,0.6539880037307739,0,1.2,20241125
2024-11-26,4,0.646379828453064,0.6507099866867065,0.6435200572013855,0.646379828453064,0,1.2,20241126
2024-11-27,4,0.6475173830986023,0.6499398350715637,0.6465799808502197,0.6475173830986023,0,1.2,20241127
2024-11-28,4,0.6497219204902649,0.6509098410606384,0.6478487849235535,0.6497219204902649,0,1.2,20241128
2024-11-29,4,0.6507400274276733,0.6527100205421448,0.6497101187705994,0.6507400274276733,0,1.2,20241129
2024-12-02,4,0.650199294090271,0.651088297367096,0.6443602442741394,0.6502415537834167,0,1.2,20241202
2024-12-03,4,0.6475216150283813,0.6504598259925842,0.6457499861717224,0.6475300192832947,0,1.2,20241203
2024-12-04,4,0.6485298871994019,0.6490135192871094,0.6400901079177856,0.6485504508018494,0,1.2,20241204
2024-12-05,4,0.6431897878646851,0.6452999114990234,0.6422690153121948,0.6432936787605286,0,1.2,20241205
2024-12-06,4,0.6450197696685791,0.6450197696685791,0.6379601955413818,0.6449898481369019,0,1.2,20241206
2024-12-09,4,0.6397011280059814,0.6472001671791077,0.6380806565284729,0.639991819858551,0,1.2,20241209
2024-12-10,4,0.643728494644165,0.6439149975776672,0.636610209941864,0.643790602684021,0,1.2,20241210
2024-12-11,4,0.6375700831413269,0.6389409303665161,0.6337798237800598,0.6376001834869385,0,1.2,20241211
2024-12-12,4,0.6383201479911804,0.642937958240509,0.6368899345397949,0.6383902430534363,0,1.2,20241212
2024-12-13,4,0.6369199752807617,0.6383001804351807,0.6352400779724121,0.6375001668930054,0,1.2,20241213
2024-12-16,4,0.636829137802124,0.6384998559951782,0.6346506476402283,0.6367115378379822,0,1.2,20241216
2024-12-17,4,0.6376798748970032,0.6381002068519592,0.6333098411560059,0.6376400589942932,0,1.2,20241217
2024-12-18,4,0.6338300108909607,0.6340000629425049,0.6300299763679504,0.6341153979301453,0,1.2,20241218
2024-12-19,4,0.6208199262619019,0.6265311241149902,0.6201396584510803,0.6206199526786804,0,1.2,20241219
2024-12-20,4,0.6232999563217163,0.6267313361167908,0.6215399503707886,0.6233997941017151,0,1.2,20241220
2024-12-23,4,0.6254104375839233,0.6266056299209595,0.6219899654388428,0.6252892017364502,0,1.2,20241223
2024-12-24,4,0.6243799328804016,0.6249375343322754,0.6225099563598633,0.6244925856590271,0,1.2,20241224
2024-12-25,4,0.624000072479248,0.6647397875785828,0.6230141520500183,0.6239081621170044,0,1.2,20241225
2024-12-26,4,0.6245998740196228,0.6256002187728882,0.6216299533843994,0.6244574785232544,0,1.2,20241226
2024-12-27,4,0.6223704814910889,0.6226999163627625,0.6201300024986267,0.6223007440567017,0,1.2,20241227
2024-12-30,4,0.6224092245101929,0.6246599555015564,0.6203100681304932,0.6225099563598633,0,1.2,20241230
2024-12-31,4,0.6218600273132324,0.6232082843780518,0.6182200312614441,0.621999979019165,0,1.2,20241231
2025-01-02,4,0.6196001768112183,0.6222702264785767,0.6188808083534241,0.6194201707839966,0,1.2,20250102
2025-01-03,4,0.6201704144477844,0.6225215792655945,0.6198398470878601,0.6200800538063049,0,1.2,20250103
2025-01-06,4,0.6221188306808472,0.6301597952842712,0.6219485998153687,0.6220104694366455,0,1.2,20250106
2025-01-07,4,0.6238498091697693,0.6287501454353333,0.6237898468971252,0.623910129070282,0,1.2,20250107
2025-01-08,4,0.6234608292579651,0.6243000030517578,0.6188199520111084,0.6234919428825378,0,1.2,20250108
2025-01-09,4,0.6212183237075806,0.6213109493255615,0.6172999143600464,0.6211604475975037,0,1.2,20250109
2025-01-10,4,0.6192000508308411,0.6209001541137695,0.6141698956489563,0.6189700961112976,0,1.2,20250110
2025-01-13,4,0.6154186725616455,0.6164000630378723,0.6132298111915588,0.6154982447624207,0,1.2,20250113
2025-01-14,4,0.6190915107727051,0.6206800937652588,0.6168308854103088,0.6192100048065186,0,1.2,20250114
2025-01-15,4,0.6191298961639404,0.6246498227119446,0.6182001829147339,0.619160532951355,0,1.2,20250115
2025-01-16,4,0.6237136125564575,0.6242298483848572,0.6193699240684509,0.6235401034355164,0,1.2,20250116
2025-01-17,4,0.6209714412689209,0.6226498484611511,0.6165000200271606,0.6210300922393799,0,1.2,20250117
2025-01-20,4,0.6198282837867737,0.628550112247467,0.6197199821472168,0.6195403337478638,0,1.2,20250120
2025-01-21,4,0.6281201839447021,0.6288600564002991,0.6211299896240234,0.6281000375747681,0,1.2,20250121
2025-01-22,4,0.6263898015022278,0.6295698881149292,0.6254100203514099,0.6262015104293823,0,1.2,20250122
2025-01-23,4,0.6273682713508606,0.6293800473213196,0.6256002187728882,0.6275002360343933,0,1.2,20250123
2025-01-24,4,0.6283499002456665,0.6333001852035522,0.6279301047325134,0.6283262372016907,0,1.2,20250124
2025-01-27,4,0.6294097900390625,0.6306999325752258,0.627599835395813,0.6292909979820251,0,1.2,20250127
2025-01-28,4,0.6259400844573975,0.6275100111961365,0.6238380670547485,0.6263799667358398,0,1.2,20250128
2025-01-29,4,0.6252501010894775,0.6256999969482422,0.6210987567901611,0.6254573464393616,0,1.2,20250129
2025-01-30,4,0.6239315271377563,0.6245998740196228,0.6215801239013672,0.6239782571792603,0,1.2,20250130
2025-01-31,4,0.6214113235473633,0.6243498921394348,0.6206014752388,0.6215001940727234,0,1.2,20250131
2025-02-03,4,0.6142204403877258,0.6196516752243042,0.6088999509811401,0.614420473575592,0,1.2,20250203
2025-02-04,4,0.6218905448913574,0.6259702444076538,0.6171399354934692,0.6217397451400757,0,1.2,20250204
2025-02-05,4,0.6251484751701355,0.6296515464782715,0.6240499019622803,0.6251093745231628,0,1.2,20250205
2025-02-06,4,0.6286144852638245,0.6287999153137207,0.6255700588226318,0.6285473704338074,0,1.2,20250206
2025-02-07,4,0.6281801462173462,0.630099892616272,0.6259499192237854,0.6281801462173462,0,1.2,20250207
2025-02-10,4,0.6258918642997742,0.6288999915122986,0.6253087520599365,0.6258898973464966,0,1.2,20250210
2025-02-11,4,0.6271361708641052,0.6296800971031189,0.6261101961135864,0.6271283030509949,0,1.2,20250211
2025-02-12,4,0.629750669002533,0.630994439125061,0.6236898303031921,0.629830002784729,0,1.2,20250212
2025-02-13,4,0.6282788515090942,0.6303977966308594,0.6255199909210205,0.6282985806465149,0,1.2,20250213
2025-02-14,4,0.6317598223686218,0.6367399096488953,0.6311816573143005,0.6316919922828674,0,1.2,20250214
2025-02-17,4,0.6356390118598938,0.6377002000808716,0.6354289650917053,0.6356511116027832,0,1.2,20250217
2025-02-18,4,0.6359001398086548,0.6364999413490295,0.6337296366691589,0.6356107592582703,0,1.2,20250218
2025-02-19,4,0.6355000138282776,0.6369998455047607,0.6339100003242493,0.6353119015693665,0,1.2,20250219
2025-02-20,4,0.6341596245765686,0.6396998763084412,0.6329995393753052,0.6341274976730347,0,1.2,20250220
2025-02-21,4,0.6406149864196777,0.6407098174095154,0.6370700597763062,0.6404098868370056,0,1.2,20250221
2025-02-24,4,0.636930525302887,0.6391818523406982,0.6344799399375916,0.6370319724082947,0,1.2,20250224
2025-02-25,4,0.6339988112449646,0.6358087062835693,0.632629930973053,0.6338099837303162,0,1.2,20250225
2025-02-26,4,0.6351989507675171,0.63533616065979,0.6300299763679504,0.6352877020835876,0,1.2,20250226
2025-02-27,4,0.6308988928794861,0.6312999725341797,0.6250601410865784,0.6310780644416809,0,1.2,20250227
2025-02-28,4,0.6232587695121765,0.6238380670547485,0.6207594275474548,0.623219907283783,0,1.2,20250228
2025-03-03,4,0.6220182180404663,0.6251093745231628,0.6209213137626648,0.6220685243606567,0,1.2,20250303
2025-03-04,4,0.6216006278991699,0.6243701577186584,0.6188310384750366,0.6215812563896179,0,1.2,20250304
2025-03-05,4,0.6267784833908081,0.632151186466217,0.6235098242759705,0.6269985437393188,0,1.2,20250305
2025-03-06,4,0.6337497234344482,0.6360598802566528,0.6323590874671936,0.6338099837303162,0,1.2,20250306
2025-03-07,4,0.6331918835639954,0.633899986743927,0.6284399628639221,0.6332280039787292,0,1.2,20250307
2025-03-10,4,0.6302905082702637,0.6331117749214172,0.6301117539405823,0.6303898096084595,0,1.2,20250310
2025-03-11,4,0.6281012296676636,0.6297998428344727,0.6260799765586853,0.6279513835906982,0,1.2,20250311
2025-03-12,4,0.6296515464782715,0.632110059261322,0.6277499198913574,0.6295286417007446,0,1.2,20250312
2025-03-13,4,0.6329193711280823,0.6335999369621277,0.6269698739051819,0.6327592134475708,0,1.2,20250313
2025-03-14,4,0.6286619305610657,0.6328000426292419,0.6278882622718811,0.6287410259246826,0,1.2,20250314
2025-03-17,4,0.6325711011886597,0.6375924348831177,0.6321991682052612,0.6326191425323486,0,1.2,20250317
2025-03-18,4,0.6382395029067993,0.6391981840133667,0.6345100998878479,0.638198733329773,0,1.2,20250318
2025-03-19,4,0.6361606121063232,0.6369021534919739,0.6321899890899658,0.6361202001571655,0,1.2,20250319
2025-03-20,4,0.6363590359687805,0.6363914012908936,0.6272900104522705,0.6364116668701172,0,1.2,20250320
2025-03-21,4,0.630318284034729,0.6306999325752258,0.626049816608429,0.6303898096084595,0,1.2,20250321
2025-03-24,4,0.6288596391677856,0.6305170655250549,0.6272998452186584,0.6288319230079651,0,1.2,20250324
2025-03-25,4,0.6286817193031311,0.6325310468673706,0.6279099583625793,0.6285908222198486,0,1.2,20250325
2025-03-26,4,0.6307998299598694,0.63319993019104,0.6283380389213562,0.6309000849723816,0,1.2,20250326
2025-03-27,4,0.6286698579788208,0.6321000456809998,0.6286698579788208,0.6287015080451965,0,1.2,20250327
2025-03-28,4,0.630099892616272,0.6311800479888916,0.6281201839447021,0.6301594376564026,0,1.2,20250328
2025-03-31,4,0.6282511949539185,0.6300402879714966,0.6219199299812317,0.6282907128334045,0,1.2,20250331
2025-04-01,4,0.6240405440330505,0.6282393336296082,0.6232599020004272,0.6241885423660278,0,1.2,20250401
2025-04-02,4,0.628871500492096,0.6317119598388672,0.6273497939109802,0.6289584636688232,0,1.2,20250402
2025-04-03,4,0.6264094114303589,0.6386797428131104,0.6257798671722412,0.6264698505401611,0,1.2,20250403
2025-04-04,4,0.6326391100883484,0.6331518292427063,0.6014784574508667,0.6323510408401489,0,1.2,20250404
2025-04-07,4,0.5997001528739929,0.6114099025726318,0.5959084630012512,0.5987701416015625,0,1.2,20250407
2025-04-08,4,0.5992617011070251,0.6084401607513428,0.5983298420906067,0.5997613072395325,0,1.2,20250408
2025-04-09,4,0.5955000519752502,0.6058601140975952,0.5923082828521729,0.595528781414032,0,1.2,20250409
2025-04-10,4,0.613700270652771,0.6248399019241333,0.6118700504302979,0.6133614778518677,0,1.2,20250410
2025-04-11,4,0.6224712133407593,0.6284881234169006,0.6182101368904114,0.6223394870758057,0,1.2,20250411
2025-04-14,4,0.6306001543998718,0.6345000863075256,0.6277901530265808,0.6301316618919373,0,1.2,20250414
2025-04-15,4,0.631931483745575,0.638239860534668,0.631931483745575,0.631991446018219,0,1.2,20250415
2025-04-16,4,0.633899986743927,0.6390715837478638,0.63319993019104,0.6337898373603821,0,1.2,20250416
2025-04-17,4,0.636971116065979,0.6390899419784546,0.6334301829338074,0.6372998952865601,0,1.2,20250417
2025-04-22,4,0.6421411633491516,0.6440999507904053,0.6378498673439026,0.6421988606452942,0,1.2,20250422
2025-04-23,4,0.637738823890686,0.6428883671760559,0.6372698545455933,0.6376200914382935,0,1.2,20250423
2025-04-24,4,0.6363387703895569,0.6405998468399048,0.6345000863075256,0.6365291476249695,0,1.2,20250424
2025-04-25,4,0.6401679515838623,0.6418197154998779,0.6375200748443604,0.6403483152389526,0,1.2,20250425
2025-04-28,4,0.6382313370704651,0.6429793238639832,0.6368798017501831,0.63840651512146,0,1.2,20250428
2025-04-29,4,0.6428305506706238,0.6448800563812256,0.6376599669456482,0.6428800821304321,0,1.2,20250429
2025-04-30,4,0.6388959884643555,0.641889750957489,0.6357400417327881,0.6386919617652893,0,1.2,20250430
2025-05-01,4,0.6411818265914917,0.6426280736923218,0.6368201971054077,0.6413093209266663,0,1.2,20250501
2025-05-02,4,0.6385899782180786,0.6469799280166626,0.6383617520332336,0.6386797428131104,0,1.2,20250502
2025-05-05,4,0.6444586515426636,0.649399995803833,0.6435420513153076,0.644558310508728,0,1.2,20250505
2025-05-06,4,0.6461400985717773,0.6488500833511353,0.6438698172569275,0.6461409330368042,0,1.2,20250506
2025-05-07,4,0.6505199074745178,0.6510700583457947,0.6457099318504333,0.6506688594818115,0,1.2,20250507
2025-05-08,4,0.6431199312210083,0.6465210318565369,0.6403688788414001,0.6434799432754517,0,1.2,20250508
2025-05-09,4,0.6394597887992859,0.6430413126945496,0.6372998952865601,0.6392595171928406,0,1.2,20250509
2025-05-12,4,0.6419680118560791,0.6450406312942505,0.6365401148796082,0.642091691493988,0,1.2,20250512
2025-05-13,4,0.6373080015182495,0.6473706960678101,0.636241614818573,0.6371780633926392,0,1.2,20250513
2025-05-14,4,0.6473706960678101,0.6500999331474304,0.6438499093055725,0.6472617387771606,0,1.2,20250514
2025-05-15,4,0.6427602767944336,0.6454998850822449,0.6391818523406982,0.6428800821304321,0,1.2,20250515
2025-05-16,4,0.6404385566711426,0.6438001394271851,0.638879656791687,0.640578031539917,0,1.2,20250516
2025-05-19,4,0.6411998867988586,0.6464700698852539,0.6398898363113403,0.6410001516342163,0,1.2,20250519
2025-05-20,4,0.645599901676178,0.645599901676178,0.6392512917518616,0.6455819606781006,0,1.2,20250520
2025-05-21,4,0.642611563205719,0.6466506719589233,0.6423498392105103,0.6425999999046326,0,1.2,20250521
2025-05-22,4,0.6433309316635132,0.6458100080490112,0.6408100128173828,0.6433101892471313,0,1.2,20250522
2025-05-23,4,0.6410215497016907,0.6479101181030273,0.6409311294555664,0.6409804821014404,0,1.2,20250523
2025-05-26,4,0.6502500176429749,0.6537613868713379,0.6494518518447876,0.6501189470291138,0,1.2,20250526
2025-05-27,4,0.6480587720870972,0.6496999263763428,0.6435200572013855,0.6481007933616638,0,1.2,20250527
2025-05-28,4,0.6448201537132263,0.645599901676178,0.6410790681838989,0.6447120904922485,0,1.2,20250528
2025-05-29,4,0.6421782970428467,0.6461000442504883,0.6409299373626709,0.6425207257270813,0,1.2,20250529
2025-05-30,4,0.6444793939590454,0.6452487111091614,0.6408100128173828,0.6445998549461365,0,1.2,20250530
2025-06-02,4,0.644321620464325,0.6500297784805298,0.644321620464325,0.644321620464325,0,1.2,20250602
2025-06-03,4,0.6498992443084717,0.6499288082122803,0.6449299454689026,0.6498401165008545,0,1.2,20250603
2025-06-04,4,0.646508514881134,0.6504064798355103,0.6451700329780579,0.646608829498291,0,1.2,20250604
2025-06-05,4,0.649000883102417,0.6538999080657959,0.6486501693725586,0.6490682363510132,0,1.2,20250605
2025-06-06,4,0.6511306762695312,0.6518055200576782,0.6480200886726379,0.6510501503944397,0,1.2,20250606
2025-06-09,4,0.6499499678611755,0.6534299254417419,0.6494801044464111,0.6500217914581299,0,1.2,20250609
2025-06-10,4,0.6516500115394592,0.6532958745956421,0.6490998268127441,0.6518101692199707,0,1.2,20250610
2025-06-11,4,0.6528992056846619,0.6545102000236511,0.6498992443084717,0.6527202129364014,0,1.2,20250611
2025-06-12,4,0.65093994140625,0.6532899141311646,0.6477598547935486,0.6509501338005066,0,1.2,20250612
2025-06-13,4,0.6527500152587891,0.6527500152587891,0.645999014377594,0.6527999043464661,0,1.2,20250613
2025-06-16,4,0.6491188406944275,0.6554798483848572,0.6467301249504089,0.6499997973442078,0,1.2,20250616
2025-06-17,4,0.6512202024459839,0.6543988585472107,0.6503100991249084,0.6511001586914062,0,1.2,20250617
2025-06-18,4,0.6481200456619263,0.652400016784668,0.6478798985481262,0.6479797959327698,0,1.2,20250618
2025-06-19,4,0.6507502198219299,0.6510840654373169,0.6447299718856812,0.6507408618927002,0,1.2,20250619
2025-06-20,4,0.6486388444900513,0.6496037244796753,0.6452487111091614,0.6488786935806274,0,1.2,20250620
2025-06-23,4,0.6447203755378723,0.6447203755378723,0.6373498439788818,0.6446704864501953,0,1.2,20250623
2025-06-24,4,0.6480041146278381,0.6518309712409973,0.6472098231315613,0.6477800011634827,0,1.2,20250624
2025-06-25,4,0.6495100855827332,0.6510001420974731,0.6485698223114014,0.6495999097824097,0,1.2,20250625
2025-06-26,4,0.6520698666572571,0.6558998227119446,0.6511200666427612,0.6523114442825317,0,1.2,20250626
2025-06-27,4,0.6548101902008057,0.6563001871109009,0.65237957239151,0.654630184173584,0,1.2,20250627
2025-06-30,4,0.6533812284469604,0.6572288274765015,0.652400016784668,0.6533215045928955,0,1.2,20250630
2025-07-01,4,0.6576697826385498,0.6592826843261719,0.6557299494743347,0.6578081846237183,0,1.2,20250701
2025-07-02,4,0.6579899787902832,0.6585012674331665,0.6545016765594482,0.6583105325698853,0,1.2,20250702
2025-07-03,4,0.6583278179168701,0.6586999297142029,0.6538199782371521,0.6582901477813721,0,1.2,20250703
2025-07-04,4,0.6576598286628723,0.6579999327659607,0.654630184173584,0.6577298641204834,0,1.2,20250704
2025-07-07,4,0.6549302935600281,0.6552607417106628,0.6486800909042358,0.6551792025566101,0,1.2,20250707
2025-07-08,4,0.6507704854011536,0.6550289988517761,0.6507201194763184,0.6506096124649048,0,1.2,20250708
2025-07-09,4,0.6523880958557129,0.654741644859314,0.6511391401290894,0.6524518728256226,0,1.2,20250709
2025-07-10,4,0.6536118388175964,0.6572893261909485,0.653488039970398,0.6535905003547668,0,1.2,20250710
2025-07-11,4,0.6593696475028992,0.6593783497810364,0.6557807326316833,0.6594000458717346,0,1.2,20250711
2025-07-14,4,0.6578384637832642,0.6588999629020691,0.6548900008201599,0.6578081846237183,0,1.2,20250714
2025-07-15,4,0.6544117331504822,0.6574795246124268,0.65093994140625,0.6544716358184814,0,1.2,20250715
2025-07-16,4,0.6521497964859009,0.6551401019096375,0.6495910882949829,0.651898980140686,0,1.2,20250716
2025-07-17,4,0.6523412466049194,0.6523412466049194,0.6455903053283691,0.6525000333786011,0,1.2,20250717
2025-07-18,4,0.6498485803604126,0.6540693044662476,0.6497092843055725,0.649819016456604,0,1.2,20250718
2025-07-21,4,0.6512494683265686,0.6538297533988953,0.6498600244522095,0.6512112617492676,0,1.2,20250721
2025-07-22,4,0.6528011560440063,0.6555700302124023,0.6504801511764526,0.6528096795082092,0,1.2,20250722
2025-07-23,4,0.6554282307624817,0.6600616574287415,0.6551019549369812,0.6554712057113647,0,1.2,20250723
2025-07-24,4,0.660300076007843,0.6625149250030518,0.6597219705581665,0.6603999137878418,0,1.2,20250724
2025-07-25,4,0.6595609784126282,0.6599000692367554,0.6553298830986023,0.6597176194190979,0,1.2,20250725
2025-07-28,4,0.6572893261909485,0.6586999297142029,0.6516301035881042,0.6572980284690857,0,1.2,20250728
2025-07-29,4,0.6520605087280273,0.6529998183250427,0.6496400237083435,0.6524008512496948,0,1.2,20250729
2025-07-30,4,0.6515209674835205,0.6529098749160767,0.6449199318885803,0.651321530342102,0,1.2,20250730
2025-07-31,4,0.6445707678794861,0.647731363773346,0.6428598165512085,0.6447120904922485,0,1.2,20250731
2025-08-01,4,0.6428201794624329,0.6493000388145447,0.6419498920440674,0.6429089903831482,0,1.2,20250801
2025-08-04,4,0.6470105051994324,0.6489999890327454,0.646320104598999,0.6469100117683411,0,1.2,20250804
2025-08-05,4,0.6475006341934204,0.6479285359382629,0.6450901031494141,0.6474796533584595,0,1.2,20250805
2025-08-06,4,0.6472408175468445,0.6508086323738098,0.6472001671791077,0.6472994685173035,0,1.2,20250806
2025-08-07,4,0.649971067905426,0.653949499130249,0.649241030216217,0.6500217914581299,0,1.2,20250807
2025-08-08,4,0.6525583267211914,0.6535998582839966,0.6512197256088257,0.6525711417198181,0,1.2,20250808
2025-08-11,4,0.6516993045806885,0.653082549571991,0.6501781344413757,0.6517715454101562,0,1.2,20250811
2025-08-12,4,0.6514700651168823,0.6540179252624512,0.6482200622558594,0.6514403223991394,0,1.2,20250812
2025-08-13,4,0.6530399322509766,0.6565126180648804,0.6517099142074585,0.6529802083969116,0,1.2,20250813
2025-08-14,4,0.655131995677948,0.6567898392677307,0.6486300230026245,0.6551706194877625,0,1.2,20250814
2025-08-15,4,0.6498317122459412,0.6523000001907349,0.6488198041915894,0.6497514843940735,0,1.2,20250815
2025-08-18,4,0.6512578725814819,0.6525000333786011,0.6482200622558594,0.651296079158783,0,1.2,20250818
2025-08-19,4,0.6495488882064819,0.6499997973442078,0.6458901166915894,0.6494801044464111,0,1.2,20250819
2025-08-20,4,0.6454598307609558,0.6454998850822449,0.6424299478530884,0.6454598307609558,0,1.2,20250820
2025-08-21,4,0.643569827079773,0.6438001394271851,0.6415001749992371,0.6436100006103516,0,1.2,20250821
2025-08-22,4,0.6426098942756653,0.6500099897384644,0.6415598392486572,0.6425496339797974,0,1.2,20250822
2025-08-25,4,0.6485900282859802,0.6507027745246887,0.6472198367118835,0.6484898924827576,0,1.2,20250825
2025-08-26,4,0.6481805443763733,0.6498700976371765,0.6471486687660217,0.6481099724769592,0,1.2,20250826
2025-08-27,4,0.6495898365974426,0.6503896117210388,0.6462900042533875,0.6495801210403442,0,1.2,20250827
2025-08-28,4,0.6512401103973389,0.6533902287483215,0.6506498456001282,0.6511399745941162,0,1.2,20250828
2025-08-29,4,0.6531299352645874,0.6548501253128052,0.6524301767349243,0.6532399654388428,0,1.2,20250829
2025-09-01,4,0.6544001698493958,0.6560999751091003,0.6535601615905762,0.6543598771095276,0,1.2,20250901
2025-09-02,4,0.6557501554489136,0.6558800339698792,0.6484701633453369,0.6556801199913025,0,1.2,20250902
2025-09-03,4,0.6519299745559692,0.6550500392913818,0.6503299474716187,0.6518301367759705,0,1.2,20250903
2025-09-04,4,0.6545500755310059,0.655007541179657,0.6502200365066528,0.6544399857521057,0,1.2,20250904
2025-09-05,4,0.6522302031517029,0.6588999629020691,0.6520698666572571,0.6521999835968018,0,1.2,20250905
2025-09-08,4,0.6553698182106018,0.6598700284957886,0.654910147190094,0.655450165271759,0,1.2,20250908
2025-09-09,4,0.6597998738288879,0.6621999144554138,0.6585901975631714,0.6598090529441833,0,1.2,20250909
2025-09-10,4,0.6585879921913147,0.663702130317688,0.6580800414085388,0.6584700345993042,0,1.2,20250910
2025-09-11,4,0.6618400812149048,0.665860116481781,0.659991979598999,0.6619316339492798,0,1.2,20250911
2025-09-12,4,0.6665600538253784,0.6668698787689209,0.6631599068641663,0.6668000221252441,0,1.2,20250912
2025-09-15,4,0.665029764175415,0.6671701669692993,0.6645299792289734,0.6648998260498047,0,1.2,20250915
2025-09-16,4,0.6672801375389099,0.6677698493003845,0.6660498976707458,0.6673001646995544,0,1.2,20250916
2025-09-17,4,0.6688900589942932,0.6692096590995789,0.6664600372314453,0.6688998937606812,0,1.2,20250917
2025-09-18,4,0.6651598811149597,0.6659784913063049,0.6608598828315735,0.6652501225471497,0,1.2,20250918
2025-09-19,4,0.6617801189422607,0.6620998978614807,0.6586899161338806,0.6617901921272278,0,1.2,20250919
2025-09-22,4,0.6588600277900696,0.6599997878074646,0.6575698256492615,0.6589308381080627,0,1.2,20250922
2025-09-23,4,0.6601701378822327,0.6614898443222046,0.6581601500511169,0.660199761390686,0,1.2,20250923
2025-09-24,4,0.6599701642990112,0.6627001762390137,0.6584700345993042,0.6597799062728882,0,1.2,20250924
2025-09-25,4,0.6587198972702026,0.6604147553443909,0.6543701887130737,0.6586921215057373,0,1.2,20250925
2025-09-26,4,0.6536998748779297,0.6548501253128052,0.6521497964859009,0.6537314653396606,0,1.2,20250926
2025-09-29,4,0.6550998091697693,0.6581112146377563,0.6548599600791931,0.6553998589515686,0,1.2,20250929
2025-09-30,4,0.6578198671340942,0.6629000902175903,0.6571899652481079,0.6581978797912598,0,1.2,20250930
2025-10-01,4,0.6610700488090515,0.6629980802536011,0.6589699387550354,0.6610700488090515,0,1.2,20251001
2025-10-02,4,0.6615594029426575,0.6627001762390137,0.6578099131584167,0.6615498065948486,0,1.2,20251002
2025-10-03,4,0.6598900556564331,0.6614894270896912,0.6589399576187134,0.6598090529441833,0,1.2,20251003
2025-10-06,4,0.6593700647354126,0.6621201038360596,0.6591202020645142,0.6593101024627686,0,1.2,20251006
2025-10-07,4,0.6616701483726501,0.6624499559402466,0.6582497954368591,0.6616500020027161,0,1.2,20251007
2025-10-08,4,0.6579899787902832,0.6588301062583923,0.6557398438453674,0.6580505967140198,0,1.2,20251008
2025-10-09,4,0.6584301590919495,0.6611133217811584,0.6547116041183472,0.6584500670433044,0,1.2,20251009
2025-10-10,4,0.6561098694801331,0.657418966293335,0.6484898924827576,0.6561291813850403,0,1.2,20251010
2025-10-13,4,0.6498992443084717,0.6532498002052307,0.6498700976371765,0.6498401165008545,0,1.2,20251013
2025-10-14,4,0.6513800621032715,0.6520987749099731,0.644119918346405,0.651159942150116,0,1.2,20251014
2025-10-15,4,0.6489701271057129,0.6523000001907349,0.6487099528312683,0.6491301655769348,0,1.2,20251015
2025-10-16,4,0.6506701707839966,0.6516186594963074,0.6482688188552856,0.6508001685142517,0,1.2,20251016
2025-10-17,4,0.6480881571769714,0.6502200365066528,0.6445499658584595,0.64823979139328,0,1.2,20251017
2025-10-20,4,0.6500501036643982,0.6520392298698425,0.6485900282859802,0.6501701474189758,0,1.2,20251020
2025-10-21,4,0.6515901684761047,0.652529776096344,0.6474398374557495,0.6516313552856445,0,1.2,20251021
2025-10-22,4,0.6492916345596313,0.6511900424957275,0.648280143737793,0.6491904854774475,0,1.2,20251022
2025-10-23,4,0.648669958114624,0.6517205238342285,0.6479499936103821,0.6489999890327454,0,1.2,20251023
2025-10-24,4,0.6514798402786255,0.6528608202934265,0.6493700742721558,0.6514798402786255,0,1.2,20251024
2025-10-27,4,0.6533799767494202,0.6560001373291016,0.6529401540756226,0.653398334980011,0,1.2,20251027
2025-10-28,4,0.655720055103302,0.6584301590919495,0.6545200943946838,0.6558598279953003,0,1.2,20251028
2025-10-29,4,0.6584600806236267,0.6617498397827148,0.6579098701477051,0.6585099697113037,0,1.2,20251029
2025-10-30,4,0.6577601432800293,0.6597298383712769,0.6533902287483215,0.657680094242096,0,1.2,20251030
2025-10-31,4,0.6559798717498779,0.6560819149017334,0.6533799767494202,0.6559299826622009,0,1.2,20251031
2025-11-03,4,0.654600203037262,0.6562398672103882,0.6517999768257141,0.6545702219009399,0,1.2,20251103
2025-11-04,4,0.6536498665809631,0.6538999080657959,0.6481700539588928,0.6541078090667725,0,1.2,20251104
2025-11-05,4,0.6485294699668884,0.6512998938560486,0.6459301710128784,0.6485601663589478,0,1.2,20251105
2025-11-06,4,0.6509700417518616,0.6517885327339172,0.646379828453064,0.6509907841682434,0,1.2,20251106
2025-11-07,4,0.6482599973678589,0.6491820216178894,0.6467999815940857,0.6483898758888245,0,1.2,20251107
2025-11-10,4,0.6501198410987854,0.6539199948310852,0.6496801376342773,0.650239884853363,0,1.2,20251110
2025-11-11,4,0.6533902287483215,0.6538101434707642,0.651529848575592,0.653488039970398,0,1.2,20251111
2025-11-12,4,0.6529119610786438,0.6544930934906006,0.6516597867012024,0.6529499292373657,0,1.2,20251112
2025-11-13,4,0.6536802053451538,0.6580297946929932,0.6533500552177429,0.6536400318145752,0,1.2,20251113
2025-11-14,4,0.6526899933815002,0.6551997661590576,0.6504995822906494,0.6529000401496887,0,1.2,20251114
2025-11-17,4,0.6532498002052307,0.6538084149360657,0.6500999331474304,0.6533001661300659,0,1.2,20251117
2025-11-18,4,0.6492916345596313,0.6512099504470825,0.6465197801589966,0.6492701172828674,0,1.2,20251118
2025-11-19,4,0.6512112617492676,0.6512112617492676,0.6459898352622986,0.6509018540382385,0,1.2,20251119
2025-11-20,4,0.6489798426628113,0.6502098441123962,0.6447100043296814,0.649000883102417,0,1.2,20251120
2025-11-21,4,0.6448900103569031,0.6459001302719116,0.6421601176261902,0.6449499130249023,0,1.2,20251121
2025-11-24,4,0.6462411284446716,0.6467999815940857,0.6443299055099487,0.6462398767471313,0,1.2,20251124
2025-11-25,4,0.6467886567115784,0.6468999981880188,0.643730103969574,0.6465799808502197,0,1.2,20251125
2025-11-26,4,0.6471201777458191,0.6517999768257141,0.647010087966919,0.6470301151275635,0,1.2,20251126
2025-11-27,4,0.6523702144622803,0.6540094017982483,0.6521897912025452,0.6524859666824341,0,1.2,20251127
2025-11-28,4,0.6536200046539307,0.6559699773788452,0.6521098613739014,0.653579831123352,0,1.2,20251128
2025-12-01,4,0.655180037021637,0.656814455986023,0.6537998914718628,0.6551298499107361,0,1.2,20251201
2025-12-02,4,0.6542490124702454,0.6571165323257446,0.6539401412010193,0.6544001698493958,0,1.2,20251202
2025-12-03,4,0.6573800444602966,0.660099983215332,0.6555498242378235,0.6573700904846191,0,1.2,20251203
2025-12-04,4,0.6604496240615845,0.6623802185058594,0.6602799892425537,0.6605019569396973,0,1.2,20251204
2025-12-05,4,0.6607419848442078,0.6648799180984497,0.6607101559638977,0.660641610622406,0,1.2,20251205
2025-12-08,4,0.6635788679122925,0.6650001406669617,0.6614999175071716,0.6635400652885437,0,1.2,20251208
2025-12-09,4,0.6627199649810791,0.6654002070426941,0.6615301370620728,0.6627300977706909,0,1.2,20251209
2025-12-10,4,0.66398024559021,0.6653900146484375,0.662919819355011,0.6640987992286682,0,1.2,20251210
2025-12-11,4,0.6673798561096191,0.6679134368896484,0.6628099679946899,0.6674498319625854,0,1.2,20251211
2025-12-12,4,0.6662598252296448,0.6678001284599304,0.6634102463722229,0.6665000319480896,0,1.2,20251212
2025-12-15,4,0.6647698879241943,0.665630042552948,0.6638598442077637,0.6647300720214844,0,1.2,20251215
2025-12-16,4,0.6641799807548523,0.6658400893211365,0.6619316339492798,0.6641799807548523,0,1.2,20251216
2025-12-17,4,0.6632900834083557,0.66361403465271,0.6604889035224915,0.6634001135826111,0,1.2,20251217
2025-12-18,4,0.6602839231491089,0.6630398035049438,0.6593000888824463,0.6601501107215881,0,1.2,20251218
2025-12-19,4,0.6613800525665283,0.6624701023101807,0.6600698828697205,0.6613800525665283,0,1.2,20251219
2025-12-22,4,0.6612698435783386,0.6659997701644897,0.6612199544906616,0.6610198020935059,0,1.2,20251222
2025-12-23,4,0.6657798886299133,0.6700198650360107,0.665630042552948,0.6658400893211365,0,1.2,20251223
2025-12-24,4,0.6702898144721985,0.6720001101493835,0.6698417067527771,0.6701900959014893,0,1.2,20251224
2025-12-26,4,0.6705289483070374,0.6727999448776245,0.6697699427604675,0.6705604195594788,0,1.2,20251226
2025-12-29,4,0.671599805355072,0.6728116869926453,0.6683499813079834,0.6714099645614624,0,1.2,20251229
2025-12-30,4,0.6695098280906677,0.6719075441360474,0.6688198447227478,0.6695501804351807,0,1.2,20251230
2025-12-31,4,0.6696600914001465,0.6701999306678772,0.6661501526832581,0.6697999835014343,0,1.2,20251231
2026-01-02,4,0.6678500771522522,0.6709157824516296,0.6677399277687073,0.6678299903869629,0,1.2,20260102
2026-01-05,4,0.6684702038764954,0.6719978451728821,0.6665000319480896,0.6683902144432068,0,1.2,20260105
2026-01-06,4,0.6713888049125671,0.6739316582679749,0.6704201698303223,0.6713401079177856,0,1.2,20260106
2026-01-07,4,0.6735684871673584,0.6768001914024353,0.6718398332595825,0.6737000942230225,0,1.2,20260107
2026-01-08,4,0.672241747379303,0.672569990158081,0.6682597994804382,0.672210156917572,0,1.2,20260108
2026-01-09,4,0.6698300838470459,0.6703001260757446,0.6664800643920898,0.6701065301895142,0,1.2,20260109
2026-01-12,4,0.6685922145843506,0.6723141074180603,0.668420135974884,0.6685801148414612,0,1.2,20260112
2026-01-13,4,0.6708199381828308,0.6724994778633118,0.6673998832702637,0.6707807779312134,0,1.2,20260113
2026-01-14,4,0.6683098077774048,0.6705001592636108,0.6675999760627747,0.6683598756790161,0,1.2,20260114
2026-01-15,4,0.6681700944900513,0.6709901094436646,0.6668400764465332,0.6682798862457275,0,1.2,20260115
2026-01-16,4,0.670286238193512,0.6710057854652405,0.6671799421310425,0.6704210042953491,0,1.2,20260116
2026-01-19,4,0.6688600778579712,0.6718172430992126,0.6678500771522522,0.6687598824501038,0,1.2,20260119
2026-01-20,4,0.6710689067840576,0.6747183203697205,0.6707101464271545,0.6709878444671631,0,1.2,20260120
2026-01-21,4,0.6732012033462524,0.6777501702308655,0.6728098392486572,0.6731699109077454,0,1.2,20260121
2026-01-22,4,0.6754702925682068,0.6838074326515198,0.6754702925682068,0.6754794120788574,0,1.2,20260122
2026-01-23,4,0.6839991807937622,0.688098669052124,0.6834797859191895,0.6840506792068481,0,1.2,20260123
2026-01-26,4,0.6912899613380432,0.6940998435020447,0.690779983997345,0.691399872303009,0,1.2,20260126
2026-01-27,4,0.6913382411003113,0.6983240246772766,0.690231204032898,0.691472053527832,0,1.2,20260127
2026-01-28,4,0.6996397376060486,0.7020997405052185,0.697759747505188,0.6995800137519836,0,1.2,20260128
2026-01-29,4,0.703937828540802,0.7093999981880188,0.6972100138664246,0.7039799094200134,0,1.2,20260129
2026-01-30,4,0.7048999667167664,0.7055171132087708,0.6969097852706909,0.7047300934791565,0,1.2,20260130
2026-02-02,4,0.6948497891426086,0.6970924139022827,0.6910181641578674,0.6946277618408203,0,1.2,20260202
2026-02-03,4,0.6958801746368408,0.7049998641014099,0.6956812143325806,0.6955500841140747,0,1.2,20260203
2026-02-04,4,0.7021288871765137,0.7042198777198792,0.6981499791145325,0.7022520899772644,0,1.2,20260204
2026-02-05,4,0.6995198726654053,0.7008199691772461,0.6942197680473328,0.699440062046051,0,1.2,20260205
2026-02-06,4,0.6915500164031982,0.7020007371902466,0.6897897720336914,0.6916399002075195,0,1.2,20260206
2026-02-09,4,0.7034723162651062,0.709149956703186,0.7014698386192322,0.7033699154853821,0,1.2,20260209
2026-02-10,4,0.7084701657295227,0.7092998623847961,0.7065000534057617,0.7083597779273987,0,1.2,20260210
2026-02-11,4,0.7073901295661926,0.7135899662971497,0.7073901295661926,0.7074797749519348,0,1.2,20260211
2026-02-12,4,0.7124699354171753,0.7147298455238342,0.7087001800537109,0.7125298380851746,0,1.2,20260212
2026-02-13,4,0.7087298035621643,0.7096999883651733,0.7045498490333557,0.7087101936340332,0,1.2,20260213
2026-02-16,4,0.7070286273956299,0.7096476554870605,0.7068701386451721,0.7070400714874268,0,1.2,20260216
2026-02-17,4,0.7074001431465149,0.7076299786567688,0.7030000686645508,0.7072985768318176,0,1.2,20260217
2026-02-18,4,0.7083502411842346,0.7086167335510254,0.7052186131477356,0.708320140838623,0,1.2,20260218
2026-02-19,4,0.7044098973274231,0.7080999612808228,0.7028394937515259,0.704379141330719,0,1.2,20260219
2026-02-20,4,0.7056799530982971,0.7090101838111877,0.7016707062721252,0.7056102752685547,0,1.2,20260220
2026-02-23,4,0.7107800245285034,0.7107901573181152,0.7049899101257324,0.7111399173736572,0,1.2,20260223
2026-02-24,4,0.7060800194740295,0.7073501348495483,0.7027500867843628,0.706070065498352,0,1.2,20260224
2026-02-25,4,0.7058901786804199,0.7117002010345459,0.7057900428771973,0.7060999870300293,0,1.2,20260225
2026-02-26,4,0.7120001912117004,0.7137249112129211,0.7069686055183411,0.7120498418807983,0,1.2,20260226
2026-02-27,4,0.7103100419044495,0.7132998704910278,0.7086700201034546,0.71017986536026,0,1.2,20260227
2026-03-02,4,0.7058010101318359,0.7117002010345459,0.7045598030090332,0.7058109045028687,0,1.2,20260302
2026-03-03,4,0.7101717591285706,0.7122502326965332,0.694550096988678,0.710580050945282,0,1.2,20260303
2026-03-04,4,0.7038684487342834,0.7075598239898682,0.6986899971961975,0.7040701508522034,0,1.2,20260304
2026-03-05,4,0.7073701620101929,0.7088498473167419,0.6985001564025879,0.7075998783111572,0,1.2,20260305
2026-03-06,4,0.7009299993515015,0.7047101855278015,0.6978698372840881,0.7011299729347229,0,1.2,20260306
2026-03-09,4,0.6968786716461182,0.7048498392105103,0.6956908702850342,0.6966199278831482,0,1.2,20260309
2026-03-10,4,0.706669807434082,0.7153300642967224,0.705390214920044,0.7068586349487305,0,1.2,20260310
2026-03-11,4,0.7121898531913757,0.7184578776359558,0.7118704319000244,0.712100088596344,0,1.2,20260311
2026-03-12,4,0.7128300070762634,0.7161097526550293,0.7073701620101929,0.7129209637641907,0,1.2,20260312
2026-03-13,4,0.7076299786567688,0.7093204259872437,0.7003399133682251,0.7075298428535461,0,1.2,20260313
2026-03-16,4,0.700790524482727,0.7075799107551575,0.6997900605201721,0.7005700469017029,0,1.2,20260316
2026-03-17,4,0.7069001197814941,0.7118998169898987,0.7050694227218628,0.706848680973053,0,1.2,20260317
2026-03-18,4,0.7108199596405029,0.7122897505760193,0.7048398852348328,0.710909903049469,0,1.2,20260318
2026-03-19,4,0.7029101252555847,0.7062501311302185,0.7000800967216492,0.7029501795768738,0,1.2,20260319
2026-03-20,4,0.7080999612808228,0.7097080945968628,0.7027900815010071,0.708109974861145,0,1.2,20260320
2026-03-23,4,0.7012101411819458,0.7059001326560974,0.6911499500274658,0.7007802128791809,0,1.2,20260323
2026-03-24,4,0.700799822807312,0.7011698484420776,0.6946200132369995,0.7006098031997681,0,1.2,20260324
2026-03-25,4,0.6997998356819153,0.7004762887954712,0.6947402358055115,0.6996901631355286,0,1.2,20260325
2026-03-26,4,0.6944299936294556,0.695709764957428,0.690240204334259,0.6942901611328125,0,1.2,20260326
2026-03-27,4,0.6888299584388733,0.6911499500274658,0.6872701048851013,0.6887398958206177,0,1.2,20260327
2026-03-30,4,0.6849080324172974,0.6875215172767639,0.6834200620651245,0.6850901246070862,0,1.2,20260330
2026-03-31,4,0.6846201419830322,0.6888299584388733,0.6835200190544128,0.6845901012420654,0,1.2,20260331
2026-04-01,4,0.6917399764060974,0.6962299942970276,0.6900501847267151,0.692051112651825,0,1.2,20260401
2026-04-02,4,0.6923601627349854,0.6935202479362488,0.6860898733139038,0.6923999190330505,0,1.2,20260402
2026-04-03,4,0.691399872303009,0.6919098496437073,0.6891599297523499,0.6911499500274658,0,1.2,20260403
2026-04-06,4,0.6887801885604858,0.6937001347541809,0.6887801885604858,0.6885501742362976,0,1.2,20260406
2026-04-07,4,0.6915299296379089,0.695129930973053,0.6899216175079346,0.6916901469230652,0,1.2,20260407
2026-04-08,4,0.7078698873519897,0.708320140838623,0.7034178972244263,0.707679033279419,0,1.2,20260408
2026-04-09,4,0.7038798928260803,0.7086097598075867,0.702299952507019,0.703937828540802,0,1.2,20260409
2026-04-10,4,0.7075598239898682,0.7093199491500854,0.7054300308227539,0.7075698375701904,0,1.2,20260410
2026-04-13,4,0.7020002603530884,0.7068301439285278,0.7017400860786438,0.7019898295402527,0,1.2,20260413
2026-04-14,4,0.7096375823020935,0.7148100733757019,0.7078002691268921,0.7099298238754272,0,1.2,20260414
2026-04-15,4,0.7129998207092285,0.7166501879692078,0.7122897505760193,0.7129300832748413,0,1.2,20260415
2026-04-16,4,0.7175397276878357,0.7196600437164307,0.7161497473716736,0.7175799012184143,0,1.2,20260416
2026-04-17,4,0.7158001661300659,0.7221598625183105,0.7154800295829773,0.7159000635147095,0,1.2,20260417
2026-04-20,4,0.7134998440742493,0.7178998589515686,0.7133889198303223,0.7134998440742493,0,1.2,20260420
2026-04-21,4,0.7175500392913818,0.7184202075004578,0.714459240436554,0.7174198627471924,0,1.2,20260421
2026-04-22,4,0.7157699465751648,0.7177998423576355,0.7147099375724792,0.7156198024749756,0,1.2,20260422
2026-04-23,4,0.7156699895858765,0.7165700197219849,0.7134097814559937,0.7158001661300659,0,1.2,20260423
2026-04-24,4,0.7131701111793518,0.7155399322509766,0.7115599513053894,0.7129616141319275,0,1.2,20260424
2026-04-27,4,0.7142897844314575,0.7202016711235046,0.7142897844314575,0.7143500447273254,0,1.2,20260427
2026-04-28,4,0.7190400958061218,0.7195000648498535,0.7152206301689148,0.7190897464752197,0,1.2,20260428
2026-04-29,4,0.7189201712608337,0.7191998958587646,0.7121300101280212,0.7187212109565735,0,1.2,20260429
2026-04-30,4,0.7130124568939209,0.7190799117088318,0.7110600471496582,0.7131141424179077,0,1.2,20260430
2026-05-01,4,0.7200300097465515,0.7227198481559753,0.7184697389602661,0.720079779624939,0,1.2,20260501
2026-05-04,4,0.7209805250167847,0.721700131893158,0.7163200974464417,0.7212925553321838,0,1.2,20260504
2026-05-05,4,0.7167497873306274,0.719750165939331,0.713630199432373,0.7167482376098633,0,1.2,20260505
2026-05-06,4,0.7203500270843506,0.7277384996414185,0.7203500270843506,0.7203900218009949,0,1.2,20260506
2026-05-07,4,0.7235397696495056,0.7265002727508545,0.7232901453971863,0.7235099673271179,0,1.2,20260507
2026-05-08,4,0.7208698391914368,0.724879801273346,0.7201399803161621,0.7208600044250488,0,1.2,20260508
2026-05-11,4,0.7234424352645874,0.7262164354324341,0.7225897908210754,0.7236999869346619,0,1.2,20260511
2026-05-12,4,0.7241402268409729,0.7243998646736145,0.721010148525238,0.7246218919754028,0,1.2,20260512
2026-05-13,4,0.7239399552345276,0.7271098494529724,0.7231902480125427,0.7237801551818848,0,1.2,20260513
2026-05-14,4,0.7254498600959778,0.72639000415802,0.7220800518989563,0.7254998683929443,0,1.2,20260514
2026-05-15,4,0.721700131893158,0.7219001650810242,0.7141000032424927,0.7214298844337463,0,1.2,20260515
2026-05-18,4,0.7129200100898743,0.718329906463623,0.712009847164154,0.7130200862884521,0,1.2,20260518
2026-05-19,4,0.7170900106430054,0.7170900106430054,0.7080202102661133,0.7172901630401611,0,1.2,20260519
2026-05-20,4,0.7102898359298706,0.717130184173584,0.7088101506233215,0.7106598019599915,0,1.2,20260520
2026-05-21,4,0.7149598598480225,0.7158196568489075,0.7101113200187683,0.7150007486343384,0,1.2,20260521
2026-05-22,4,0.7145301699638367,0.7147298455238342,0.7117401957511902,0.7148299813270569,0,1.2,20260522
2026-05-25,4,0.7157499194145203,0.71809983253479,0.7153101563453674,0.7157202363014221,0,1.2,20260525
2026-05-26,4,0.7169100642204285,0.7176000475883484,0.7156597375869751,0.717029869556427,0,1.2,20260526
2026-05-27,4,0.7171697616577148,0.71809983253479,0.712410032749176,0.717079758644104,0,1.2,20260527
2026-05-28,4,0.7130887508392334,0.7161497473716736,0.7098698019981384,0.7133201360702515,0,1.2,20260528
2026-05-29,4,0.716400146484375,0.7200399041175842,0.7150702476501465,0.7164201736450195,0,1.2,20260529
2026-06-01,4,0.7179884910583496,0.7189998030662537,0.7135798335075378,0.7180498242378235,0,1.2,20260601
2026-06-02,4,0.7164801955223083,0.7187997698783875,0.7153699994087219,0.7164298892021179,0,1.2,20260602
2026-06-03,4,0.7173600792884827,0.7182875871658325,0.71368008852005,0.7174115777015686,0,1.2,20260603
2026-06-04,4,0.7133584022521973,0.714796245098114,0.7123202681541443,0.7134499549865723,0,1.2,20260604
2026-06-05,4,0.713110089302063,0.7144898176193237,0.7057501673698425,0.7132158875465393,0,1.2,20260605
2026-06-08,4,0.7043200731277466,0.7078002691268921,0.7035317420959473,0.7043498158454895,0,1.2,20260608
2026-06-09,4,0.7038402557373047,0.7072001099586487,0.7023014426231384,0.704049825668335,0,1.2,20260609
2026-06-10,4,0.7024396061897278,0.7036604881286621,0.6998600959777832,0.7023113369941711,0,1.2,20260610
2026-06-11,4,0.6997200846672058,0.701311469078064,0.6980100870132446,0.6994200348854065,0,1.2,20260611
2026-06-12,4,0.7045800685882568,0.7059404850006104,0.7021899819374084,0.7047901749610901,0,1.2,20260612
2026-06-15,4,0.7077100872993469,0.7089001536369324,0.7064900994300842,0.7075197696685791,0,1.2,20260615
2026-06-16,4,0.7073001265525818,0.7079144716262817,0.7042897939682007,0.7073001265525818,0,1.2,20260616
2026-06-17,4,0.706459105014801,0.7075998783111572,0.7054898142814636,0.7065500020980835,0,1.2,20260617
2026-06-18,4,0.7023211717605591,0.7042000889778137,0.700201690196991,0.7018499374389648,0,1.2,20260618
2026-06-19,4,0.7014398574829102,0.7023299932479858,0.6990001201629639,0.7013099789619446,0,1.2,20260619
2026-06-22,4,0.7002506852149963,0.7018799781799316,0.6994601488113403,0.7002899646759033,0,1.2,20260622
2026-06-23,4,0.6993197798728943,0.6993300318717957,0.6921598315238953,0.6994621157646179,0,1.2,20260623
2026-06-24,4,0.6918002367019653,0.6923999190330505,0.6884899735450745,0.6915600895881653,0,1.2,20260624
2026-06-25,4,0.6895999908447266,0.692110002040863,0.6887498497962952,0.6900001764297485,0,1.2,20260625
2026-06-26,4,0.6910849809646606,0.6918500065803528,0.6878525614738464,0.6902740597724915,0,1.2,20260626
2024-09-03,5,83.92729949951172,83.98509979248047,83.9000015258789,83.92729949951172,0,5.0,20240903
2024-09-04,5,83.95030212402344,84.0176010131836,83.93699645996094,83.95030212402344,0,5.0,20240904
2024-09-05,5,83.98249816894531,83.99079895019531,83.95700073242188,83.98249816894531,0,5.0,20240905
2024-09-06,5,83.98359680175781,83.98770141601562,83.90609741210938,83.98359680175781,0,5.0,20240906
2024-09-09,5,83.98259735107422,83.98259735107422,83.92939758300781,83.98259735107422,0,5.0,20240909
2024-09-10,5,83.98090362548828,84.1946029663086,83.94499969482422,83.98090362548828,0,5.0,20240910
2024-09-11,5,83.98200225830078,84.12030029296875,83.92900085449219,83.98200225830078,0,5.0,20240911
2024-09-12,5,83.99259948730469,83.99359893798828,83.90299987792969,83.99259948730469,0,5.0,20240912
2024-09-13,5,83.93479919433594,84.02529907226562,83.8550033569336,83.93479919433594,0,5.0,20240913
2024-09-16,5,83.88480377197266,83.91490173339844,83.839599609375,83.88480377197266,0,5.0,20240916
2024-09-17,5,83.88400268554688,83.90760040283203,83.70490264892578,83.88400268554688,0,5.0,20240917
2024-09-18,5,83.77059936523438,83.8676986694336,83.6593017578125,83.77059936523438,0,5.0,20240918
2024-09-19,5,83.69170379638672,83.7645034790039,83.56500244140625,83.69170379638672,0,5.0,20240919
2024-09-20,5,83.61470031738281,83.62740325927734,83.47339630126953,83.61470031738281,0,5.0,20240920
2024-09-23,5,83.48709869384766,83.67379760742188,83.4634017944336,83.48709869384766,0,5.0,20240923
2024-09-24,5,83.55960083007812,83.77130126953125,83.5154037475586,83.55960083007812,0,5.0,20240924
2024-09-25,5,83.56759643554688,83.6364974975586,83.44010162353516,83.56759643554688,0,5.0,20240925
2024-09-26,5,83.62409973144531,83.71260070800781,83.57319641113281,83.62409973144531,0,5.0,20240926
2024-09-27,5,83.61710357666016,83.70800018310547,83.5635986328125,83.61710357666016,0,5.0,20240927
2024-09-30,5,83.71640014648438,83.90950012207031,83.6448974609375,83.71640014648438,0,5.0,20240930
2024-10-01,5,83.82730102539062,83.94960021972656,83.7603988647461,83.82730102539062,0,5.0,20241001
2024-10-02,5,83.87210083007812,84.0071029663086,83.85449981689453,83.87210083007812,0,5.0,20241002
2024-10-03,5,83.91960144042969,84.03209686279297,83.89299774169922,83.91960144042969,0,5.0,20241003
2024-10-04,5,84.0093994140625,84.04280090332031,83.94529724121094,84.0093994140625,0,5.0,20241004
2024-10-07,5,84.02780151367188,84.02780151367188,83.94999694824219,84.02780151367188,0,5.0,20241007
2024-10-08,5,83.96410369873047,84.1001968383789,83.91600036621094,83.96410369873047,0,5.0,20241008
2024-10-09,5,83.91459655761719,83.97769927978516,83.78099822998047,83.91459655761719,0,5.0,20241009
2024-10-10,5,83.94219970703125,83.98059844970703,83.92230224609375,83.94219970703125,0,5.0,20241010
2024-10-11,5,83.94599914550781,84.12449645996094,83.94149780273438,83.94599914550781,0,5.0,20241011
2024-10-14,5,84.16829681396484,84.16840362548828,83.97669982910156,84.16829681396484,0,5.0,20241014
2024-10-15,5,84.04850006103516,84.07279968261719,84.01809692382812,84.04850006103516,0,5.0,20241015
2024-10-16,5,84.05619812011719,84.09429931640625,83.98999786376953,84.05619812011719,0,5.0,20241016
2024-10-17,5,84.03929901123047,84.08789825439453,84.00299835205078,84.03929901123047,0,5.0,20241017
2024-10-18,5,84.05380249023438,84.07779693603516,84.01830291748047,84.05380249023438,0,5.0,20241018
2024-10-21,5,84.0687026977539,84.08679962158203,84.0385971069336,84.0687026977539,0,5.0,20241021
2024-10-22,5,84.07350158691406,84.177001953125,84.05979919433594,84.07350158691406,0,5.0,20241022
2024-10-23,5,84.08399963378906,84.11380004882812,84.05899810791016,84.08399963378906,0,5.0,20241023
2024-10-24,5,84.06759643554688,84.08200073242188,84.04769897460938,84.06759643554688,0,5.0,20241024
2024-10-25,5,84.08180236816406,84.09329986572266,84.05799865722656,84.08180236816406,0,5.0,20241025
2024-10-28,5,84.10199737548828,84.0968017578125,84.05799865722656,84.10199737548828,0,5.0,20241028
2024-10-29,5,84.10279846191406,84.10929870605469,84.0270004272461,84.10279846191406,0,5.0,20241029
2024-10-30,5,84.08930206298828,84.09439849853516,84.04499816894531,84.08930206298828,0,5.0,20241030
2024-10-31,5,84.08910369873047,84.1865005493164,84.0510025024414,84.08910369873047,0,5.0,20241031
2024-11-01,5,84.09149932861328,84.1093978881836,84.03399658203125,84.09149932861328,0,5.0,20241101
2024-11-04,5,84.13359832763672,84.18240356445312,84.0425033569336,84.13359832763672,0,5.0,20241104
2024-11-05,5,84.15249633789062,84.16639709472656,84.0916976928711,84.15249633789062,0,5.0,20241105
2024-11-06,5,84.11630249023438,84.34220123291016,84.00830078125,84.11630249023438,0,5.0,20241106
2024-11-07,5,84.2511978149414,84.38330078125,84.2239990234375,84.2511978149414,0,5.0,20241107
2024-11-08,5,84.306396484375,84.43150329589844,84.30400085449219,84.306396484375,0,5.0,20241108
2024-11-11,5,84.38289642333984,84.42240142822266,84.36699676513672,84.38289642333984,0,5.0,20241111
2024-11-12,5,84.39649963378906,84.41590118408203,84.3604965209961,84.39649963378906,0,5.0,20241112
2024-11-13,5,84.39530181884766,84.49299621582031,84.35050201416016,84.39530181884766,0,5.0,20241113
2024-11-14,5,84.4229965209961,84.47820281982422,84.3936996459961,84.4229965209961,0,5.0,20241114
2024-11-15,5,84.47380065917969,84.55799865722656,84.40699768066406,84.47380065917969,0,5.0,20241115
2024-11-18,5,84.47750091552734,84.45179748535156,84.37629699707031,84.47750091552734,0,5.0,20241118
2024-11-19,5,84.39849853515625,84.43800354003906,84.35430145263672,84.39849853515625,0,5.0,20241119
2024-11-20,5,84.39759826660156,84.41310119628906,84.33979797363281,84.39759826660156,0,5.0,20241120
2024-11-21,5,84.38310241699219,84.52300262451172,84.385498046875,84.38310241699219,0,5.0,20241121
2024-11-22,5,84.48829650878906,84.51390075683594,84.4000015258789,84.48829650878906,0,5.0,20241122
2024-11-25,5,84.43599700927734,84.43820190429688,84.24099731445312,84.43599700927734,0,5.0,20241125
2024-11-26,5,84.37750244140625,84.42150115966797,84.2249984741211,84.37750244140625,0,5.0,20241126
2024-11-27,5,84.33910369873047,84.46949768066406,84.31880187988281,84.33910369873047,0,5.0,20241127
2024-11-28,5,84.42030334472656,84.51010131835938,84.3750991821289,84.42030334472656,0,5.0,20241128
2024-11-29,5,84.47160339355469,84.63980102539062,84.45320129394531,84.47160339355469,0,5.0,20241129
2024-12-02,5,84.55699920654297,84.74949645996094,84.56939697265625,84.55699920654297,0,5.0,20241202
2024-12-03,5,84.73709869384766,84.8406982421875,84.62570190429688,84.73709869384766,0,5.0,20241203
2024-12-04,5,84.68309783935547,84.77050018310547,84.64099884033203,84.68309783935547,0,5.0,20241204
2024-12-05,5,84.70700073242188,84.75060272216797,84.66500091552734,84.70700073242188,0,5.0,20241205
2024-12-06,5,84.68379974365234,84.71029663085938,84.44239807128906,84.68379974365234,0,5.0,20241206
2024-12-09,5,84.66600036621094,84.91429901123047,84.6729965209961,84.66600036621094,0,5.0,20241209
2024-12-10,5,84.84729766845703,84.91410064697266,84.76460266113281,84.84729766845703,0,5.0,20241210
2024-12-11,5,84.8740005493164,84.9093017578125,84.77549743652344,84.8740005493164,0,5.0,20241211
2024-12-12,5,84.85710144042969,85.05110168457031,84.82440185546875,84.85710144042969,0,5.0,20241212
2024-12-13,5,84.83920288085938,85.01509857177734,84.77100372314453,84.83920288085938,0,5.0,20241213
2024-12-16,5,84.802001953125,84.92720031738281,84.76570129394531,84.802001953125,0,5.0,20241216
2024-12-17,5,84.91729736328125,85.13970184326172,84.69300079345703,84.91729736328125,0,5.0,20241217
2024-12-18,5,84.91539764404297,85.15599822998047,84.80500030517578,84.91539764404297,0,5.0,20241218
2024-12-19,5,85.16549682617188,85.33679962158203,84.99610137939453,85.16549682617188,0,5.0,20241219
2024-12-20,5,85.27940368652344,85.33930206298828,84.93479919433594,85.27940368652344,0,5.0,20241220
2024-12-23,5,84.94499969482422,85.13140106201172,84.93689727783203,84.94499969482422,0,5.0,20241223
2024-12-24,5,85.0988998413086,85.20970153808594,85.00499725341797,85.0988998413086,0,5.0,20241224
2024-12-25,5,85.18150329589844,85.54720306396484,82.74500274658203,85.18150329589844,0,5.0,20241225
2024-12-26,5,85.41339874267578,85.42030334472656,85.01000213623047,85.41339874267578,0,5.0,20241226
2024-12-27,5,85.26090240478516,85.81780242919922,81.50740051269531,85.26090240478516,0,5.0,20241227
2024-12-30,5,85.38600158691406,85.58499908447266,85.26390075683594,85.38600158691406,0,5.0,20241230
2024-12-31,5,85.7865982055664,85.79979705810547,77.50170135498047,85.7865982055664,0,5.0,20241231
2025-01-02,5,85.78569793701172,86.03399658203125,85.5739974975586,85.78569793701172,0,5.0,20250102
2025-01-03,5,85.80400085449219,86.07230377197266,85.706298828125,85.80400085449219,0,5.0,20250103
2025-01-06,5,85.75900268554688,85.84100341796875,85.58429718017578,85.75900268554688,0,5.0,20250106
2025-01-07,5,85.68070220947266,85.7938003540039,84.9395980834961,85.68070220947266,0,5.0,20250107
2025-01-08,5,85.80650329589844,85.98560333251953,85.70600128173828,85.80650329589844,0,5.0,20250108
2025-01-09,5,85.90750122070312,86.18499755859375,85.82530212402344,85.90750122070312,0,5.0,20250109
2025-01-10,5,85.91999816894531,86.16079711914062,85.84110260009766,85.91999816894531,0,5.0,20250110
2025-01-13,5,86.18800354003906,86.7260971069336,86.09919738769531,86.18800354003906,0,5.0,20250113
2025-01-14,5,86.65059661865234,86.85530090332031,86.44409942626953,86.65059661865234,0,5.0,20250114
2025-01-15,5,86.535400390625,86.59880065917969,86.10929870605469,86.535400390625,0,5.0,20250115
2025-01-16,5,86.43099975585938,86.64219665527344,86.2520980834961,86.43099975585938,0,5.0,20250116
2025-01-17,5,86.6061019897461,86.66919708251953,86.0647964477539,86.6061019897461,0,5.0,20250117
2025-01-20,5,86.56900024414062,86.57630157470703,86.14119720458984,86.56900024414062,0,5.0,20250120
2025-01-21,5,86.21109771728516,86.61759948730469,86.20230102539062,86.21109771728516,0,5.0,20250121
2025-01-22,5,86.45189666748047,86.59300231933594,86.28900146484375,86.45189666748047,0,5.0,20250122
2025-01-23,5,86.47270202636719,86.58799743652344,86.36900329589844,86.47270202636719,0,5.0,20250123
2025-01-24,5,86.44020080566406,86.48629760742188,86.1500015258789,86.44020080566406,0,5.0,20250124
2025-01-27,5,86.2030029296875,86.44400024414062,86.18460083007812,86.2030029296875,0,5.0,20250127
2025-01-28,5,86.46839904785156,86.58699798583984,86.4020004272461,86.46839904785156,0,5.0,20250128
2025-01-29,5,86.58460235595703,86.69529724121094,86.48799896240234,86.58460235595703,0,5.0,20250129
2025-01-30,5,86.6406021118164,86.65299987792969,86.54630279541016,86.6406021118164,0,5.0,20250130
2025-01-31,5,86.64700317382812,86.71820068359375,86.54519653320312,86.64700317382812,0,5.0,20250131
2025-02-03,5,86.55400085449219,87.32559967041016,86.55400085449219,86.55400085449219,0,5.0,20250203
2025-02-04,5,86.94339752197266,87.12419891357422,86.93550109863281,86.94339752197266,0,5.0,20250204
2025-02-05,5,87.13009643554688,87.47859954833984,87.08599853515625,87.13009643554688,0,5.0,20250205
2025-02-06,5,87.33409881591797,87.6718978881836,87.33409881591797,87.33409881591797,0,5.0,20250206
2025-02-07,5,87.58830261230469,87.84269714355469,87.31759643554688,87.58830261230469,0,5.0,20250207
2025-02-10,5,87.51309967041016,88.07129669189453,87.40859985351562,87.51309967041016,0,5.0,20250210
2025-02-11,5,87.49009704589844,87.57170104980469,86.59259796142578,87.49009704589844,0,5.0,20250211
2025-02-12,5,86.81120300292969,87.0271987915039,86.2886962890625,86.81120300292969,0,5.0,20250212
2025-02-13,5,86.8740005493164,87.01129913330078,86.68409729003906,86.8740005493164,0,5.0,20250213
2025-02-14,5,86.75409698486328,86.88999938964844,86.53810119628906,86.75409698486328,0,5.0,20250214
2025-02-17,5,86.43460083007812,86.90609741210938,86.63259887695312,86.43460083007812,0,5.0,20250217
2025-02-18,5,86.85479736328125,86.97599792480469,86.84500122070312,86.85479736328125,0,5.0,20250218
2025-02-19,5,86.88719940185547,86.95230102539062,86.80169677734375,86.88719940185547,0,5.0,20250219
2025-02-20,5,86.872802734375,86.91329956054688,86.53060150146484,86.872802734375,0,5.0,20250220
2025-02-21,5,86.45120239257812,86.76300048828125,86.44640350341797,86.45120239257812,0,5.0,20250221
2025-02-24,5,86.52940368652344,86.7510986328125,86.50479888916016,86.52940368652344,0,5.0,20250224
2025-02-25,5,86.69010162353516,87.25240325927734,86.68199920654297,86.69010162353516,0,5.0,20250225
2025-02-26,5,87.0811996459961,87.18879699707031,87.03099822998047,87.0811996459961,0,5.0,20250226
2025-02-27,5,87.16220092773438,87.42639923095703,87.09480285644531,87.16220092773438,0,5.0,20250227
2025-02-28,5,87.3270034790039,87.54199981689453,87.26480102539062,87.3270034790039,0,5.0,20250228
2025-03-03,5,87.46399688720703,87.46399688720703,87.24169921875,87.46399688720703,0,5.0,20250303
2025-03-04,5,87.32959747314453,87.3949966430664,87.1229019165039,87.32959747314453,0,5.0,20250304
2025-03-05,5,87.21700286865234,87.33540344238281,86.82479858398438,87.21700286865234,0,5.0,20250305
2025-03-06,5,86.88929748535156,87.14189910888672,86.82330322265625,86.88929748535156,0,5.0,20250306
2025-03-07,5,87.12879943847656,87.20469665527344,86.85759735107422,87.12879943847656,0,5.0,20250307
2025-03-10,5,87.07379913330078,87.36419677734375,86.87249755859375,87.07379913330078,0,5.0,20250310
2025-03-11,5,87.3551025390625,87.3917007446289,87.14250183105469,87.3551025390625,0,5.0,20250311
2025-03-12,5,87.20010375976562,87.30490112304688,87.09880065917969,87.20010375976562,0,5.0,20250312
2025-03-13,5,87.3405990600586,87.3405990600586,86.92859649658203,87.3405990600586,0,5.0,20250313
2025-03-14,5,86.9220962524414,86.99569702148438,86.86630249023438,86.9220962524414,0,5.0,20250314
2025-03-17,5,86.93900299072266,86.96980285644531,86.69049835205078,86.93900299072266,0,5.0,20250317
2025-03-18,5,86.91639709472656,86.91809844970703,86.51290130615234,86.91639709472656,0,5.0,20250318
2025-03-19,5,86.57610321044922,86.66000366210938,86.27469635009766,86.57610321044922,0,5.0,20250319
2025-03-20,5,86.33709716796875,86.39900207519531,86.17639923095703,86.33709716796875,0,5.0,20250320
2025-03-21,5,86.33609771728516,86.34120178222656,85.92990112304688,86.33609771728516,0,5.0,20250321
2025-03-24,5,85.98699951171875,86.03800201416016,85.47200012207031,85.98699951171875,0,5.0,20250324
2025-03-25,5,85.53209686279297,85.82869720458984,85.53099822998047,85.53209686279297,0,5.0,20250325
2025-03-26,5,85.59040069580078,85.85980224609375,85.59310150146484,85.59040069580078,0,5.0,20250326
2025-03-27,5,86.09539794921875,86.09629821777344,85.63300323486328,86.09539794921875,0,5.0,20250327
2025-03-28,5,85.69490051269531,85.78099822998047,85.4186019897461,85.69490051269531,0,5.0,20250328
2025-03-31,5,85.53880310058594,85.53939819335938,85.2654037475586,85.53880310058594,0,5.0,20250331
2025-04-01,5,85.46810150146484,85.81729888916016,85.37519836425781,85.46810150146484,0,5.0,20250401
2025-04-02,5,85.61009979248047,85.7063980102539,85.39569854736328,85.61009979248047,0,5.0,20250402
2025-04-03,5,85.65119934082031,85.910400390625,85.20230102539062,85.65119934082031,0,5.0,20250403
2025-04-04,5,85.28289794921875,85.63829803466797,84.92500305175781,85.28289794921875,0,5.0,20250404
2025-04-07,5,85.529296875,86.03240203857422,83.23609924316406,85.529296875,0,5.0,20250407
2025-04-08,5,86.0270004272461,86.31089782714844,85.81120300292969,86.0270004272461,0,5.0,20250408
2025-04-09,5,86.435302734375,86.74299621582031,86.1312026977539,86.435302734375,0,5.0,20250409
2025-04-10,5,86.20929718017578,86.3311996459961,85.60369873046875,86.20929718017578,0,5.0,20250410
2025-04-11,5,86.2603988647461,86.26689910888672,85.93720245361328,86.2603988647461,0,5.0,20250411
2025-04-14,5,86.19300079345703,86.20030212402344,85.78579711914062,86.19300079345703,0,5.0,20250414
2025-04-15,5,86.0447998046875,86.04499816894531,85.59089660644531,86.0447998046875,0,5.0,20250415
2025-04-16,5,85.72669982910156,85.76329803466797,85.50800323486328,85.72669982910156,0,5.0,20250416
2025-04-17,5,85.62049865722656,85.62560272216797,85.29740142822266,85.62049865722656,0,5.0,20250417
2025-04-22,5,85.15889739990234,85.23139953613281,84.972900390625,85.15889739990234,0,5.0,20250422
2025-04-23,5,85.2323989868164,85.52120208740234,85.19580078125,85.2323989868164,0,5.0,20250423
2025-04-24,5,85.4999008178711,85.66519927978516,85.23690032958984,85.4999008178711,0,5.0,20250424
2025-04-25,5,85.2573013305664,85.66290283203125,85.06079864501953,85.2573013305664,0,5.0,20250425
2025-04-28,5,85.38490295410156,85.45850372314453,84.95379638671875,85.38490295410156,0,5.0,20250428
2025-04-29,5,85.1603012084961,85.37650299072266,84.95500183105469,85.1603012084961,0,5.0,20250429
2025-04-30,5,85.1707992553711,85.26390075683594,84.41529846191406,85.1707992553711,0,5.0,20250430
2025-05-01,5,84.53119659423828,84.716796875,84.3406982421875,84.53119659423828,0,5.0,20250501
2025-05-02,5,84.69670104980469,84.74819946289062,83.58270263671875,84.69670104980469,0,5.0,20250502
2025-05-05,5,84.52629852294922,84.55960083007812,72.96710205078125,84.52629852294922,0,5.0,20250505
2025-05-06,5,84.2208023071289,84.6167984008789,84.2145004272461,84.2208023071289,0,5.0,20250506
2025-05-07,5,84.79319763183594,84.89129638671875,84.47319793701172,84.79319763183594,0,5.0,20250507
2025-05-08,5,84.81719970703125,85.88359832763672,84.52200317382812,84.81719970703125,0,5.0,20250508
2025-05-09,5,86.08219909667969,86.08290100097656,85.27110290527344,86.08219909667969,0,5.0,20250509
2025-05-12,5,85.4083023071289,85.40840148925781,83.71240234375,85.4083023071289,0,5.0,20250512
2025-05-13,5,84.9656982421875,85.46720123291016,84.60399627685547,84.9656982421875,0,5.0,20250513
2025-05-14,5,85.060302734375,85.51100158691406,84.90249633789062,85.060302734375,0,5.0,20250514
2025-05-15,5,85.48760223388672,85.731201171875,85.20330047607422,85.48760223388672,0,5.0,20250515
2025-05-16,5,85.44490051269531,85.67539978027344,85.21700286865234,85.44490051269531,0,5.0,20250516
2025-05-19,5,85.50029754638672,85.62860107421875,85.33300018310547,85.50029754638672,0,5.0,20250519
2025-05-20,5,85.37210083007812,85.63849639892578,85.36109924316406,85.37210083007812,0,5.0,20250520
2025-05-21,5,85.53610229492188,85.68470001220703,85.46710205078125,85.53610229492188,0,5.0,20250521
2025-05-22,5,85.60030364990234,86.09980010986328,85.4655990600586,85.60030364990234,0,5.0,20250522
2025-05-23,5,85.97489929199219,86.02279663085938,85.08219909667969,85.97489929199219,0,5.0,20250523
2025-05-26,5,85.19930267333984,85.19950103759766,84.768798828125,85.19930267333984,0,5.0,20250526
2025-05-27,5,85.158203125,85.44840240478516,82.0958023071289,85.158203125,0,5.0,20250527
2025-05-28,5,85.3604965209961,85.72149658203125,85.24729919433594,85.3604965209961,0,5.0,20250528
2025-05-29,5,85.38590240478516,85.61409759521484,85.38590240478516,85.38590240478516,0,5.0,20250529
2025-05-30,5,85.36129760742188,85.64140319824219,85.23860168457031,85.36129760742188,0,5.0,20250530
2025-06-02,5,85.52429962158203,85.62169647216797,85.28410339355469,85.52429962158203,0,5.0,20250602
2025-06-03,5,85.36370086669922,85.70449829101562,85.28520202636719,85.36370086669922,0,5.0,20250603
2025-06-04,5,85.70880126953125,86.010498046875,85.55130004882812,85.70880126953125,0,5.0,20250604
2025-06-05,5,85.9041976928711,86.02770233154297,85.61949920654297,85.9041976928711,0,5.0,20250605
2025-06-06,5,85.87750244140625,85.94000244140625,85.47799682617188,85.87750244140625,0,5.0,20250606
2025-06-09,5,85.77899932861328,85.85600280761719,85.48880004882812,85.7853012084961,0,5.0,20250609
2025-06-10,5,85.75599670410156,85.75599670410156,85.50800323486328,85.75599670410156,0,5.0,20250610
2025-06-11,5,85.65280151367188,85.6532974243164,85.404296875,85.65280151367188,0,5.0,20250611
2025-06-12,5,85.46980285644531,85.71289825439453,85.38050079345703,85.46980285644531,0,5.0,20250612
2025-06-13,5,85.68840026855469,86.20439910888672,85.62039947509766,85.68840026855469,0,5.0,20250613
2025-06-16,5,86.24919891357422,86.24120330810547,85.77400207519531,86.24919891357422,0,5.0,20250616
2025-06-17,5,86.10420227050781,86.38980102539062,85.88349914550781,86.10420227050781,0,5.0,20250617
2025-06-18,5,86.36270141601562,86.54630279541016,86.25260162353516,86.36270141601562,0,5.0,20250618
2025-06-19,5,86.61360168457031,86.90170288085938,86.32530212402344,86.61360168457031,0,5.0,20250619
2025-06-20,5,86.58380126953125,86.76309967041016,86.47100067138672,86.58380126953125,0,5.0,20250620
2025-06-23,5,86.5802993774414,87.02940368652344,86.55180358886719,86.5802993774414,0,5.0,20250623
2025-06-24,5,86.23300170898438,86.35459899902344,85.9000015258789,86.23300170898438,0,5.0,20250624
2025-06-25,5,85.90480041503906,86.1270980834961,85.79019927978516,85.90480041503906,0,5.0,20250625
2025-06-26,5,86.006103515625,86.11810302734375,85.58699798583984,86.006103515625,0,5.0,20250626
2025-06-27,5,85.66639709472656,85.77970123291016,85.37249755859375,85.66639709472656,0,5.0,20250627
2025-06-30,5,85.4552993774414,85.92769622802734,85.24199676513672,85.4552993774414,0,5.0,20250630
2025-07-01,5,85.71399688720703,85.74169921875,85.45929718017578,85.71399688720703,0,5.0,20250701
2025-07-02,5,85.6427993774414,85.77100372314453,85.510498046875,85.6427993774414,0,5.0,20250702
2025-07-03,5,85.69409942626953,85.697998046875,85.19270324707031,85.69409942626953,0,5.0,20250703
2025-07-04,5,85.31909942626953,85.5530014038086,85.30729675292969,85.31909942626953,0,5.0,20250704
2025-07-07,5,85.49629974365234,86.03009796142578,85.36100006103516,85.49629974365234,0,5.0,20250707
2025-07-08,5,85.89199829101562,85.89240264892578,85.62799835205078,85.89199829101562,0,5.0,20250708
2025-07-09,5,85.7073974609375,85.91590118408203,85.59719848632812,85.7073974609375,0,5.0,20250709
2025-07-10,5,85.70850372314453,85.76529693603516,85.45500183105469,85.70850372314453,0,5.0,20250710
2025-07-11,5,85.73480224609375,85.9052963256836,85.65989685058594,85.73480224609375,0,5.0,20250711
2025-07-14,5,85.82129669189453,86.04319763183594,84.55950164794922,85.82129669189453,0,5.0,20250714
2025-07-15,5,85.96839904785156,86.0281982421875,85.7437973022461,85.96839904785156,0,5.0,20250715
2025-07-16,5,85.99310302734375,86.07129669189453,85.7249984741211,85.99310302734375,0,5.0,20250716
2025-07-17,5,85.88520050048828,86.13200378417969,85.79499816894531,85.88520050048828,0,5.0,20250717
2025-07-18,5,86.04650115966797,86.22450256347656,85.92539978027344,86.04650115966797,0,5.0,20250718
2025-07-21,5,86.14859771728516,86.33920288085938,85.64600372314453,86.14859771728516,0,5.0,20250721
2025-07-22,5,86.19529724121094,86.44239807128906,86.04630279541016,86.19529724121094,0,5.0,20250722
2025-07-23,5,86.3427963256836,86.45800018310547,86.23049926757812,86.3427963256836,0,5.0,20250723
2025-07-24,5,86.39869689941406,86.44139862060547,86.23580169677734,86.39869689941406,0,5.0,20250724
2025-07-25,5,86.4302978515625,86.62740325927734,86.3844985961914,86.4302978515625,0,5.0,20250725
2025-07-28,5,86.506103515625,86.72109985351562,86.39959716796875,86.506103515625,0,5.0,20250728
2025-07-29,5,86.77760314941406,87.17400360107422,86.72570037841797,86.77760314941406,0,5.0,20250729
2025-07-30,5,87.06320190429688,87.78589630126953,86.98619842529297,87.06320190429688,0,5.0,20250730
2025-07-31,5,87.714599609375,87.77639770507812,87.2865982055664,87.714599609375,0,5.0,20250731
2025-08-01,5,87.4894027709961,87.74120330810547,87.143798828125,87.4894027709961,0,5.0,20250801
2025-08-04,5,87.24530029296875,87.98999786376953,87.06950378417969,87.24530029296875,0,5.0,20250804
2025-08-05,5,87.89330291748047,88.07949829101562,87.6729965209961,87.89330291748047,0,5.0,20250805
2025-08-06,5,87.72309875488281,87.84300231933594,87.6238021850586,87.72309875488281,0,5.0,20250806
2025-08-07,5,87.76249694824219,87.79180145263672,87.33300018310547,87.76249694824219,0,5.0,20250807
2025-08-08,5,87.43319702148438,87.73799896240234,87.39430236816406,87.43319702148438,0,5.0,20250808
2025-08-11,5,87.48829650878906,87.75579833984375,87.46640014648438,87.48829650878906,0,5.0,20250811
2025-08-12,5,87.66449737548828,87.73989868164062,87.53690338134766,87.66449737548828,0,5.0,20250812
2025-08-13,5,87.59559631347656,87.71700286865234,87.37590026855469,87.59559631347656,0,5.0,20250813
2025-08-14,5,87.44999694824219,87.68060302734375,87.38790130615234,87.44999694824219,0,5.0,20250814
2025-08-15,5,87.69180297851562,87.70819854736328,87.39689636230469,87.69180297851562,0,5.0,20250815
2025-08-18,5,87.51280212402344,87.54039764404297,87.3136978149414,87.51280212402344,0,5.0,20250818
2025-08-19,5,87.29509735107422,87.37049865722656,86.90910339355469,87.29509735107422,0,5.0,20250819
2025-08-20,5,87.0791015625,87.1666030883789,86.9800033569336,87.0791015625,0,5.0,20250820
2025-08-21,5,87.01820373535156,87.32649993896484,86.92410278320312,87.01820373535156,0,5.0,20250821
2025-08-22,5,87.29340362548828,87.54810333251953,87.177001953125,87.29340362548828,0,5.0,20250822
2025-08-25,5,87.3301010131836,87.60800170898438,87.23400115966797,87.3301010131836,0,5.0,20250825
2025-08-26,5,87.60859680175781,87.79000091552734,87.52279663085938,87.60859680175781,0,5.0,20250826
2025-08-27,5,87.60070037841797,87.9885025024414,87.60070037841797,87.60070037841797,0,5.0,20250827
2025-08-28,5,87.65910339355469,87.68299865722656,87.50920104980469,87.65910339355469,0,5.0,20250828
2025-08-29,5,87.5916976928711,88.28939819335938,87.51010131835938,87.5916976928711,0,5.0,20250829
2025-09-01,5,88.17430114746094,88.32150268554688,87.9302978515625,88.17430114746094,0,5.0,20250901
2025-09-02,5,88.00140380859375,88.18800354003906,87.81549835205078,88.00140380859375,0,5.0,20250902
2025-09-03,5,87.99829864501953,88.17980194091797,87.9749984741211,87.99829864501953,0,5.0,20250903
2025-09-04,5,88.072998046875,88.36029815673828,87.9749984741211,88.072998046875,0,5.0,20250904
2025-09-05,5,88.19290161132812,88.35340118408203,87.80010223388672,88.19290161132812,0,5.0,20250905
2025-09-08,5,88.1863021850586,88.2229995727539,87.82779693603516,88.1863021850586,0,5.0,20250908
2025-09-09,5,87.98049926757812,88.21929931640625,87.90010070800781,87.98049926757812,0,5.0,20250909
2025-09-10,5,88.21829986572266,88.24929809570312,87.97789764404297,88.21829986572266,0,5.0,20250910
2025-09-11,5,88.05339813232422,88.49099731445312,88.02660369873047,88.05339813232422,0,5.0,20250911
2025-09-12,5,88.2676010131836,88.40850067138672,88.21690368652344,88.2676010131836,0,5.0,20250912
2025-09-15,5,88.27729797363281,88.2970962524414,88.1260986328125,88.27729797363281,0,5.0,20250915
2025-09-16,5,88.12349700927734,88.15509796142578,87.97969818115234,88.12349700927734,0,5.0,20250916
2025-09-17,5,87.88459777832031,87.91310119628906,87.7157974243164,87.88459777832031,0,5.0,20250917
2025-09-18,5,87.91069793701172,88.28880310058594,87.80690002441406,87.91069793701172,0,5.0,20250918
2025-09-19,5,88.20690155029297,88.32949829101562,88.0625991821289,88.20690155029297,0,5.0,20250919
2025-09-22,5,88.09919738769531,88.33670043945312,88.09919738769531,88.09919738769531,0,5.0,20250922
2025-09-23,5,88.30439758300781,88.80809783935547,88.23500061035156,88.30439758300781,0,5.0,20250923
2025-09-24,5,88.80799865722656,88.9312973022461,88.67250061035156,88.80799865722656,0,5.0,20250924
2025-09-25,5,88.77860260009766,88.80039978027344,88.59010314941406,88.77860260009766,0,5.0,20250925
2025-09-26,5,88.77310180664062,88.77909851074219,88.61430358886719,88.77310180664062,0,5.0,20250926
2025-09-29,5,88.67680358886719,88.79399871826172,88.5875015258789,88.67680358886719,0,5.0,20250929
2025-09-30,5,88.70449829101562,88.87529754638672,88.64579772949219,88.70449829101562,0,5.0,20250930
2025-10-01,5,88.8406982421875,88.8541030883789,88.6323013305664,88.8406982421875,0,5.0,20251001
2025-10-02,5,88.68299865722656,88.92150115966797,88.57060241699219,88.68299865722656,0,5.0,20251002
2025-10-03,5,88.72019958496094,88.7957992553711,88.6635971069336,88.72019958496094,0,5.0,20251003
2025-10-06,5,88.73509979248047,88.87969970703125,88.69200134277344,88.73509979248047,0,5.0,20251006
2025-10-07,5,88.72109985351562,88.77249908447266,88.68180084228516,88.72109985351562,0,5.0,20251007
2025-10-08,5,88.74259948730469,88.91950225830078,88.71910095214844,88.74259948730469,0,5.0,20251008
2025-10-09,5,88.7771987915039,88.86080169677734,88.70439910888672,88.7771987915039,0,5.0,20251009
2025-10-10,5,88.86540222167969,88.8656005859375,88.4928970336914,88.86540222167969,0,5.0,20251010
2025-10-13,5,88.7573013305664,88.80269622802734,88.56159973144531,88.7573013305664,0,5.0,20251013
2025-10-14,5,88.66510009765625,88.81790161132812,88.60079956054688,88.66510009765625,0,5.0,20251014
2025-10-15,5,88.78250122070312,88.78269958496094,87.95980072021484,88.78250122070312,0,5.0,20251015
2025-10-16,5,87.80950164794922,88.00150299072266,87.53189849853516,87.80950164794922,0,5.0,20251016
2025-10-17,5,87.9906997680664,88.09400177001953,87.689697265625,87.9906997680664,0,5.0,20251017
2025-10-20,5,88.0022964477539,88.01129913330078,87.49960327148438,88.0022964477539,0,5.0,20251020
2025-10-21,5,87.87999725341797,88.08360290527344,87.84190368652344,87.87999725341797,0,5.0,20251021
2025-10-22,5,88.00160217285156,87.99810028076172,87.61039733886719,88.00160217285156,0,5.0,20251022
2025-10-23,5,87.74030303955078,88.03109741210938,87.71610260009766,87.74030303955078,0,5.0,20251023
2025-10-24,5,87.77899932861328,87.8582992553711,87.63600158691406,87.77899932861328,0,5.0,20251024
2025-10-27,5,87.8290023803711,88.31719970703125,87.70939636230469,87.8290023803711,0,5.0,20251027
2025-10-28,5,88.22209930419922,88.41649627685547,88.15979766845703,88.22209930419922,0,5.0,20251028
2025-10-29,5,88.22550201416016,88.45020294189453,88.13819885253906,88.22550201416016,0,5.0,20251029
2025-10-30,5,88.34559631347656,88.7511978149414,88.29679870605469,88.34559631347656,0,5.0,20251030
2025-10-31,5,88.6344985961914,88.9115982055664,88.5636978149414,88.6344985961914,0,5.0,20251031
2025-11-03,5,88.77539825439453,88.91500091552734,88.68930053710938,88.77539825439453,0,5.0,20251103
2025-11-04,5,88.72339630126953,88.77449798583984,88.30650329589844,88.72339630126953,0,5.0,20251104
2025-11-05,5,88.73200225830078,88.78450012207031,88.54920196533203,88.73200225830078,0,5.0,20251105
2025-11-06,5,88.55690002441406,88.68170166015625,88.4114990234375,88.55690002441406,0,5.0,20251106
2025-11-07,5,88.6729965209961,88.72039794921875,88.6001968383789,88.6729965209961,0,5.0,20251107
2025-11-10,5,88.65799713134766,88.74230194091797,88.51419830322266,88.65799713134766,0,5.0,20251110
2025-11-11,5,88.70709991455078,88.71649932861328,88.41960144042969,88.70709991455078,0,5.0,20251111
2025-11-12,5,88.46649932861328,88.65370178222656,88.46649932861328,88.46649932861328,0,5.0,20251112
2025-11-13,5,88.59390258789062,88.79910278320312,88.58209991455078,88.59400177001953,0,5.0,20251113
2025-11-14,5,88.81620025634766,88.81620025634766,88.63249969482422,88.81610107421875,0,5.0,20251114
2025-11-17,5,88.68199920654297,88.74349975585938,88.56430053710938,88.68199920654297,0,5.0,20251117
2025-11-18,5,88.63590240478516,88.69400024414062,88.53569793701172,88.63590240478516,0,5.0,20251118
2025-11-19,5,88.55699920654297,88.6082992553711,88.40899658203125,88.55680084228516,0,5.0,20251119
2025-11-20,5,88.48729705810547,88.73829650878906,88.4635009765625,88.48719787597656,0,5.0,20251120
2025-11-21,5,88.69229888916016,89.72579956054688,88.60279846191406,88.69219970703125,0,5.0,20251121
2025-11-24,5,89.63400268554688,89.64129638671875,89.01580047607422,89.63400268554688,0,5.0,20251124
2025-11-25,5,89.14779663085938,89.26200103759766,88.96649932861328,89.14779663085938,0,5.0,20251125
2025-11-26,5,89.1532974243164,89.28790283203125,89.1532974243164,89.15059661865234,0,5.0,20251126
2025-11-27,5,89.1624984741211,89.40630340576172,89.13800048828125,89.16300201416016,0,5.0,20251127
2025-11-28,5,89.36489868164062,89.61869812011719,89.05500030517578,89.36479949951172,0,5.0,20251128
2025-12-01,5,89.3572998046875,89.7970962524414,89.31659698486328,89.3499984741211,0,5.0,20251201
2025-12-02,5,89.61270141601562,89.99299621582031,89.5802993774414,89.61270141601562,0,5.0,20251202
2025-12-03,5,89.91719818115234,90.3040008544922,89.8427963256836,89.91719818115234,0,5.0,20251203
2025-12-04,5,90.17060089111328,90.4521026611328,89.72579956054688,90.17050170898438,0,5.0,20251204
2025-12-05,5,89.8364028930664,90.07720184326172,89.6980972290039,89.8364028930664,0,5.0,20251205
2025-12-08,5,89.93800354003906,90.23870086669922,89.84819793701172,89.93800354003906,0,5.0,20251208
2025-12-09,5,90.12989807128906,90.1685028076172,89.8053970336914,90.12999725341795,0,5.0,20251209
2025-12-10,5,89.91699981689453,90.0470962524414,89.7531967163086,89.91690063476562,0,5.0,20251210
2025-12-11,5,89.79299926757812,90.65029907226562,89.79299926757812,89.79299926757812,0,5.0,20251211
2025-12-12,5,90.2509994506836,90.64469909667967,90.17530059814452,90.25299835205078,0,5.0,20251212
2025-12-15,5,90.5770034790039,90.77239990234376,90.39340209960938,90.5770034790039,0,5.0,20251215
2025-12-16,5,90.7769012451172,91.072998046875,90.75279998779295,90.7769012451172,0,5.0,20251216
2025-12-17,5,90.9489974975586,91.06549835205078,89.82060241699219,90.94889831542967,0,5.0,20251217
2025-12-18,5,90.41629791259766,90.4573974609375,90.0458984375,90.4136962890625,0,5.0,20251218
2025-12-19,5,90.26129913330078,90.29299926757812,89.21189880371094,90.25579833984376,0,5.0,20251219
2025-12-22,5,89.56999969482422,89.77189636230469,89.3949966430664,89.56999969482422,0,5.0,20251222
2025-12-23,5,89.60399627685547,89.83300018310547,89.43090057373047,89.60389709472656,0,5.0,20251223
2025-12-24,5,89.50789642333984,89.8656997680664,89.4229965209961,89.50789642333984,0,5.0,20251224
2025-12-26,5,90.10590362548828,90.10900115966795,89.54869842529297,90.10590362548828,0,5.0,20251226
2025-12-29,5,89.81430053710938,90.3550033569336,89.76360321044922,89.82929992675781,0,5.0,20251229
2025-12-30,5,89.90019989013672,89.99009704589844,89.68579864501953,89.9000015258789,0,5.0,20251230
2025-12-31,5,89.76969909667969,89.93800354003906,89.64399719238281,89.76940155029297,0,5.0,20251231
2026-01-02,5,89.96189880371094,90.3147964477539,89.83650207519531,89.96189880371094,0,5.0,20260102
2026-01-05,5,90.00700378417969,90.30829620361328,90.00700378417969,90.00700378417969,0,5.0,20260105
2026-01-06,5,90.23290252685548,90.25700378417967,90.05999755859375,90.23300170898438,0,5.0,20260106
2026-01-07,5,90.14739990234376,90.21800231933594,89.74700164794922,90.16609954833984,0,5.0,20260107
2026-01-08,5,89.83799743652344,90.12329864501952,89.72899627685547,89.8644027709961,0,5.0,20260108
2026-01-09,5,89.90540313720703,90.36399841308594,89.81610107421875,89.90540313720703,0,5.0,20260109
2026-01-12,5,90.23600006103516,90.42919921875,90.12049865722656,90.23600006103516,0,5.0,20260112
2026-01-13,5,90.13269805908205,90.44860076904295,90.13269805908205,90.13269805908205,0,5.0,20260113
2026-01-14,5,90.27300262451172,90.4468002319336,89.98500061035156,90.27300262451172,0,5.0,20260114
2026-01-15,5,90.18319702148438,90.42379760742188,90.18199920654295,90.18319702148438,0,5.0,20260115
2026-01-16,5,90.36160278320312,90.86299896240234,90.27570343017578,90.36160278320312,0,5.0,20260116
2026-01-19,5,90.7020034790039,91.00029754638672,90.5958023071289,90.7020034790039,0,5.0,20260119
2026-01-20,5,90.90450286865234,91.04810333251952,90.86930084228516,90.90450286865234,0,5.0,20260120
2026-01-21,5,91.11830139160156,91.80999755859376,91.00270080566406,91.11840057373048,0,5.0,20260121
2026-01-22,5,91.53700256347656,91.66500091552734,91.09310150146484,91.53690338134766,0,5.0,20260122
2026-01-23,5,91.55829620361328,91.97599792480467,91.4229965209961,91.55829620361328,0,5.0,20260123
2026-01-26,5,91.5927963256836,91.78759765625,91.38400268554688,91.5009994506836,0,5.0,20260126
2026-01-27,5,91.71309661865234,91.88800048828124,91.5031967163086,91.71309661865234,0,5.0,20260127
2026-01-28,5,91.5343017578125,92.32749938964844,91.41809844970705,91.5343017578125,0,5.0,20260128
2026-01-29,5,92.04080200195312,92.13009643554688,91.80560302734376,92.04080200195312,0,5.0,20260129
2026-01-30,5,91.78199768066406,92.0177993774414,91.78199768066406,91.78189849853516,0,5.0,20260130
2026-02-02,5,91.68240356445312,92.01950073242188,90.90809631347656,91.68699645996094,0,5.0,20260202
2026-02-03,5,90.24559783935548,90.5322036743164,90.02780151367188,90.24559783935548,0,5.0,20260203
2026-02-04,5,90.4228973388672,90.52799987792967,90.23600006103516,90.4228973388672,0,5.0,20260204
2026-02-05,5,90.125,90.51580047607422,90.0708999633789,90.125,0,5.0,20260205
2026-02-06,5,90.3147964477539,90.81999969482422,90.17729949951172,90.3147964477539,0,5.0,20260206
2026-02-09,5,90.58899688720705,90.79100036621094,90.3655014038086,90.58799743652344,0,5.0,20260209
2026-02-10,5,90.76020050048828,90.77649688720705,90.4644012451172,90.8227996826172,0,5.0,20260210
2026-02-11,5,90.58809661865234,90.81169891357422,90.4657974243164,90.58789825439452,0,5.0,20260211
2026-02-12,5,90.73580169677734,90.73609924316406,90.3646011352539,90.73570251464844,0,5.0,20260212
2026-02-13,5,90.56420135498048,90.7500991821289,90.5072021484375,90.56410217285156,0,5.0,20260213
2026-02-16,5,90.5552978515625,90.8218994140625,90.52210235595705,90.57119750976562,0,5.0,20260216
2026-02-17,5,90.78289794921876,90.79910278320312,90.62220001220705,90.78299713134766,0,5.0,20260217
2026-02-18,5,90.6261978149414,90.7510986328125,90.58200073242188,90.6261978149414,0,5.0,20260218
2026-02-19,5,90.79340362548828,91.21410369873048,90.73480224609376,90.7935028076172,0,5.0,20260219
2026-02-20,5,91.04109954833984,91.0907974243164,90.72989654541016,91.04109954833984,0,5.0,20260220
2026-02-23,5,90.76480102539062,90.97039794921876,90.67179870605467,90.72660064697266,0,5.0,20260223
2026-02-24,5,91.01509857177734,91.02310180664062,90.82479858398438,91.02010345458984,0,5.0,20260224
2026-02-25,5,90.91809844970705,90.95999908447266,90.85310363769533,90.91799926757812,0,5.0,20260225
2026-02-26,5,90.95120239257812,91.06600189208984,90.80899810791016,90.95099639892578,0,5.0,20260226
2026-02-27,5,91.00740051269533,91.1323013305664,90.89430236816406,91.00740051269533,0,5.0,20260227
2026-03-02,5,91.07579803466795,91.77850341796876,91.07579803466795,91.07959747314452,0,5.0,20260302
2026-03-03,5,91.56300354003906,92.42130279541016,91.56060028076172,91.56340026855467,0,5.0,20260303
2026-03-04,5,92.00859832763672,92.29630279541016,91.8240966796875,92.00859832763672,0,5.0,20260304
2026-03-05,5,92.12310028076172,92.1708984375,91.32669830322266,92.1230010986328,0,5.0,20260305
2026-03-06,5,91.78690338134766,91.96649932861328,91.55979919433594,91.78690338134766,0,5.0,20260306
2026-03-09,5,91.94029998779295,92.34880065917967,91.94029998779295,91.93620300292967,0,5.0,20260309
2026-03-10,5,91.220703125,92.4665985107422,90.8603973388672,91.220703125,0,5.0,20260310
2026-03-11,5,92.16510009765624,92.20580291748048,89.06490325927734,92.16510009765624,0,5.0,20260311
2026-03-12,5,92.22879791259766,92.6946029663086,91.9843978881836,92.22879791259766,0,5.0,20260312
2026-03-13,5,92.38980102539062,92.4990005493164,92.25140380859376,92.38990020751952,0,5.0,20260313
2026-03-16,5,92.58470153808594,92.82080078125,92.14459991455078,92.5635986328125,0,5.0,20260316
2026-03-17,5,92.28269958496094,92.47550201416016,92.2667999267578,92.28269958496094,0,5.0,20260317
2026-03-18,5,92.39129638671876,92.91960144042967,92.3239974975586,92.39129638671876,0,5.0,20260318
2026-03-19,5,93.24659729003906,93.40709686279295,92.80950164794922,93.24659729003906,0,5.0,20260319
2026-03-20,5,93.0822982788086,93.81780242919922,92.7781982421875,93.0822982788086,0,5.0,20260320
2026-03-23,5,94.04840087890624,94.13150024414062,92.85369873046876,93.89530181884766,0,5.0,20260323
2026-03-24,5,93.2436981201172,93.94580078125,93.2436981201172,93.2436981201172,0,5.0,20260324
2026-03-25,5,94.29969787597656,94.29969787597656,93.67649841308594,94.29969787597656,0,5.0,20260325
2026-03-26,5,94.6937026977539,94.6937026977539,93.80010223388672,94.6937026977539,0,5.0,20260326
2026-03-27,5,94.30950164794922,94.9446029663086,94.09410095214844,94.30950164794922,0,5.0,20260327
2026-03-30,5,94.78179931640624,95.14540100097656,92.64700317382812,94.78179931640624,0,5.0,20260330
2026-03-31,5,94.35590362548828,94.90390014648438,93.48079681396484,94.35590362548828,0,5.0,20260331
2026-04-01,5,93.48429870605467,93.87799835205078,92.7624969482422,93.48429870605467,0,5.0,20260401
2026-04-02,5,92.6426010131836,93.7323989868164,92.48049926757812,92.6426010131836,0,5.0,20260402
2026-04-03,5,92.97370147705078,92.98500061035156,92.51170349121094,92.97360229492188,0,5.0,20260403
2026-04-06,5,92.97100067138672,93.21769714355467,92.49739837646484,92.97100067138672,0,5.0,20260406
2026-04-07,5,92.81659698486328,93.1439971923828,92.7522964477539,92.81659698486328,0,5.0,20260407
2026-04-08,5,92.86019897460938,92.86029815673828,92.22329711914062,92.86019897460938,0,5.0,20260408
2026-04-09,5,92.2748031616211,92.94450378417967,91.96600341796876,92.2748031616211,0,5.0,20260409
2026-04-10,5,92.46980285644533,93.07350158691406,92.40499877929688,92.46980285644533,0,5.0,20260410
2026-04-13,5,94.51210021972656,94.91320037841795,93.21920013427734,94.50879669189452,0,5.0,20260413
2026-04-14,5,94.9499969482422,95.14800262451172,93.0062026977539,94.9468002319336,0,5.0,20260414
2026-04-15,5,93.16539764404295,93.49500274658205,93.08529663085938,93.16539764404295,0,5.0,20260415
2026-04-16,5,93.38690185546876,93.38729858398438,92.98609924316406,93.38680267333984,0,5.0,20260416
2026-04-17,5,93.0478973388672,93.04820251464844,92.35169982910156,93.0478973388672,0,5.0,20260417
2026-04-20,5,92.60330200195312,93.23500061035156,92.60330200195312,92.60330200195312,0,5.0,20260420
2026-04-21,5,93.12359619140624,93.61399841308594,93.0457992553711,93.12359619140624,0,5.0,20260421
2026-04-22,5,93.622802734375,93.86000061035156,93.48799896240234,93.622802734375,0,5.0,20260422
2026-04-23,5,93.80049896240234,94.1500015258789,93.80049896240234,93.80049896240234,0,5.0,20260423
2026-04-24,5,94.11289978027344,94.37580108642578,93.93599700927734,94.11289978027344,0,5.0,20260424
2026-04-27,5,94.25029754638672,94.29509735107422,93.99649810791016,94.25029754638672,0,5.0,20260427
2026-04-28,5,94.2584991455078,94.72129821777344,94.13590240478516,94.2584991455078,0,5.0,20260428
2026-04-29,5,94.64550018310548,94.8668975830078,94.57050323486328,94.64550018310548,0,5.0,20260429
2026-04-30,5,94.9166030883789,95.3939971923828,94.81490325927734,94.9166030883789,0,5.0,20260430
2026-05-01,5,94.75910186767578,95.30699920654295,94.68920135498048,94.75910186767578,0,5.0,20260501
2026-05-04,5,94.90299987792967,95.38980102539062,94.66570281982422,94.90299987792967,0,5.0,20260504
2026-05-05,5,95.2593002319336,95.3949966430664,94.97740173339844,95.2593994140625,0,5.0,20260505
2026-05-06,5,95.18299865722656,95.18299865722656,94.14810180664062,95.18299865722656,0,5.0,20260506
2026-05-07,5,94.60800170898438,94.89299774169922,93.88870239257812,94.60800170898438,0,5.0,20260507
2026-05-08,5,94.25299835205078,94.74040222167967,94.25299835205078,94.25299835205078,0,5.0,20260508
2026-05-11,5,94.42530059814452,95.31759643554688,94.18180084228516,94.42530059814452,0,5.0,20260511
2026-05-12,5,95.3914031982422,95.85910034179688,95.26609802246094,95.3914031982422,0,5.0,20260512
2026-05-13,5,95.63300323486328,95.8604965209961,93.60430145263672,95.63300323486328,0,5.0,20260513
2026-05-14,5,95.69580078125,95.94580078125,95.44049835205078,95.69580078125,0,5.0,20260514
2026-05-15,5,95.70989990234376,96.11499786376952,95.39700317382812,95.70989990234376,0,5.0,20260515
2026-05-18,5,95.97129821777344,96.60189819335938,95.66200256347656,95.97029876708984,0,5.0,20260518
2026-05-19,5,96.27020263671876,97.0541000366211,96.1676025390625,96.27020263671876,0,5.0,20260519
2026-05-20,5,96.56580352783205,97.04219818115234,96.3751983642578,96.56580352783205,0,5.0,20260520
2026-05-21,5,96.5282974243164,96.85150146484376,93.18800354003906,96.5282974243164,0,5.0,20260521
2026-05-22,5,96.17389678955078,96.49929809570312,95.44889831542967,96.17389678955078,0,5.0,20260522
2026-05-25,5,95.71949768066406,95.85350036621094,85.86289978027344,95.71949768066406,0,5.0,20260525
2026-05-26,5,95.25279998779295,95.78600311279295,95.19229888916016,95.25279998779295,0,5.0,20260526
2026-05-27,5,96.06210327148438,96.17780303955078,95.4915008544922,95.90499877929688,0,5.0,20260527
2026-05-28,5,96.04889678955078,96.66580200195312,95.63899993896484,96.04889678955078,0,5.0,20260528
2026-05-29,5,96.04820251464844,96.19529724121094,94.53050231933594,96.04820251464844,0,5.0,20260529
2026-06-01,5,95.00299835205078,95.25420379638672,94.572998046875,95.00299835205078,0,5.0,20260601
2026-06-02,5,95.55139923095705,95.5824966430664,94.93419647216795,95.55139923095705,0,5.0,20260602
2026-06-03,5,95.26300048828124,95.98600006103516,95.26300048828124,95.26300048828124,0,5.0,20260603
2026-06-04,5,96.16449737548828,96.1707992553711,95.59200286865234,96.16449737548828,0,5.0,20260604
2026-06-05,5,95.79029846191406,95.8939971923828,94.86979675292967,95.79029846191406,0,5.0,20260605
2026-06-08,5,94.95030212402344,95.90370178222656,94.95030212402344,94.95030212402344,0,5.0,20260608
2026-06-09,5,95.68830108642578,95.68890380859376,95.17739868164062,95.68830108642578,0,5.0,20260609
2026-06-10,5,95.36029815673828,95.56749725341795,95.07170104980467,95.36029815673828,0,5.0,20260610
2026-06-11,5,95.64450073242188,95.87239837646484,95.29560089111328,95.64450073242188,0,5.0,20260611
2026-06-12,5,95.76010131835938,95.76010131835938,94.78720092773438,95.76010131835938,0,5.0,20260612
2026-06-15,5,95.11029815673828,95.1103973388672,94.4126968383789,95.11029815673828,0,5.0,20260615
2026-06-16,5,94.74169921875,94.7418975830078,94.38200378417967,94.74169921875,0,5.0,20260616
2026-06-17,5,94.88860321044922,94.88860321044922,94.20670318603516,94.88860321044922,0,5.0,20260617
2026-06-18,5,94.85890197753906,94.9302978515625,94.18009948730467,94.85890197753906,0,5.0,20260618
2026-06-19,5,94.3397979736328,94.59310150146484,94.11820220947266,94.33989715576172,0,5.0,20260619
2026-06-22,5,94.3302993774414,94.777099609375,94.17649841308594,94.3302993774414,0,5.0,20260622
2026-06-23,5,94.70059967041016,94.8853988647461,94.3927001953125,94.70059967041016,0,5.0,20260623
2026-06-24,5,95.18370056152344,95.18379974365234,94.22750091552734,95.18370056152344,0,5.0,20260624
2026-06-25,5,94.4406967163086,94.5291976928711,93.91510009765624,94.4406967163086,0,5.0,20260625
2026-06-26,5,94.38500213623048,94.38999938964844,94.38500213623048,94.38500213623048,0,5.0,20260626
